:020000040800F2
:100000009037002049020008F927000891220008D3
:10001000F5270008E71F00083F2F00080000000038
:10002000000000000000000000000000212A00087D
:10003000EB1F00080000000089280008392B000889
:1000400063020008630200086302000863020008FC
:1000500063020008630200086302000863020008EC
:1000600063020008630200086302000863020008DC
:1000700063020008630200086302000863020008CC
:1000800063020008630200086302000863020008BC
:1000900063020008630200086302000863020008AC
:1000A000630200086302000863020008630200089C
:1000B00063020008A52B0008630200086302000821
:1000C000630200086302000863020008630200087C
:1000D00063020008112D0008630200086302000893
:1000E000630200086302000863020008630200085C
:1000F000630200086302000863020008630200084C
:10010000630200086302000863020008630200083B
:10011000630200086302000863020008630200082B
:10012000630200086302000863020008630200081B
:10013000630200086302000863020008630200080B
:1001400063020008630200086302000863020008FB
:1001500063020008630200086302000863020008EB
:1001600063020008630200086302000863020008DB
:1001700063020008630200086302000863020008CB
:10018000630200086302000800F002F800F04CF877
:100190000AA090E8000C82448344AAF10107DA45E2
:1001A00001D100F041F8AFF2090EBAE80F0013F0E8
:1001B000010F18BFFB1A43F001031847C0D300001A
:1001C000E0D30000103A24BF78C878C1FAD85207AB
:1001D00024BF30C830C144BF04680C6070470000C1
:1001E0000023002400250026103A28BF78C1FBD840
:1001F000520728BF30C148BF0B607047662903F023
:100200000382642900F05486002070471FB503F074
:10021000F6F901F0BFF904000020002103F062F9B3
:10022000E0601FBD10B510BD01F0B4FA1146FFF734
:10023000EDFF02F015FF01F0D2FA03B4FFF7F2FF71
:1002400003BC02F09DFE00000948804709480047B2
:10025000FEE7FEE7FEE7FEE7FEE7FEE7FEE7FEE776
:10026000FEE7FEE704480549054A064B70470000D3
:100270003D2B0008890100089031002090370020B4
:100280009033002090330020DFED300AB5EEC00A35
:1002900060EE200ABDEEE01A11EE100AF1EE10FA3F
:1002A00038BF401E00EE100A9FED291AB8EEC00AB2
:1002B00070EEC00A20EE810ABCEEC00A10EE100AF1
:1002C00000EE100A0028B8EEC00A10EE810AB8BF8E
:1002D000002004DBB0F5807FC8BF4FF480701D495B
:1002E00060EE000AB6EE001ADFED1C2A9FED1A2A16
:1002F00060EE011A60EE225A20EE813A20EE022AC8
:1003000021EEA01A01EB800073EE655A62EE202AFE
:10031000B7EE006A33EE003AD0EC043A76EE611A9A
:1003200071EE600A35EEE20A33EE413A32EEC21A5D
:1003300070EEA10A20EE230A64EE831A04EE200A6E
:1003400045EE011A31EE800A7047000083F9223E23
:1003500000008043B8440008ABAA2A3EABAAAA3EDC
:10036000DFED300AB5EEC00A60EE200ABDEEE01AFD
:1003700011EE100AF1EE10FA38BF401E00EE100A1E
:100380009FED291AB8EEC00A70EEC00A20EE810A6D
:10039000BCEEC00A10EE100A00EE100A0028B8EEFB
:1003A000C00A10EE810AB8BF002004DBB0F5807FE0
:1003B000C8BF4FF480701D4960EE000AB6EE001A07
:1003C000DFED1C2A9FED1A2A60EE011A60EE225A18
:1003D00020EE813A20EE022A21EEA01A01EB8000E5
:1003E00073EE655A62EE202AB7EE006A33EE003AE9
:1003F000D0EC043A76EE611A71EE600A35EEE20A4C
:1004000033EE413A32EEC21A70EEA10A20EE230A10
:1004100064EE831A04EE200A45EE011A31EE800ADA
:100420007047000083F9223E00008043C84800085E
:10043000ABAA2A3EABAAAA3E9FED3A0A5FEA920C0B
:1004400053D000BFF0EC010A0B1DB0EC011A60EEB6
:10045000A00A41EE010AF5EEC00AF1EE10FAC6BF9D
:10046000B1EEE01A81ED001A81ED000AF0EC010A0C
:10047000191DB0EC011A60EEA00A41EE010AF5EE7A
:10048000C00AF1EE10FAC6BFB1EEE01A83ED001A11
:1004900083ED000AF0EC010A0B1DB0EC011A60EECE
:1004A000A00A41EE010AF5EEC00AF1EE10FAC6BF4D
:1004B000B1EEE01A81ED001A81ED000AF0EC010ABC
:1004C000191DB0EC011A60EEA00A41EE010AF5EE2A
:1004D000C00AF1EE10FAC6BFB1EEE01A83ED001AC1
:1004E00083ED000ABCF1010CACD112F0030208BF8D
:1004F000704700BFF0EC010A0B46B0EC011A091D71
:1005000060EEA00A41EE010AF5EEC00AF1EE10FA23
:10051000C6BFB1EEE01A83ED001A83ED000A521E49
:10052000E8D17047000000002DE9F04F8D082DED57
:10053000048B82B00026AC463446019506EB0C09CC
:1005400009EB0C0A0AEB0C0800EBC60700EBC90923
:1005500000EBCA0A00EBC80897ED003AD9ED003A63
:10056000DAED006A98ED006A97ED010ADAED014ACA
:1005700033EE265A73EE860A99ED014AD8ED015AF8
:1005800030EE241A4FEA440B02EBCB0E70EE644AB5
:1005900074EE251A35EE200A9EED002ADEED012AC2
:1005A00087ED000A31EE210A73EEC63A34EE656A31
:1005B00087ED010A35EE600A33EE663A71EE610AA4
:1005C00002EBC40774EEE35A33EE064A97ED005A85
:1005D00073EEA41AD7ED014A33EE461A24EE056AEB
:1005E0000BEB040725EE855A02EBC70760EE026AA3
:1005F00065EEA45A24EE244A97ED003AD7ED013A6D
:1006000060EEA24A20EE822A21EE037A20EE220A30
:1006100061EEA30A21EE833A61EE231A76EEA42A54
:1006200032EE400A36EE251A75EE443AC9ED002A3C
:1006300077EE200A89ED010A73EE611A8AED001A3D
:10064000CAED013AC8ED000A761CC8ED011A1C4437
:100650006D1E7FF473AF4FF6FF7404EA830B019BAA
:100660000093042B7DD966464FEA9C0C4FF000089E
:10067000C146ACF1010E00BF4FEA480303EB08048A
:1006800002EBC30302EBC80593ED003AD3ED014A38
:1006900002EBC40395ED005AD5ED015A93ED006AC3
:1006A00093ED014AD8444B4603EB0C0404EB0C07D2
:1006B00007EB0C0A00EBC30500EBC70700EBC40413
:1006C00000EBCA0AD5ED003A97ED007AD4ED008A26
:1006D0009AED008A95ED010AD4ED010AD7ED017A71
:1006E000DAED011A33EEC72A70EE676A70EEE12A7E
:1006F00033EE877A78EE883A30EE270A38EEC81A59
:1007000070EEA11A72EE227A32EE622A77EE232A76
:1007100070EE618A36EEC18A30EE210A77EE630A06
:1007200031EE261AC5ED002A85ED010A28EE050AEC
:1007300067EE856A28EE258A20EE837A20EEA49A59
:1007400068EE831A62EE062A61EE063A62EE040A49
:1007500067EEA57A68EEA48A21EE041A36EE882A9E
:1007600000E027E077EE286A71EEC91A30EE670ADA
:10077000C4ED006A32EE811AC4ED011A73EEE00A8C
:1007800087ED002A87ED010A8AED001A3344CAED8D
:10079000010A8B4288D309F10109F1457FF66CAF5C
:1007A0004FF6FF7303EA8B0B009B9B080093042B0F
:1007B0003FF659AFDDF8041090ED000AD0ED042AA1
:1007C00090ED025A90ED031AD0ED064A90ED073AEB
:1007D00030EE222AD0ED011AD0ED050A75EE243A4A
:1007E00031EE034A30EE620A71EEA02A31EE431A6E
:1007F00032EE233A71EEE00A75EE641A72EE844A24
:1008000032EE632A72EEC43A80ED003A70EE012AAD
:10081000C0ED014A30EEE14A80ED022A30EE410A95
:10082000C0ED033A71EEA00AC0ED042A80ED054A3E
:1008300080ED060AC0ED070A2030491EBCD102B087
:10084000BDEC048BBDE8F08F2DE9F04F4FEA910A23
:100850002DED048B82B00024D446A046CDF804A030
:1008600004EB0C0505EB0C0606EB0C0900EBC407CA
:1008700000EBC60600EBC50500EBC909D7ED011A70
:10088000D6ED012A95ED006AD9ED006AD7ED005A40
:1008900096ED007AD5ED010A99ED011A36EE262A79
:1008A00071EEA23A35EE873A71EEE21A30EE815AD5
:1008B00070EEC12A4FEA480B02EBCB0E73EE020A30
:1008C0009EED004ADEED014AC7ED000A73EE850A8F
:1008D00036EE666A75EEC75AC7ED010A33EE422A54
:1008E00002EBC80731EE861A33EEC53A71EEC61A2E
:1008F00097ED006A97ED015A75EEE20A0BEB0807D7
:1009000002EBC70775EEA22AD7ED005AD7ED013AE0
:1009100060EE866A22EE047A62EEA57A23EE044A3D
:1009200021EE066A61EEA55A60EE850A23EE243AAE
:1009300022EE242A21EE051A61EEA31A62EEA32A02
:1009400076EE203A37EE433A74EE020A36EEC11ADA
:1009500085ED003A77EEE11AC5ED010A35EEA22ADF
:1009600086ED001AC6ED013AC9ED001A641C89ED46
:10097000012A9844BAF1010A7FF472AF4FF6FF746E
:1009800004EA830B019B0093042B7CD966464FEA53
:100990009C0C4FF00008C146ACF1010E4FEA480331
:1009A00003EB080402EBC30302EBC805D3ED003AE6
:1009B00093ED017A02EBC403D5ED006AD5ED015A3F
:1009C000D3ED004A93ED013AD8444B4603EB0C04B7
:1009D00004EB0C0707EB0C0A00EBC30500EBC707A1
:1009E00000EBC40400EBCA0A95ED012A97ED018AD9
:1009F00095ED001AD4ED008AD4ED017A97ED009AB6
:100A0000DAED001ADAED010A32EE485A71EE492A9F
:100A100038EEE14A32EE082A37EEA08A37EEE06A75
:100A200078EEA11A31EE091A75EE048A72EEC67AD2
:100A300072EE862A71EE610A31EE211A35EE444AD1
:100A400032EE489A85ED001A32EE081A28EEA66AB0
:100A500027EEA65A68EEA58A85ED011A20EEA31AA4
:100A600069EE231A22EEA42A24EE248A67EEA57AE0
:100A700029EE079A60EE870A24EE034A62EE832A83
:100A800035EE685A00E027E036EE276A71EE497AC3
:100A900031EEA01A72EE440AC4ED007A84ED011A18
:100AA00078EE221A87ED005A87ED016ACAED000A36
:100AB0003344CAED011A8B4288D309F10109F1458B
:100AC0007FF66CAF4FF6FF7303EA8B0B009B9B081E
:100AD0000093042B3FF65AAFDDF8041090ED003A76
:100AE000D0ED044AD0ED032A90ED071A90ED024AAA
:100AF000D0ED061AD0ED013AD0ED050A33EE242AE6
:100B000072EE815A33EE643A34EE215A73EEA04A03
:100B100073EEE03A32EEC11A74EE610A32EE454AE3
:100B200072EE052A74EEA51A34EEE55A73EE414AC8
:100B300033EEA02A33EE011A33EEE03A62EE805A29
:100B400061EE800A64EE003A65EE002AC0ED005ABC
:100B500064EE801AC0ED010A22EE002AC0ED023ACE
:100B600021EE004AC0ED032A23EE001AC0ED041A5C
:100B700080ED052A80ED064A80ED071A2030491ED7
:100B8000ACD102B0BDEC048BBDE8F08F70B504466B
:100B90000D4680782188A389626801280ED02846F6
:100BA000FFF7C2FCE078012818BF70BDE2892188F8
:100BB0002846A368BDE8704000F066B894ED040ACA
:100BC0002846FFF741FEEDE710B40180234C446056
:100BD00082704FF0000CC370B1F5807F20D004DC30
:100BE00010292FD0402906D122E0B1F5806F0FD017
:100BF000B1F5805F04D04FF0FF3C10BC60467047F9
:100C000001218181C18116499FED160A816016E09C
:100C100004218181C18114499FED140A81600EE095
:100C200010218181C18112499FED120A816006E085
:100C300040218181C18110499FED100A816080EDC2
:100C4000040ADAE74FF480718181C1810C499FED7C
:100C50000D0A816080ED040ACFE70000D45400083B
:100C6000D44C000800008039DA4C00080000803ABB
:100C7000F24C00080000803B524D00080000803C10
:100C8000D24E00080000803D2DE9F0014E080124FD
:100C90004FF0000C04EB51076146A6F102082CE06E
:100CA00061452AD200EBCC0500EBC104D5ED000A6A
:100CB00094ED000AC4ED000A85ED000AD5ED010AA5
:100CC00094ED010AC4ED010A85ED010ACC1900EB8F
:100CD000C4050CEB070400EBC40495ED000AD4ED49
:100CE000000AC5ED000A84ED000AD4ED010A95ED75
:100CF000010AC5ED010A84ED010A00EBC104B44408
:100D000000EBCC0C94ED020ADCED000A891CC4ED6A
:100D1000020A8CED000ADCED010A94ED030AC4ED31
:100D2000030A8CED010AB3F800C089B203EB420359
:100D30004145B5D9BDE8F00170472DE9F00701251F
:100D40004C0805EB51064FF0000C651E6146002D66
:100D500088BFA8462ED8BDE8F0077047614529D264
:100D600050F8315050F83C7040F8317040F83C5029
:100D700000EBC10700EBCC097D68D9F804A0C7F8E7
:100D800004A0C9F804508D190CEB060750F83590F3
:100D900050F837A040F835A040F8379000EBC50573
:100DA00000EBC707D5F80490D7F804A0C5F804A055
:100DB000C7F8049000EBC105A444AF6850F83C901C
:100DC000C5F8089040F83C7000EBCC0CEF68DCF8FC
:100DD0000490C5F80C90CCF80470B3F800C0891CDE
:100DE00003EB42034145B9D3BDE8F00770472DE955
:100DF000F00F01244D084FF0000C04EB5107012DBA
:100E00009CBFBDE8F00F7047014600EB8704002649
:100E10004FEA550815E000BFBCEB460F11D950F85A
:100E20002CA0D1F80090C1F800A040F82C900CEB59
:100E30000709D4F800A050F829B0C4F800B040F871
:100E400029A0AC44D1F8049050F82CA0C1F804A01B
:100E500040F82C90B3F800C008310834761C03EB3E
:100E60004203B8F10108D7D1BDE8F00F70477047D1
:100E70000FB4044910B503AA029800F079FB10BC26
:100E80005DF814FB0C0000200FB41CB5074B06AA3C
:100E90007B4469460090059800F051FB00206946AC
:100EA00000F060FB1CBC5DF814FB0000D1060000E4
:100EB0002DE9F0410646002410687529314616A533
:100EC00010D0AFF30080002802DA404213A507E0FB
:100ED00031688A0701D512A502E0490704D511A59A
:100EE000012401E0AFF3008000210A2206F124076B
:100EF00009E0B0FBF2FCB0FBF2F302FB1C00303067
:100F000078541846491C0028F3D123462A46304617
:100F1000BDE8F04100F0A8B8000000002D0000007E
:100F20002B000000200000002DE9F05F89460446F8
:100F30004FF0000ADFF824B1FB44C0F820A020469F
:100F4000E168884700287DD0252806D0D4E9012112
:100F50009047206A401C2062F1E700255F4620464A
:100F6000E16888472028064607DB312E05D2B819EC
:100F700010F8200C08B10543F1E7A80701D525F0CA
:100F80000405C4F81CA00027C4F818A02A2E09D014
:100F9000304601F0EEFF38B304EB8708303EC8F866
:100FA000186019E059F8041B204604EB8702916190
:100FB000E1688847012F064618D1E069002820DA49
:100FC00025F020051DE0D8F8180000EB800006EBA6
:100FD00040003038C8F818002046E16888470646C7
:100FE00001F0C7FF0028EED1012F0AD02E2E08D124
:100FF0002046E16888477F1C0646022F45F0200501
:10100000C4DBA069002803DA404245F00105A06175
:10101000E80701D025F01005A6B1A6F14100192876
:1010200002D8203645F400654A4631462046256000
:101030004D46FFF7E3F860B1012807D0ED1D25F01C
:10104000070000E007E000F1080978E705F104096E
:1010500075E730467AE7206ABDE8F09F98C5000042
:1010600070477047704770472DE9F0470D46994625
:101070009246044600F124080168880604D5E06918
:1010800021F01001216000E00120A84201DD471B92
:1010900000E00027A1697A1902EB0900081AA06193
:1010A0002078C00602D42046AFF30080002608E076
:1010B000D4E901211AF806009047206A401C761CEA
:1010C00020624E45F4DB2078C0060AD52046AFF3F7
:1010D000008006E0D4E9012130209047206A401CBE
:1010E0002062381EA7F10107F4DC07E0D4E90121F2
:1010F00018F805009047206A401C2062281EA5F1C0
:101100000105F3DC2046AFF300802078000602D50D
:101110000220BDE8F0870120FBE770472DE9FF4F73
:101120000C461E464FF0FF378BB0D2E90001DDF8C8
:1011300060800A908A46C1F30A5505B93D460021F0
:1011400008464FF00000BAF1000F00F4400005DA45
:1011500000EB80004FF4400101EA50004FEA905943
:10116000B9F1010F00DDB9460A9850EA4A000ED0E5
:1011700044F61050A5F2FF3545432F14B8F1000F87
:101180001ED07542291E1EDDC9F100021CE0B8F117
:10119000010F4FF0000001D0302103E0F24305E0E1
:1011A0002154401CB042FBDB304600220021215478
:1011B0000B99C1F80880C1E900200FB0BDE8F08F9D
:1011C000BD1B6D1CDEE74A4600DA694206A800F046
:1011D0006BFA06AB93E8070003AB83E807005046C1
:1011E0000A9900F045FB8DE80700A0F500501F3874
:1011F00000900398002D09DD42F21F014A46084481
:1012000003A90390684600F0A4FD08E0A0F5005093
:101210004A461F3803A90390684600F0AEFD8DE8EA
:1012200007000004000C03D04FF0FF30410800E03D
:101230001046B8F1000F03D00022009215461EE0C0
:10124000751E05D400F0AAF9303262556D1EF9D52D
:10125000B3460122084302D000227F1C04E020781C
:10126000302801D100227F1E002A099786D01DE078
:10127000112D07DA00F092F9303262556D1C50EAF8
:101280000102F5D1084302D00098C8B10EE0002158
:10129000681E05E0235C625C63542254401E491CB6
:1012A0008142F7DBAB46A81B401E0990002004F8E2
:1012B0000B000B98099AC0F80880C0E9002B7CE766
:1012C00011264FF0000859E72DE9F04F88460446F3
:1012D000D21D22F0070191B0D1E90001CDE90A0148
:1012E00001F02FFE02460B98C00F01D02D2007E021
:1012F0002068810701D52B2002E0202101EAC000EF
:10130000032A099001D0072A05DB034641462046FF
:1013100000F08AF90BE12078800601D5E06900E051
:101320000620B8F1650F814606D0B8F1660F18D0D7
:10133000B8F1670F70D131E00020B9F1110F0090C2
:1013400001DB112301E009F101030AAA01A90CA89C
:10135000FFF7E4FEDDE90C70002609F10105834684
:1013600047E001204B4600904FF000470AAA01A930
:101370000CA8FFF7D3FEDDE90DB00C995D46002601
:1013800010B909F101000D18B9EB050003D4C0F143
:10139000FF3609F10105A5EB09002BE0B9F1010FBA
:1013A00001DA4FF001090020B9F1110F0090484611
:1013B00001DD112300E003460AAA01A90CA8FFF7EA
:1013C000ADFEDDE90C704D4600268346207800070F
:1013D0000AD4AB4500DA5D4601A8012D04DD4119B0
:1013E00011F8011C302907D04F4502DA17F1040F1C
:1013F00004DA012082460FE06D1EEEE7002F02DCCA
:10140000ED1B3E4403E0781CA84200DD7D1CB81BA8
:1014100000F1010A4FF000472078000703D4AA45E5
:1014200001DB4FF0FF3A0021B7F1004F0DF1430807
:101430008DF8431024D002202B23002F01DA7F42A5
:101440002D230A21021EA0F1010000DC5FB197FBF1
:10145000F1FC97FBF1F201FB1C7C17460CF1300C00
:1014600008F801CDEEE7A8F1010003702188090515
:1014700001D5452100E06521A0F1010800F8011C1B
:1014800009980FA9A1EB0807FF1D00B10120411920
:1014900001EBEA70A1693844081A401EA061207867
:1014A000C00602D42046AFF30080099828B1D4E9E1
:1014B00001219047206A401C20622078C00622D576
:1014C0002046AFF300801EE0002E04DBB34502DDB2
:1014D00001A8805D00E03020D4E901219047206A16
:1014E000401C2062761CAAF101005FEA000A0AD1C2
:1014F00000F050F8C0680168405CD4E901219047D1
:10150000206A401C2062281EA5F10105DCDC07E0F2
:10151000D4E9012118F8010B9047206A401C206291
:10152000381EA7F10107F3DC2046AFF3008003204B
:1015300011B043E601694A1C02610878704700B5A2
:101540008FB0CDE901310021059105497944CDE9FC
:10155000031011466846FFF7E7FC0FB000BD00001E
:10156000E5FFFFFF0A6802F8010B0A607047000000
:10157000074B70B50D467B44FFF7E1FF0446284654
:1015800000F000F910B14FF0FF3070BD204670BD83
:10159000CB1A0000004870474C31002030B5B0F144
:1015A0000A024FEA900E71F100034EEA817EB0EB21
:1015B0000E0061EB91014FEA101E4EEA017E10EB26
:1015C0000E0041EB11114FEA102E4EEA016E10EBA6
:1015D0000E0041EB11214FEA104E4EEA014E10EB86
:1015E0000E0041EB1141401841F100014FEAD000DB
:1015F00040EA41704FEAD10110EB80054FEA8104C7
:1016000044EA907444EB01046D1944EB0404521B4A
:10161000A3414FF0000348BF0A3200D530BD401C43
:1016200041F1000130BD00002DE9F0411F460446A4
:1016300003260168072A01F4006004DB08B116A53F
:1016400005E016A503E008B115A500E015A521F0F9
:1016500010002060A069C01EA0610FB1401EA061F3
:101660002046AFF300804FB1D4E9012138469047BE
:10167000206A401C2062C01C206206E0206AFAE753
:10168000D4E9012115F8010B9047761EF8D22046C7
:10169000AFF30080BDE8F0814E414E006E616E00F8
:1016A000494E4600696E66002DE9F04781461646B0
:1016B0008AB0334878440DC88DE80D00304878442E
:1016C000801C03AC0DC884E80D0041F69B30084433
:1016D000372190FBF1F290FBF1F5A5F1800501FBBC
:1016E00012041B3C02D56442012000E00020DFF818
:1016F00090A080460027FA44AAF1BE0A0DE0E00758
:1017000009D03246684607EB47010AEB810100F039
:1017100034FB8DE8070064107F1C002CEFD1184FBC
:101720007F44AC3F18E0E80714D007EB04100DF13C
:10173000180A90E80E008AE80E00C068F04201D155
:1017400098190890324606A903A800F016FB03ABCF
:1017500083E807006D10641C002DE4D13246694611
:10176000B8F1000F03A802D000F0F3FA01E000F096
:1017700004FBC9E90001C9F808200AB0BDE8F087F8
:10178000ACBE0000007B00F080007047004870474E
:101790002C3100207546FFF7F9FFAE46050069467B
:1017A000534620F00700854618B020B5FEF75AFDD5
:1017B000BDE820404FF000064FF000074FF0000852
:1017C0004FF0000B21F00701AC46ACE8C009ACE8D3
:1017D000C009ACE8C009ACE8C0098D46704710B537
:1017E0000446AFF300802046BDE81040FEF725BD5B
:1017F0004FF0013C50F8042B51F8043B9A4221D1A0
:10180000A2EB0C03934313EACC1317D150F8042B2B
:1018100051F8043B9A4215D1A2EB0C03934313EA0F
:10182000CC130BD150F8042B51F8043B9A4209D148
:10183000A2EB0C03934313EACC13DBD04FF0000070
:10184000704700BFD01A01BAB1FA81F101F0180156
:1018500022FA01F0CB40C1F12001DBB2C0B2C01AC4
:101860002CFA01F3D11A914311EAC311E6D1704762
:101870005FEA400C08BF91F0000F4FEA8C234FEA5B
:10188000C12243EA51514FEA1C5018BF00F5F04005
:101890004FEA300018BF41F000415FEA6C5C00F095
:1018A0002980BCF1FF3F08BF40F080407047130C17
:1018B00006BF12044FF0100C4FF0000C130E04BFC3
:1018C00012020CF1080C130F04BF12010CF1040CEE
:1018D000930F04BF92000CF1020CD30F04BF52000F
:1018E0000CF1010C11464FF00002A0F11F00A0EB1B
:1018F0000C00704711F0004F08BF704731F00041F5
:101900003FF4D5AF0B0C06BF09044FF0100C4FF09D
:10191000000C0B0E04BF09020CF1080C0B0F04BFE6
:1019200009010CF1040C8B0F04BF89000CF1020CAF
:10193000CB0F04BF49000CF1010CCCF12003A0EB4C
:101940000C0022FA03F302FA0CF241EA030100F15F
:101950000100704720F07F4C80EA030023F07F47AE
:10196000ACEB070303F57C5300F0004003F1FF03E9
:101970002DE980494FEA154B09B44FEA144325EA93
:101980000B4E24EA03480FF2042606EB13274908FE
:101990003E785FEA320203FB0667C7F5000707FBE4
:1019A00006F64FEA54374FEAD64606F1020607FB21
:1019B000066CCCF1005C4FEA1C472CEA074C07FB95
:1019C00006F40CFB06F504EB15464FEA961634BFF9
:1019D00000204FF000404FEAD13706FB07FC4FEAEA
:1019E0001C4C0CFB0BF7D21B03FB0CF761EB070144
:1019F0000CFB0EF7B0EB074072EB17420CFB08F73D
:101A000034BFA2EB0742B2EB074261EB17414FEA4A
:101A10000C444FEA910706FB07FC4FEA1C4C0CFBF9
:101A20000BF7B0EBC74072EB573203FB0CF734BF38
:101A3000A2EBC742B2EBC74261EB57310CFB0EF78A
:101A4000B0EBC70072EB57720CFB08F734BFA2EB88
:101A5000C702B2EBC70261EB5771039F4FEA816186
:101A600041EA921104EBCC044FEAD1374FEA82628B
:101A700006FB07FC42EA90124FEA80604FEA1C4CDA
:101A80000CFB0BF7D21B03FB0CF761EB07010CFB04
:101A90000EF7B0EB074072EB17420CFB08F734BFB0
:101AA000A2EB0742B2EB074261EB17414FEA8C55BC
:101AB0004FEA910704EB9C2406FB07FC4FEA1C4C01
:101AC0000CFB0BF7B0EBC74072EB573203FB0CF784
:101AD00034BFA2EBC742B2EBC74261EB57310CFBFC
:101AE0000EF7B0EBC70072EB57720CFB08F734BF70
:101AF000A2EBC702B2EBC70261EB577115EB4C25A5
:101B00004FEA816141EA92114FEA82624FEAD1378E
:101B100042EA901206FB07FC44F100044FEA8060A1
:101B20004FEA1C4C0CFB0BF7D21B03FB0CF761EBD1
:101B300007010CFB0EF7B0EB074072EB17420CFBF2
:101B400008F734BFA2EB0742B2EB074261EB174143
:101B500015EB1C154FEA813141EA92414FEA82327E
:101B600042EA90424FEA80304FEA0C7644F100049A
:101B700048EA03434EEA0B484FF0000EB2EB080C64
:101B800071EB030724BF624639464EEB0E0E4FF051
:101B9000000B0018524149414BEB0B0BB2EB080C08
:101BA00071EB03077BF1000B24BF624639464EEB15
:101BB0000E0E4FF0000B0018524149414BEB0B0B3E
:101BC000B2EB080C71EB03077BF1000B24BF6246FC
:101BD00039464EEB0E0E51EA020718BF46F00106D9
:101BE00016EB0E7655F1000254F1000103D5BDE865
:101BF0008901BDE80088BDE88901BDE80048B61943
:101C0000524141EB0101A3F10103704780807F7EC7
:101C10007D7C7B7A79787776767574737271717062
:101C20006F6E6E6D6C6C6B6A6A6968686766666514
:101C30006464636362616160605F5F5E5E5D5D5CA2
:101C40005C5B5B5A5A595958585757565655555513
:101C50005454535352525251515050504F4F4F4E73
:101C60004E4D4D4D4C4C4C4B4B4B4A4A4A494949C1
:101C70004848484747474746464645454544444403
:101C8000444343434342424242414141002B26D414
:101C9000770021D01CB54FEA370703B44FF010008E
:101CA0004FF010014FF000000FBCBDE810400BF1E9
:101CB000010BBBF1010F08BF5FEA170722BF12F14A
:101CC000010211F101014FF0004143F1000300F066
:101CD000004043EA00007047F9D35708DAE746EAC4
:101CE000064613F1400F4FEA16461FDD13F1200F91
:101CF000DFBF16430A46002120335B42C8D0C3F140
:101D0000200746EA064602FA07F74FEA164646EA71
:101D10000706C3F1200722FA03F201FA07F721FAB6
:101D200003F14FF0000342EA0702B1E746EA020678
:101D300046EA06464FEA164646EA0106BCBF46EAB0
:101D40000646360C4FF000034FF000024FF0000142
:101D50009EE72DE9C048934630B491E8380007C8A3
:101D600031EA400C48BF34EA430C03D5FFF7F2FDDB
:101D7000FFF78CFFF0BCBDE800882DE9C048934612
:101D800030B491E8380007C810F0804F08BF13F056
:101D9000804F03D100F005F8FFF778FFF0BCBDE8F5
:101DA000008820F07F4780EA030023F07F4C07EB98
:101DB0000C03A3F57C5300F00040A3F1FE0392F066
:101DC000000F00F0B38095F0000F00F077802DE950
:101DD00001494FEA11404FEA144621EA004800FB4E
:101DE00006FC24EA064708FB06F607FB08F800FB9A
:101DF00007F718EB06484CEB164C4FEA124B18EB62
:101E000007484FEA15464CEB174022EA0B4E0BFBF6
:101E100006FC25EA06470EFB06F607FB0EFE0BFB4B
:101E200007F71EEB064E4CEB164C4FF000061EEB70
:101E3000074E4CEB174B18EB0B0840F1000018EB6A
:101E40000E0B58EB000840F100008F1A4FF0000114
:101E50003CBFC943661B14BFB5EB040C00213CBF5B
:101E6000C943F61B4FEA17444EEA8E0E27EA044593
:101E70004FEA1C4704FB07622CEA074C05FB07F7F7
:101E80000CFB05F604FB0CFC16EB074642EB174275
:101E900016EB0C4642EB1C421BEB060658EB02020B
:101EA000414146EA9E0601D5BDE80189B619524175
:101EB00041EB0101A3F10103BDE801894FEA14459B
:101EC0004FEA114724EA054621EA074C05FB07F4CF
:101ED00006FB07F70CFB06F105FB0CFC11EB0741B9
:101EE00044EB17444FEA124711EB0C4144EB1C44FE
:101EF00022EA074C05FB07F206FB07F70CFB06F688
:101F000005FB0CFC16EB074642EB174216EB0C46A2
:101F100042EB1C456A1854F1000148BF7047B619DE
:101F2000524141EB0101A3F10103704795F0000F0D
:101F300037D04FEA11424FEA144721EA024624EA19
:101F4000074C02FB07F106FB07F70CFB06F402FB4C
:101F50000CFC14EB074441EB17414FEA154714EB17
:101F60000C4441EB1C4125EA074C02FB07F506FB3C
:101F700007F70CFB06F602FB0CFC16EB074645EBDD
:101F8000174516EB0C4645EB1C42121951F10001A6
:101F900048BF7047B619524141EB0101A3F101035B
:101FA00070474FEA14454FEA114724EA054621EAF3
:101FB000074C05FB07F106FB07F70CFB06F24FF099
:101FC000000605FB0CFC12EB074241EB174112EB3C
:101FD0000C4251EB1C4148BF7047921841EB010184
:101FE000A3F10103704700BFFEE77047F0B50A4652
:101FF00000210023002400BF3DE0012505FA01F384
:10200000156805EA03049C4234D105684F00032695
:10201000BE40B543056015794E00B54006683543AE
:1020200005601579012D02D01579022D16D185682C
:102030004F000326BE40B543856055794E00B5403C
:10204000866835438560456801268E40B543456006
:10205000456896798E40B6B235434560C5684F00F5
:102060000326BE40B543C560D5794E00B540C6686D
:102070003543C560491C1029BFD3F0BDF0B500231E
:1020800000244D07ED0E02FA05F3CE1000F12005F5
:1020900055F826504E07F70E0F26BE40B543CF1019
:1020A00000F1200646F82750CE1000F1200555F823
:1020B000265045EA0304CE1000F1200545F82640DD
:1020C000F0BD0246002013690B400BB1012000E077
:1020D0000020704741837047018370472DE9F84F16
:1020E0000746884693469A46DDF828900097B3E065
:1020F00099F8000080283DDA99F800600D2E05D18E
:10210000009F08F110001FFA80F830E0202E03DD58
:10211000A6F1200086B200E00026002422E000257F
:102120001CE004EB06105049085C8021294108405E
:1021300040B108EB040291B27A1990B25A4600F00D
:1021400097F809E0D34507D008EB040291B27A1959
:1021500090B2524600F08CF8681CC5B2082DE0DB46
:10216000601CC4B2102CDADB07F1080087B209F159
:10217000010971E0002668E006EB06103B4911F802
:10218000100099F8001088425DD106EB061037491F
:1021900001EB4000407899F80110884253D10024A7
:1021A0004FE0002520E006EB0610304901EB40002F
:1021B000801C10F8141080202841014041B108EB28
:1021C000040291B27A1990B25A4600F051F809E02F
:1021D000D34507D008EB040291B27A1990B2524667
:1021E00000F046F8681CC5B2082DDCDB002524E0B1
:1021F00006EB06101D4901EB4000801C012101EB9C
:102200004401405C80212941084048B108EB0402A8
:1022100091B27A19083290B25A4600F029F80AE0D1
:10222000D34508D008EB040291B27A19083290B273
:10223000524600F01DF8681CC5B2082DD8DB601CA2
:10224000C4B2102CADDB701C86B2062E94DB09F1F3
:10225000020907F1100087B299F8000000287FF406
:1022600047AFBDE8F88F00000C3600087E43000839
:1022700070B504460D461646681C83B2601C82B2D7
:102280002946204600F058FA304600F0C1F870BDEB
:1022900000BFFEE71CB50121052000F0F7FA42F26D
:1022A0000200009000208DF8040003208DF8050046
:1022B00001208DF8070069460948FFF797FE0120C5
:1022C000009000208DF8040003208DF80500022006
:1022D0008DF8070069460348FFF788FE1CBD000023
:1022E000000802400000024010B5044614B101206D
:1022F000244908702348007868B302212248FFF778
:10230000E0FE58B14FF400511F48FFF7DAFE28B144
:1023100001211E48FFF7D5FE01281CD10A2000F03C
:102320004FFE00201749087002211748FFF7C9FE29
:1023300008B9012010BD4FF400511348FFF7C1FE4A
:1023400008B90220F6E701211048FFF7BAFE01287C
:1023500015D10320EEE702210B48FFF7B2FE01285A
:102360000DD141030848FFF7ACFE012807D1012138
:102370000648FFF7A6FE10B90120024908700020A8
:10238000D8E70000040000200008024000000240DE
:102390001CB50121062000F079FA4FF4704000903E
:1023A00001208DF8040000208DF8060003208DF830
:1023B000050001208DF8070069461348FFF716FE57
:1023C000C020009001208DF8040000208DF8060048
:1023D00003208DF8050001208DF8070069460B48A1
:1023E000FFF704FE4FF480410748FFF775FE802198
:1023F0000648FFF771FE80210448FFF76BFE80213D
:102400000248FFF769FE1CBD0004024000080240BC
:1024100010B504464FF480510948FFF75BFE402198
:102420000848FFF759FE201200F0D4FAE0B200F09D
:10243000D1FA4FF480510248FFF74EFE10BD000064
:1024400000040240000802401CB50121092000F0F0
:102450001DFA4FF48070009001208DF804000020D8
:102460008DF8060003208DF8050001208DF8070087
:1024700069460F48FFF7BAFD0420009001208DF84F
:10248000040000208DF8060003208DF805000120CF
:102490008DF8070069460748FFF7A8FD4FF48071E3
:1024A0000348FFF719FE04210248FFF715FE1CBD83
:1024B00000000240000C024070B506467F231A4619
:1024C0000021084600F038F92C2000F07BF90024A8
:1024D00008E0002503E03046FFF79AFF6D1C802DD1
:1024E000F9D3641C802CF4D370BD10B5FFF750FFF6
:1024F00000F00CF9112000F065F9782000F060FD83
:10250000B12000F05FF9012000F044F92C2000F028
:1025100041F92D2000F03EF9B22000F053F90120DE
:1025200000F038F92C2000F035F92D2000F032F9B8
:10253000B32000F047F9012000F02CF92C2000F026
:1025400029F92D2000F026F9012000F023F92C2094
:1025500000F020F92D2000F01DF9B42000F032F930
:10256000072000F017F9C02000F02CF9A22000F09D
:1025700011F9022000F00EF9842000F00BF9C120BF
:1025800000F020F9C52000F005F9C22000F01AF98A
:102590000A2000F0FFF8002000F0FCF8C32000F053
:1025A00011F98A2000F0F6F82A2000F0F3F8C42090
:1025B00000F008F98A2000F0EDF8EE2000F0EAF8CB
:1025C000C52000F0FFF80E2000F0E4F8362000F0FF
:1025D000F9F8C82000F0DEF8E02000F0F3F80F2052
:1025E00000F0D8F81A2000F0D5F80F2000F0D2F84B
:1025F000182000F0CFF82F2000F0CCF8282000F0B1
:10260000C9F8202000F0C6F8222000F0C3F81F20EF
:1026100000F0C0F81B2000F0BDF8232000F0BAF84D
:10262000372000F0B7F8002000F0B4F8072000F0E1
:10263000B1F8022000F0AEF8102000F0ABF8E12075
:1026400000F0C0F80F2000F0A5F81B2000F0A2F861
:102650000F2000F09FF8172000F09CF8332000F0C6
:1026600099F82C2000F096F8292000F093F82E20FD
:1026700000F090F8302000F08DF8302000F08AF85B
:10268000392000F087F83F2000F084F8002000F0A7
:1026900081F8072000F07EF8032000F07BF810207E
:1026A00000F078F82A2000F08DF8002000F072F891
:1026B000002000F06FF8002000F06CF87F2000F0A0
:1026C00069F82B2000F07EF8002000F063F800206D
:1026D00000F060F8002000F05DF89F2000F05AF84C
:1026E000F02000F06FF8012000F054F8F62000F020
:1026F00069F8002000F04EF83A2000F063F8052059
:1027000000F048F8292000F05DF810BD10B54FF436
:1027100080410848FFF7DEFC4FF4967000F050FC53
:102720004FF480410348FFF7D7FC642000F048FCD9
:1027300010BD0000000402402DE9F04104460D46A2
:1027400016461F462A2000F03DF8002000F022F82F
:10275000A11CC8B200F01EF8002000F01BF8B11C4C
:10276000C8B200F017F82B2000F02CF8002000F081
:1027700011F8E91CC8B200F00DF8002000F00AF8CA
:10278000F91CC8B200F006F82C2000F01BF8BDE8D8
:10279000F081000010B504464FF480510748FFF760
:1027A00099FC40210648FFF797FC204600F012F9FB
:1027B0004FF480510148FFF78FFC10BD0004024028
:1027C0000008024010B504464FF480510748FFF757
:1027D00081FC40210648FFF77DFC204600F0FAF816
:1027E0004FF480510148FFF777FC10BD0004024010
:1027F0000008024000BFFEE77047000070B50021EE
:1028000000230F22C4781CB3174C246804F4E0643E
:10281000C4F5E064C4F30721C1F10404E3B20A4142
:1028200044789C40E1B28478144021430C07210E87
:102830000E4C05786155047804F01F050124AC4066
:1028400005786D11AD0005F1E025C5F8004109E0FE
:10285000047804F01F050124AC40054D067876117C
:1028600045F8264070BD00000CED00E000E400E0FB
:1028700080E100E002490143024A11607047000014
:102880000000FA050CED00E07047000029B1064A8F
:1028900012680243044B1A6004E0034A1268824340
:1028A000014B1A60704700003038024029B1064AD7
:1028B00012680243044B1A6004E0034A1268824320
:1028C000014B1A60704700004038024029B1064AA7
:1028D00012680243044B1A6004E0034A1268824300
:1028E000014B1A607047000044380240F0B50021E7
:1028F00000220024022500260223324F3F6807F001
:102900000C0121B1042905D0082937D105E02E4F4B
:10291000076036E02D4F076033E02A4F3F1F3F68C6
:10292000C7F38056274F3F1F3F6807F03F036EB144
:10293000264FB7FBF3F7DFF88CC0ACF1040CDCF8E2
:1029400000C0CCF3881C07FB0CF40CE01E4FB7FB57
:10295000F3F7DFF870C0ACF1040CDCF800C0CCF386
:10296000881C07FB0CF4174F3F1F3F68C7F3014754
:102970007F1C7D00B4FBF5F7076002E0124F076093
:1029800000BF00BF0F4F3F6807F0F0010909104F6B
:102990007A5C0768D74047600A4F3F6807F4E05108
:1029A000890A0B4F7A5C4768D7408760054F3F68BC
:1029B00007F46041490B064F7A5C4768D740C7600F
:1029C000F0BD0000083802400024F40000127A0034
:1029D0001200002070B50446002508251BE004F015
:1029E000800028B14FF400410C48FFF775FB04E06C
:1029F0004FF400410948FFF76DFB4FF400510748C1
:102A0000FFF768FB4FF400510448FFF765FB6006D1
:102A1000040E681EC5B2002DE1DC70BD000402404A
:102A2000704700000CB50020019000903448006809
:102A300040F480303249086000BF3148006800F43B
:102A4000003000900198401C0190009818B901983E
:102A5000B0F5A04FF1D12A48006800F4003010B161
:102A60000120009001E0002000900098012846D14C
:102A700023484030006840F08050214940310860D0
:102A80002048006840F440401E4908601C48083057
:102A900000681B49083108600846006840F400409F
:102AA00008600846006840F4A05008601648091FF6
:102AB0000860081F006840F08070091F086000BFB0
:102AC0000F48006800F000700028F9D040F205704F
:102AD0000E4908600A480830006820F003000849E1
:102AE000083108600846006840F00200086000BF36
:102AF00003480830006800F00C000828F8D10CBD2D
:102B0000003802400070004008544007003C02407A
:102B1000042808D14FF0E021096941F004014FF089
:102B2000E022116107E04FF0E021096921F0040182
:102B30004FF0E022116170477047000010B5154852
:102B4000006840F47000134908601348006840F0C2
:102B500001001149086000200F49083108600E4843
:102B600000680E4908400C4908600D48091D0860BE
:102B7000081F006820F48020091F08600020064913
:102B80000C310860FFF74EFF4FF0006001498039BB
:102B9000086010BD88ED00E000380240FFFFF6FE3F
:102BA0001030002410B50121084800F053F8012826
:102BB00007D10748006808B9012000E00020044957
:102BC00008600121014800F033F810BD0004004006
:102BD000888241427FB505460C4601210220FFF75D
:102BE00065FE0295ADF804400020ADF80600ADF892
:102BF0000C0001A90D4800F049F8012211460B48CC
:102C000000F039F80121094800F015F81D208DF871
:102C1000000001208DF8010003208DF80200012042
:102C20008DF803006846FFF7E9FD7FBD0004004012
:102C3000CA430282704721B1028842F00102028039
:102C400004E002884FF6FE731A4002807047014686
:102C5000486A704730B50246002000230024158AD8
:102C600005EA0103958905EA010413B10CB10120BD
:102C700000E0002030BD1AB183890B43838102E05C
:102C800083898B43838170474162704700220288A9
:102C9000184B98420ED0184B98420BD0B0F1804F91
:102CA00008D0164B984205D0154B984202D0154BD0
:102CB000984204D14FF68F731A404B881A43124B37
:102CC000984207D0114B984204D04FF6FF431A4068
:102CD0000B891A4302804B68C3620B880385054B3E
:102CE000984202D0044B984201D18B7A038601238B
:102CF000838270470000014000040140000400404E
:102D000000080040000C004000100040001400408B
:102D100010B540F225511D4800F053F810B31B4880
:102D200000F008F9C4B21A48008800F40040C8B99D
:102D30001748008800F4804060B10A2C03D00020BE
:102D40001349088020E01248008840F400401049F0
:102D5000088019E00D2C06D10D48008840F4804011
:102D60000B49088010E00A480088C0F30D000949AB
:102D70000C5407480088401C054908800846008814
:102D8000C72801DD0020088010BD000000100140B0
:102D9000100000206430002001F40072B2F5007FC2
:102DA00000D100BFCA430280704721B1828942F43A
:102DB0000052828104E082894DF6FF731A408281BD
:102DC000704770B50246002400230025002040F61D
:102DD0006A16B14200D100BFC1F3421501F01F03D2
:102DE000012606FA03F3012D02D19689334006E04D
:102DF000022D02D1168A334001E0968A33400C122C
:102E0000012606FA04F41688344013B10CB10120EF
:102E100000E0002070BDF0B5034600240026002528
:102E2000002040F66A17B94200D100BF1846C1F32E
:102E3000421401F01F06012707FA06F5012C01D103
:102E40000C3004E0022C01D1103000E014301AB133
:102E500007682F43076002E00768AF430760F0BDD3
:102E60002DE9FF4705460E460024A14600BFA046B7
:102E7000B08900B100BF2C8A24F44054F088044388
:102E80002C82AC8941F20C608443B08831890843BC
:102E9000718908430443AC81AC8A24F44074B0893E
:102EA0000443AC826846FFF721FD2048854202D0EA
:102EB0001F48854202D1DDF80C9001E0DDF8089052
:102EC000A88900F4004040B109EBC90000EB0910EB
:102ED00031684900B0FBF1F707E009EBC90000EBEE
:102EE000091031688900B0FBF1F76420B7FBF0F0FE
:102EF00004012009642101FB1078A88900F4004036
:102F000040B1322000EBC800B0FBF1F000F0070048
:102F1000044308E0322000EB08106421B0FBF1F01C
:102F200000F00F0004432C81BDE8FF870010014032
:102F30000014014001468888C0F30800704700BFB4
:102F4000FEE703B401984100009850EAC12018BF81
:102F500004204A0D18BF40F0010040F2FF72B2EBAE
:102F6000515F08BF40F00200012808BF052002B0F1
:102F7000704730380A2801D201207047002070477E
:102F800000BF704710B504466FF00400FFF7C0FDA6
:102F9000E11704EB5171C1F3CF01074A11801046CC
:102FA000008800EB4001C1EBC0104FF6FF7101EA51
:102FB000C0000249088010BD060000200800002063
:102FC00070B504464FF4077094FBF0F0C6B24FF4AE
:102FD000077094FBF0F100FB114085B205E04FF45F
:102FE000077000F009F8701EC6B2002EF7D115B1B7
:102FF000284600F001F870BD0146114A12884A4384
:103000004FF0E0235A6100229A611A46126942F099
:1030100001021A6100BF4FF0E022106900F00102C6
:103020001AB100F48032002AF5D04FF0E022126984
:1030300022F001024FF0E0231A6100229A617047EA
:103040000800002000BF054A128802F04002002A52
:10305000F9D0C2B2014B9A807047000000100140C5
:103060002DED048B86B000254FF4A060FFF702FC25
:10307000A820FFF787FF4FF4E13000F0D7F9FFF702
:10308000E3F9FFF707F9FFF730FA4EF67D70FFF727
:1030900013FAA4A04EF67D734FF4784210210090ED
:1030A0000020FFF71BF8A4A04EF67D731F222021FD
:1030B00000900020FFF712F8A4A04EF67D731F22A7
:1030C000302100900020FFF709F8A5A04EF67D738F
:1030D0001F22402100900020FFF700F8A4A04EF628
:1030E0007D731F22502100900020FEF7F7FF53212F
:1030F0004FF6FF70FFF76EFD01230022990201A831
:10310000FDF762FD0CE10020FFF7EEF80446022C0B
:103110007DD100209A49088067E09948008800EE38
:10312000100AB8EE400ADFED970A20EE200ADFED24
:10313000960A80EE201AF0EE418AB0EE680AFDF79A
:103140000FF99FED929AF2EE040A00EE809A8C48F5
:10315000008800EE100AB8EE400ADFED8A0A20EE81
:10316000200AF1EE000A20EE200ADFED870A80EE49
:10317000201AF0EE418AB0EE680AFDF7F1F8F3EE9E
:103180000E0A00EE809A7E48008800EE100AB8EE23
:10319000400ADFED7C0A20EE200AF2EE000A20EE63
:1031A000200ADFED790A80EE201AF0EE418AB0EEB7
:1031B000680AFDF769F8DFED760A00EE809A70483C
:1031C0000088744901EBC00080ED009A9FED720AFF
:1031D0006B4800884000401C01EB800080ED000A35
:1031E00067480088401C6649088065480088B0F53B
:1031F000806F92DB00216948FFF746FD0020684997
:103200000870644901A8FDF7C1FC644800E06BE068
:10321000FFF71DFD6249097800EB014000EE100A3E
:10322000B8EE408A9FED5F0AC8EE000A10EE906A81
:10323000304600F073F941EC190B53EC192B5AA1ED
:103240005E48FDF721FE5EA04EF67D731F226021D1
:1032500000900020FEF742FF58484EF67D731F2273
:10326000602100900020FEF739FF4FF4806258493A
:103270004848FDF7E1F89FED4B0AC8EE000A10EE52
:10328000906A304600F04AF941EC190B53EC192BC7
:103290004FF480614FA0FDF7EBFD57A0FDF7E8FD6F
:1032A00000203749088019E04948354A128800EB68
:1032B000820090ED000A10EE101A084600F02EF978
:1032C00041EC190B53EC192B2D4801884EA0FDF74A
:1032D000CFFD2B480088401C2949088028480088D9
:1032E000B0F5806FE0DB02E00A20FFF769FE681CA2
:1032F000C5B20A2095FBF0F100FB115080B9484897
:10330000006808B9012000E00020454908604548F0
:10331000D0F8880208B9012000E000204249086086
:10332000F1E600002020202044535020464654203F
:1033300020202020202000002020C7B6C8EBCABDD6
:10334000BFAAB7A2CDF82020200000006D637564ED
:1033500065762E74616F62616F2E636F6D20000061
:103360004B4559313A52756E2046465400000000D4
:103370004646542072756E74696D653A000000000F
:1033800002000020DB0FC940000080440000C8425A
:10339000000048422400002000000000000400401B
:1033A0000000002000007A4420202020202020203F
:1033B0002025302E33666D7300000000243000207D
:1033C000202020202020202020202020202020001D
:1033D000242000200D0A256420706F696E74204639
:1033E00046542072756E74696D653A25302E3366C9
:1033F0006D730D0A00000000464654205265737537
:103400006C743A0D0A0000006666745F6F75747024
:1034100075746275665B25645D3A25660D0A000069
:10342000A0024042008041428882414210B588B0EB
:10343000044601210846FFF729FA01211020FFF771
:1034400045FA072209212548FEF718FE07220A211E
:103450002248FEF713FE4FF4C060069002208DF85C
:103460001C0003208DF81D0000208DF81E00012097
:103470008DF81F0006A91948FEF7B8FD0294002038
:10348000ADF80C00ADF80E00ADF81000ADF814006A
:103490000C20ADF8120002A91148FFF7E1FC012150
:1034A0000F48FFF782FC40210D48FFF775FC012211
:1034B00040F225510A48FFF7AEFC25208DF80400A4
:1034C00003208DF805008DF8060001208DF8070017
:1034D00001A8FFF793F908B010BD000000000240FA
:1034E0000010014010B500290AD00878002807D044
:1034F00005487844FEF77CF9002801D0002010BD73
:103500000248784410BD0000AAA00000A2A000005C
:103510000808A0F500114FEA3101704743004FEA57
:10352000D30C4FEA3C0C43401FBF40070CF16051E5
:1035300013F0FE4F70471CF0006F03D100200CF019
:10354000004170470CF0004343EA507010B540EA68
:10355000CC0000F00EF800BF000000924FEA00011E
:10356000FFF7D6BF4FF000414FF00000A1F500215A
:1035700070470EF1020E2EF0030E5EF8044B24424B
:1035800004D44FEA4102B2F17F4F11D84FEA400311
:10359000B3F17F4F0CD80ED14FEAD07CB2F17F4F00
:1035A0000CEB4C0C0CF1020C08BF4CEBD17C04E092
:1035B0004FF0080C01E04FEAD17C0CEB4C0324FAED
:1035C00003F404F00704B4F1040C06D20EEB840CEF
:1035D000BDE810404CF0010C6047DFE80CF0070834
:1035E00002024FF00040A0F5800010BD08464200E6
:1035F00018BFD2F1807288BF00F0004010BD4FF0BC
:103600004070E1EE100A7047FDF75EBE000000005A
:10361000000000000000000000000000001010107A
:1036200010101010101000001010000000006C6C42
:1036300024240000000001000000000000242424D5
:1036400024FE48484848FC909090900000103C545C
:103650009290503814121292547810000000225C9C
:1036600094A8481010242A525488000000003048C2
:103670004850206E54948C888A74000000003030CA
:1036800010100000000000000000000000040810FE
:10369000102020202020201010080400008040204E
:1036A000201010101010102020408000000000009A
:1036B00010543810385410000000000000000010B2
:1036C000101010FE1010101000000000000000008C
:1036D00000000000000000001010200000000000AA
:1036E000000000FE000000000000000000000000DC
:1036F00000000000000000001010000000000404A2
:10370000080810102020404080800000000038444D
:10371000828282828282828244380000000010709D
:103720001010101010101010107C00000000384411
:10373000828204081020408284FC0000000038448B
:103740008202043804020282443800000000040CA3
:10375000141424244444FE04040E00000000FC80E1
:103760008080B8C4820202828478000000003C425B
:103770008280B8C4828282824438000000007E4287
:1037800082040408080810101010000000003844DB
:1037900082824438448282824438000000003844E7
:1037A00082828282463A0282443800000000000091
:1037B00010100000000010100000000000000000C9
:1037C0001010000000000010102000000000000099
:1037D000061860806018060000000000000000006D
:1037E0000000FE0000FE00000000000000000000DD
:1037F000C0300C020C30C0000000000000384482D1
:10380000820204081010100010100000000038445C
:10381000829AAAAAAAAAAA9680423C000000101086
:103820001028282844447C4444EE00000000FC4258
:103830004242427C4242424242FC000000003C4480
:103840008280808080808282443800000000F844BA
:10385000424242424242424244F800000000FC44DC
:103860004240447C4440404244FC00000000FC4490
:103870004240447C4440404040F000000000344C52
:10388000828080808E8484844C3400000000EE446A
:103890004444447C4444444444EE000000007C1012
:1038A0001010101010101010107C000000003E08C6
:1038B0000808080808080888887000000000EE441E
:1038C000484850605048484444EE00000000E04042
:1038D000404040404040404244FC00000000C6449C
:1038E0006C6C6C545454444444EE00000000CE44CC
:1038F00064646454544C4C4C44E40000000038446C
:103900008282828282828282443800000000F844EF
:10391000424242447840404040E0000000003844C9
:1039200082828282828282BA443C02000000F04895
:10393000444444487048444444E6000000003C4489
:10394000828040300C0202824478000000007C54E7
:103950009210101010101010103800000000EE44EB
:103960004444444444444444443800000000EE4489
:103970004444442828282810101000000000EE4479
:103980005454545454542828282800000000EE446D
:10399000442828101028284444EE00000000EE447B
:1039A00044282828101010101038000000007E4411
:1039B000840808102020408284FC0000001C1010A5
:1039C000101010101010101010101C000000EE4409
:1039D0005454FE5454542828282800000070101015
:1039E00010101010101010101010700000304884CB
:1039F00000000000000000000000000000000000C7
:103A000000000000000000000000FE000040200058
:103A100000000000000000000000000000000000A6
:103A200000007884047C84848C7600000000C04010
:103A30004040586442424242645800000000000086
:103A400000003844808080804438000000000C046E
:103A50000404344C848484844C360000000000004C
:103A60000000788484FC80808478000000001824A2
:103A70002020F820202020202070000000000000DE
:103A800000003A444478807C82827C000000C04080
:103A9000404058644444444444EE00000000101088
:103AA000000030101010101010380000000010102E
:103AB0000000301010101010109060000000C04086
:103AC00040405C485060504844EE00000000301018
:103AD000101010111010101010390000000000001C
:103AE0000000ACD29292929292D6000000000000A8
:103AF000000058E44444444444EE00000000000048
:103B000000003844828282824438000000000000B5
:103B10000000D864424242645840E00000000000C7
:103B20000000364C8484844C34040E0000000000F5
:103B300000006C30202020202070000000000000D9
:103B40000000788884601884447800000000002019
:103B50002020F82020202020241800000000000051
:103B60000000C64242424242463A000000000000C5
:103B70000000EE4444282828101000000000000037
:103B80000000EE444454542828280000000000009F
:103B90000000EE442810102844EE00000000000051
:103BA0000000EE444428281010A0C00000000000CF
:103BB00000007E448810204284FC0000000C10109D
:103BC000101010601010101010100C0000101010C9
:103BD00010101010101010101010100000C0202035
:103BE00020202018202020202020C00000000000DD
:103BF000000000728C0000000000000000000000C7
:103C000000001FE000003FF000003FF000001FE058
:103C1000000180060003C00F0003C00F0003C00FA7
:103C20000003C00F0003C00F0003C00F0003C00F4C
:103C30000003C00F000300030000000000000000AC
:103C400000000000000300030003C00F0003C00FCA
:103C50000003C00F0003C00F0003C00F0003C00F1C
:103C60000003C00F0003C00F0001800600001FE02A
:103C700000003FF000003FF000001FE000000000E7
:103C800000000000000000800000018000000380B0
:103C90000000078000000780000007800000078008
:103CA00000000780000007800000078000000780F8
:103CB00000000780000001800000000000000000FC
:103CC0000000000000000180000007800000078065
:103CD00000000780000007800000078000000780C8
:103CE00000000780000007800000078000000380BC
:103CF00000000180000000800000000000000000C3
:103D000000001FE000003FF00000FFF00001FFE0B6
:103D1000000000060000000F0000000F0000000F70
:103D20000000000F0000000F0000000F0000000F57
:103D30000000000F00001FE300007FF800007FF884
:103D400000001FE0000300000003C0000003C000EB
:103D50000003C0000003C0000003C0000003C00057
:103D60000003C0000003C0000001800000001FF03D
:103D700000003FF800003FFC00001FFE00000000B4
:103D80000003FF800001FFC00000FFC000007F8033
:103D9000000000180000003C0000003C0000003C57
:103DA0000000003C0000003C0000003C0000003C23
:103DB0000000003C00007F8C0001FFE00001FFF0EC
:103DC00000007F800000000C0000003C0000003C70
:103DD0000000003C0000003C0000003C0000003CF3
:103DE0000000003C0000003C0000001800007F8044
:103DF0000000FFC00001FFC00003FF8000000000C2
:103E0000000000000002000100030003000380071F
:103E10000003C00F0003C00F0003C00F0003C00F5A
:103E20000003C00F0003C00F0003C00F0003C00F4A
:103E30000003C00F00031FE300007FF800007FFCB9
:103E400000001FE0000000030000000F0000000F52
:103E50000000000F0000000F0000000F0000000F26
:103E60000000000F0000000F0000000F000000071E
:103E7000000000030000000100000000000000003E
:103E800000001FFC00003FF800003FF000001FE0B2
:103E9000000180000003C0000003C0000003C00058
:103EA0000003C0000003C0000003C0000003C00006
:103EB0000003C00000031FE000007FF800007FF84F
:103EC00000001FE0000000030000000F0000000FD2
:103ED0000000000F0000000F0000000F0000000FA6
:103EE0000000000F0000000F0000000600003FE08F
:103EF00000007FF00000FFF00001FFE00000000084
:103F000000001FFC00003FF800003FF000001FE031
:103F1000000180000003C0000003C0000003C000D7
:103F20000003C0000003C0000003C0000003C00085
:103F30000003C00000031FE000007FF800007FFCCA
:103F400000001FE0000300030003C00F0003C00FC8
:103F50000003C00F0003C00F0003C00F0003C00F19
:103F60000003C00F0003C00F0001800600001FE027
:103F700000003FF000003FF000001FE000000000E4
:103F80000007FFE00003FFC00001FF880000FF18EA
:103F90000000003800000078000000780000007881
:103FA0000000007800000078000000780000007831
:103FB0000000007800000018000000000000000071
:103FC00000000000000000180000007800000078E9
:103FD0000000007800000078000000780000007801
:103FE0000000007800000078000000780000003831
:103FF00000000018000000080000000000000000A1
:1040000000001FE000003FF000003FF000001FE054
:10401000000180060003C00F0003C00F0003C00FA3
:104020000003C00F0003C00F0003C00F0003C00F48
:104030000003C00F00031FE300007FF800007FFCB7
:1040400000001FE0000300030003C00F0003C00FC7
:104050000003C00F0003C00F0003C00F0003C00F18
:104060000003C00F0003C00F0001800600001FE026
:1040700000003FF000003FF000001FE000000000E3
:1040800000001FE000003FF000003FF000001FE0D4
:10409000000180060003C00F0003C00F0003C00F23
:1040A0000003C00F0003C00F0003C00F0003C00FC8
:1040B0000003C00F00031FE300007FF800007FFC37
:1040C00000001FE0000000030000000F0000000FD0
:1040D0000000000F0000000F0000000F0000000FA4
:1040E0000000000F0000000F0000000600001FE0AD
:1040F00000003FF000007FF00000FFE00000000043
:1041000000000000000000000000000000000000AF
:10411000000000000000000000000000000000009F
:10412000000000000000000000000000000000008F
:10413000000000000000000000000000000000007F
:10414000000000000000000000000000000000006F
:10415000000078000000780000007800000078007F
:10416000000078000000780000000000000000005F
:10417000000000000000000000000000000000003F
:10418000000000000000000000000000000000002F
:104190000000000000000000000000000000070018
:1041A00000000F8000000F8000000F80000007005B
:1041B00000000000000000000000000000000000FF
:1041C00000000000000000000000070000000F8059
:1041D00000000F8000000F800000070000000000BA
:1041E00000000000000000000000000000000000CF
:1041F00000000000000000000000000000000000BF
:104200000000000000000000000000000007C006E1
:10421000000FE0060000000C0030181800301818DD
:10422000003018300030183000301860003008C0FE
:104230000007C0C0000FE080000000000000000F79
:10424000E0000607C000063018000C3018000C30E3
:104250001800183018003030180030301800600096
:104260000000C00FE000C007C00000000000000018
:10427000000000000000000000000000000000003E
:10428000000000000000000000000000000000002E
:1042900000000000000700E0000887FC00088E0313
:1042A00000089801800718008000300000003000EE
:1042B000000070000000600000006000000060006E
:1042C000000060000000600000007000000030008E
:1042D00000003000000038000000180100000C034E
:1042E000000007FC000001F00000000000000000DA
:1042F00000000000000000000000000000000000BE
:1043000000000000000000000000000000000000AD
:10431000000000000000000000000000000000009D
:10432000000000000000000000000000000000008D
:10433000000000000000000000003FF000007FF0DF
:1043400000007FE00000FFC000000000000000004F
:10435000000000000000000000000000000000005D
:10436000000000000000000000000000000000004D
:104370000000000000000000000000000000C7B6C0
:104380000100210821083FF800202220223EFF42A0
:10439000229422103E10221022283E28224400821D
:1043A000C8EB04000200010001000100028002804D
:1043B000028004400440082008201010201040080B
:1043C0008006CABD0048004400440040FFFE004093
:1043D00000403E4008400840082008220F12780A9A
:1043E00020060002BFAA00007FFC08200820082049
:1043F00008200820FFFE08200820082008201020A0
:10440000102020204020B7A2010011101108220026
:104410003FFC0200040007F80A080908111010A068
:10442000204040A003181C06CDF800007FFC40048B
:104430004004421452944A54442444244A544A5452
:104440005294610440044014400800000000000041
:10445000000000000000000000000000000000005C
:10446000000000000000000000000000000000004C
:10447000000000000000000000000000000000003C
:10448000000000000000000000000000000000002C
:10449000000000000000000000000000000000001C
:1044A000000000000000000000000000000000000C
:1044B000000000000000000043EC7F3F0000803F50
:1044C00043EC7F3F0FB17F3F6D4E7F3F6DC47E3F1A
:1044D00024137E3FAC3A7D3F283B7C3FBE147B3F9C
:1044E0009DC7793FF853783F07BA763F0BFA743F80
:1044F0004714733F0809713F9ED86E3F5E836C3F3F
:10450000A7096A3FD86B673F59AA643F98C5613FC6
:1045100005BE5E3F1A945B3F5348583F31DB543F22
:104520003D4D513F029F4D3F12D1493F03E4453F6E
:1045300070D8413FF9AE3D3F4268393FF304353F03
:10454000BB85303F4AEB2B3F5636273F9967223FCA
:10455000D17F1D3FC07F183F2A68133FDA390E3FD5
:104560009BF5083F3D9C033F275DFC3EEA5AF13E28
:104570007533E63E80E8DA3ECA7BCF3E15EFC33E98
:104580002A44B83ED47CAC3EE59AA03E31A0943E8D
:10459000938E883ECCCF783E135C603EC2C5473ECA
:1045A000A2102F3E8340163E73B2FA3D36BDC83D81
:1045B00005A9963D30FB483DB00AC93C0BA88C24A8
:1045C000B00AC9BC30FB48BD05A996BD36BDC8BD03
:1045D00073B2FABD834016BEA2102FBEC2C547BE3D
:1045E000135C60BECCCF78BE938E88BE31A094BEE3
:1045F000E59AA0BED47CACBE2A44B8BE15EFC3BEBB
:10460000CA7BCFBE80E8DABE7533E6BEEA5AF1BE99
:10461000275DFCBE3D9C03BF9BF508BFDA390EBF8A
:104620002A6813BFC07F18BFD17F1DBF996722BF03
:10463000563627BF4AEB2BBFBB8530BFF30435BFCF
:10464000426839BFF9AE3DBF70D841BF03E445BFF2
:1046500012D149BF029F4DBF3D4D51BF31DB54BF09
:10466000534858BF1A945BBF05BE5EBF98C561BF73
:1046700059AA64BFD86B67BFA7096ABF5E836CBFC6
:104680009ED86EBF080971BF471473BF0BFA74BF81
:1046900007BA76BFF85378BF9DC779BFBE147BBFFA
:1046A000283B7CBFAC3A7DBF24137EBF6DC47EBF68
:1046B0006D4E7FBF0FB17FBF43EC7FBF000080BF57
:1046C00043EC7FBF0FB17FBF6D4E7FBF6DC47EBF18
:1046D00024137EBFAC3A7DBF283B7CBFBE147BBF9A
:1046E0009DC779BFF85378BF07BA76BF0BFA74BF7E
:1046F000471473BF080971BF9ED86EBF5E836CBF3D
:10470000A7096ABFD86B67BF59AA64BF98C561BFC4
:1047100005BE5EBF1A945BBF534858BF31DB54BF20
:104720003D4D51BF029F4DBF12D149BF03E445BF6C
:1047300070D841BFF9AE3DBF426839BFF30435BF01
:10474000BB8530BF4AEB2BBF563627BF996722BFC8
:10475000D17F1DBFC07F18BF2A6813BFDA390EBFD3
:104760009BF508BF3D9C03BF275DFCBEEA5AF1BE26
:104770007533E6BE80E8DABECA7BCFBE15EFC3BE96
:104780002A44B8BED47CACBEE59AA0BE31A094BE8B
:10479000938E88BECCCF78BE135C60BEC2C547BEC8
:1047A000A2102FBE834016BE73B2FABD36BDC8BD7F
:1047B00005A996BD30FB48BDB00AC9BC372354A536
:1047C000B00AC93C30FB483D05A9963D36BDC83D01
:1047D00073B2FA3D8340163EA2102F3EC2C5473E3B
:1047E000135C603ECCCF783E938E883E31A0943EE1
:1047F000E59AA03ED47CAC3E2A44B83E15EFC33EB9
:10480000CA7BCF3E80E8DA3E7533E63EEA5AF13E97
:10481000275DFC3E3D9C033F9BF5083FDA390E3F88
:104820002A68133FC07F183FD17F1D3F9967223F01
:104830005636273F4AEB2B3FBB85303FF304353FCD
:104840004268393FF9AE3D3F70D8413F03E4453FF0
:1048500012D1493F029F4D3F3D4D513F31DB543F07
:104860005348583F1A945B3F05BE5E3F98C5613F71
:1048700059AA643FD86B673FA7096A3F5E836C3FC4
:104880009ED86E3F0809713F4714733F0BFA743F7F
:1048900007BA763FF853783F9DC7793FBE147B3FF8
:1048A000283B7C3FAC3A7D3F24137E3F6DC47E3F66
:1048B0006D4E7F3F0FB17F3F43EC7F3F0000803F55
:1048C00043EC7F3F0FB17F3FB00AC9BC000000003E
:1048D000B00AC93C30FB483D05A9963D36BDC83DF0
:1048E00073B2FA3D8340163EA2102F3EC2C5473E2A
:1048F000135C603ECCCF783E938E883E31A0943ED0
:10490000E59AA03ED47CAC3E2A44B83E15EFC33EA7
:10491000CA7BCF3E80E8DA3E7533E63EEA5AF13E86
:10492000275DFC3E3D9C033F9BF5083FDA390E3F77
:104930002A68133FC07F183FD17F1D3F9967223FF0
:104940005636273F4AEB2B3FBB85303FF304353FBC
:104950004268393FF9AE3D3F70D8413F03E4453FDF
:1049600012D1493F029F4D3F3D4D513F31DB543FF6
:104970005348583F1A945B3F05BE5E3F98C5613F60
:1049800059AA643FD86B673FA7096A3F5E836C3FB3
:104990009ED86E3F0809713F4714733F0BFA743F6E
:1049A00007BA763FF853783F9DC7793FBE147B3FE7
:1049B000283B7C3FAC3A7D3F24137E3F6DC47E3F55
:1049C0006D4E7F3F0FB17F3F43EC7F3F0000803F44
:1049D00043EC7F3F0FB17F3F6D4E7F3F6DC47E3F05
:1049E00024137E3FAC3A7D3F283B7C3FBE147B3F87
:1049F0009DC7793FF853783F07BA763F0BFA743F6B
:104A00004714733F0809713F9ED86E3F5E836C3F29
:104A1000A7096A3FD86B673F59AA643F98C5613FB1
:104A200005BE5E3F1A945B3F5348583F31DB543F0D
:104A30003D4D513F029F4D3F12D1493F03E4453F59
:104A400070D8413FF9AE3D3F4268393FF304353FEE
:104A5000BB85303F4AEB2B3F5636273F9967223FB5
:104A6000D17F1D3FC07F183F2A68133FDA390E3FC0
:104A70009BF5083F3D9C033F275DFC3EEA5AF13E13
:104A80007533E63E80E8DA3ECA7BCF3E15EFC33E83
:104A90002A44B83ED47CAC3EE59AA03E31A0943E78
:104AA000938E883ECCCF783E135C603EC2C5473EB5
:104AB000A2102F3E8340163E73B2FA3D36BDC83D6C
:104AC00005A9963D30FB483DB00AC93C0BA80C2512
:104AD000B00AC9BC30FB48BD05A996BD36BDC8BDEE
:104AE00073B2FABD834016BEA2102FBEC2C547BE28
:104AF000135C60BECCCF78BE938E88BE31A094BECE
:104B0000E59AA0BED47CACBE2A44B8BE15EFC3BEA5
:104B1000CA7BCFBE80E8DABE7533E6BEEA5AF1BE84
:104B2000275DFCBE3D9C03BF9BF508BFDA390EBF75
:104B30002A6813BFC07F18BFD17F1DBF996722BFEE
:104B4000563627BF4AEB2BBFBB8530BFF30435BFBA
:104B5000426839BFF9AE3DBF70D841BF03E445BFDD
:104B600012D149BF029F4DBF3D4D51BF31DB54BFF4
:104B7000534858BF1A945BBF05BE5EBF98C561BF5E
:104B800059AA64BFD86B67BFA7096ABF5E836CBFB1
:104B90009ED86EBF080971BF471473BF0BFA74BF6C
:104BA00007BA76BFF85378BF9DC779BFBE147BBFE5
:104BB000283B7CBFAC3A7DBF24137EBF6DC47EBF53
:104BC0006D4E7FBF0FB17FBF43EC7FBF000080BF42
:104BD00043EC7FBF0FB17FBF6D4E7FBF6DC47EBF03
:104BE00024137EBFAC3A7DBF283B7CBFBE147BBF85
:104BF0009DC779BFF85378BF07BA76BF0BFA74BF69
:104C0000471473BF080971BF9ED86EBF5E836CBF27
:104C1000A7096ABFD86B67BF59AA64BF98C561BFAF
:104C200005BE5EBF1A945BBF534858BF31DB54BF0B
:104C30003D4D51BF029F4DBF12D149BF03E445BF57
:104C400070D841BFF9AE3DBF426839BFF30435BFEC
:104C5000BB8530BF4AEB2BBF563627BF996722BFB3
:104C6000D17F1DBFC07F18BF2A6813BFDA390EBFBE
:104C70009BF508BF3D9C03BF275DFCBEEA5AF1BE11
:104C80007533E6BE80E8DABECA7BCFBE15EFC3BE81
:104C90002A44B8BED47CACBEE59AA0BE31A094BE76
:104CA000938E88BECCCF78BE135C60BEC2C547BEB3
:104CB000A2102FBE834016BE73B2FABD36BDC8BD6A
:104CC00005A996BD30FB48BDB00AC9BC9E3B8DA569
:104CD000B00AC93C00040002000600010005000300
:104CE0000007800080048002800680018005800328
:104CF0008007400040044002400640014005400358
:104D00004007C000C004C002C006C001C005C00307
:104D1000C0072000200420022006200120052003D7
:104D20002007A000A004A002A006A001A005A003E7
:104D3000A007600060046002600660016005600317
:104D40006007E000E004E002E006E001E005E003C7
:104D5000E0071000100410021006100110051003E7
:104D60001007900090049002900690019005900327
:104D70009007500050045002500650015005500357
:104D80005007D000D004D002D006D001D005D00307
:104D9000D0073000300430023006300130053003D7
:104DA0003007B000B004B002B006B001B005B003E7
:104DB000B007700070047002700670017005700317
:104DC0007007F000F004F002F006F001F005F003C7
:104DD000F00708000804080208060801080508038F
:104DE00008078800880488028806880188058803E7
:104DF0008807480048044802480648014805480317
:104E00004807C800C804C802C806C801C805C803C6
:104E1000C807280028042802280628012805280396
:104E20002807A800A804A802A806A801A805A803A6
:104E3000A8076800680468026806680168056803D6
:104E40006807E800E804E802E806E801E805E80386
:104E5000E8071800180418021806180118051803A6
:104E600018079800980498029806980198059803E6
:104E70009807580058045802580658015805580316
:104E80005807D800D804D802D806D801D805D803C6
:104E9000D807380038043802380638013805380396
:104EA0003807B800B804B802B806B801B805B803A6
:104EB000B8077800780478027806780178057803D6
:104EC0007807F800F804F802F806F801F805F80386
:104ED000F8070400040404020406040104050403A2
:104EE0000407840084048402840684018405840306
:104EF0008407440044044402440644014405440336
:104F00004407C400C404C402C406C401C405C403E5
:104F1000C4072400240424022406240124052403B5
:104F20002407A400A404A402A406A401A405A403C5
:104F3000A4076400640464026406640164056403F5
:104F40006407E400E404E402E406E401E405E403A5
:104F5000E4071400140414021406140114051403C5
:104F60001407940094049402940694019405940305
:104F70009407540054045402540654015405540335
:104F80005407D400D404D402D406D401D405D403E5
:104F9000D4073400340434023406340134053403B5
:104FA0003407B400B404B402B406B401B405B403C5
:104FB000B4077400740474027406740174057403F5
:104FC0007407F400F404F402F406F401F405F403A5
:104FD000F4070C000C040C020C060C010C050C036D
:104FE0000C078C008C048C028C068C018C058C03C5
:104FF0008C074C004C044C024C064C014C054C03F5
:105000004C07CC00CC04CC02CC06CC01CC05CC03A4
:10501000CC072C002C042C022C062C012C052C0374
:105020002C07AC00AC04AC02AC06AC01AC05AC0384
:10503000AC076C006C046C026C066C016C056C03B4
:105040006C07EC00EC04EC02EC06EC01EC05EC0364
:10505000EC071C001C041C021C061C011C051C0384
:105060001C079C009C049C029C069C019C059C03C4
:105070009C075C005C045C025C065C015C055C03F4
:105080005C07DC00DC04DC02DC06DC01DC05DC03A4
:10509000DC073C003C043C023C063C013C053C0374
:1050A0003C07BC00BC04BC02BC06BC01BC05BC0384
:1050B000BC077C007C047C027C067C017C057C03B4
:1050C0007C07FC00FC04FC02FC06FC01FC05FC0364
:1050D000FC070200020402020206020102050203AA
:1050E0000207820082048202820682018205820314
:1050F0008207420042044202420642014205420344
:105100004207C200C204C202C206C201C205C203F3
:10511000C2072200220422022206220122052203C3
:105120002207A200A204A202A206A201A205A203D3
:10513000A207620062046202620662016205620303
:105140006207E200E204E202E206E201E205E203B3
:10515000E2071200120412021206120112051203D3
:105160001207920092049202920692019205920313
:105170009207520052045202520652015205520343
:105180005207D200D204D202D206D201D205D203F3
:10519000D2073200320432023206320132053203C3
:1051A0003207B200B204B202B206B201B205B203D3
:1051B000B207720072047202720672017205720303
:1051C0007207F200F204F202F206F201F205F203B3
:1051D000F2070A000A040A020A060A010A050A037B
:1051E0000A078A008A048A028A068A018A058A03D3
:1051F0008A074A004A044A024A064A014A054A0303
:105200004A07CA00CA04CA02CA06CA01CA05CA03B2
:10521000CA072A002A042A022A062A012A052A0382
:105220002A07AA00AA04AA02AA06AA01AA05AA0392
:10523000AA076A006A046A026A066A016A056A03C2
:105240006A07EA00EA04EA02EA06EA01EA05EA0372
:10525000EA071A001A041A021A061A011A051A0392
:105260001A079A009A049A029A069A019A059A03D2
:105270009A075A005A045A025A065A015A055A0302
:105280005A07DA00DA04DA02DA06DA01DA05DA03B2
:10529000DA073A003A043A023A063A013A053A0382
:1052A0003A07BA00BA04BA02BA06BA01BA05BA0392
:1052B000BA077A007A047A027A067A017A057A03C2
:1052C0007A07FA00FA04FA02FA06FA01FA05FA0372
:1052D000FA0706000604060206060601060506038E
:1052E00006078600860486028606860186058603F2
:1052F0008607460046044602460646014605460322
:105300004607C600C604C602C606C601C605C603D1
:10531000C6072600260426022606260126052603A1
:105320002607A600A604A602A606A601A605A603B1
:10533000A6076600660466026606660166056603E1
:105340006607E600E604E602E606E601E605E60391
:10535000E6071600160416021606160116051603B1
:1053600016079600960496029606960196059603F1
:105370009607560056045602560656015605560321
:105380005607D600D604D602D606D601D605D603D1
:10539000D6073600360436023606360136053603A1
:1053A0003607B600B604B602B606B601B605B603B1
:1053B000B6077600760476027606760176057603E1
:1053C0007607F600F604F602F606F601F605F60391
:1053D000F6070E000E040E020E060E010E050E0359
:1053E0000E078E008E048E028E068E018E058E03B1
:1053F0008E074E004E044E024E064E014E054E03E1
:105400004E07CE00CE04CE02CE06CE01CE05CE0390
:10541000CE072E002E042E022E062E012E052E0360
:105420002E07AE00AE04AE02AE06AE01AE05AE0370
:10543000AE076E006E046E026E066E016E056E03A0
:105440006E07EE00EE04EE02EE06EE01EE05EE0350
:10545000EE071E001E041E021E061E011E051E0370
:105460001E079E009E049E029E069E019E059E03B0
:105470009E075E005E045E025E065E015E055E03E0
:105480005E07DE00DE04DE02DE06DE01DE05DE0390
:10549000DE073E003E043E023E063E013E053E0360
:1054A0003E07BE00BE04BE02BE06BE01BE05BE0370
:1054B000BE077E007E047E027E067E017E057E03A0
:1054C0007E07FE00FE04FE02FE06FE01FE05FE0350
:1054D000FE0701000000803F00000000ECFF7F3F5E
:1054E000D40FC93AB1FF7F3FC70F493B4EFF7F3F03
:1054F000C1CB963BC4FE7F3F890FC93B13FE7F3F64
:105500003053FB3B39FD7F3F59CB163C39FC7F3F85
:1055100002ED2F3C11FB7F3F900E493CC1F97F3FCC
:105520000030623C4AF87F3F4B517B3CACF67F3FFA
:1055300038398A3CE6F47F3FB6C9963CF8F27F3FA3
:105540001C5AA33CE3F07F3F69EAAF3CA7EE7F3FE4
:105550009B7ABC3C43EC7F3FB00AC93CB8E97F3F33
:10556000A69AD53C05E77F3F7B2AE23C2BE47F3FB0
:105570002DBAEE3C29E17F3FB949FB3C00DE7F3F7D
:1055800090EC033DAFDA7F3F2F340A3D37D77F3FA2
:10559000B87B103D98D37F3F2CC3163DD1CF7F3FC2
:1055A000880A1D3DE2CB7F3FCC51233DCCC77F3FD6
:1055B000F698293D8FC37F3F07E02F3D2ABF7F3FED
:1055C000FC26363D9EBA7F3FD56D3C3DEAB57F3F18
:1055D00091B4423D0FB17F3F2FFB483D0DAC7F3F63
:1055E000AF414F3DE3A67F3F0E88553D91A17F3FE0
:1055F0004CCE5B3D189C7F3F6814623D78967F3FA0
:10560000625A683DB1907F3F38A06E3DC28A7F3FAD
:10561000E9E5743DAB847F3F742B7B3D6D7E7F3F1E
:105620006CB8803D08787F3F0ADB833D7B717F3F0C
:1056300094FD863DC76A7F3F0A208A3DEC637F3F29
:105640006A428D3DE95C7F3FB464903DBF557F3F2A
:10565000E786933D6D4E7F3F05A9963DF4467F3F1B
:105660000ACB993D543F7F3FF9EC9C3D8D377F3FFE
:10567000CF0EA03D9D2F7F3F8C30A33D87277F3FDE
:105680003052A63D491F7F3FBA73A93DE4167F3FC4
:105690002B95AC3D580E7F3F80B6AF3DA4057F3FB4
:1056A000BBD7B23DC9FC7E3FDAF8B53DC7F37E3FBC
:1056B000DD19B93D9DEA7E3FC33ABC3D4CE17E3FDA
:1056C0008D5BBF3DD4D77E3F397CC23D34CE7E3F1B
:1056D000C69CC53D6DC47E3F36BDC83D7FBA7E3F8A
:1056E00086DDCB3D69B07E3FB7FDCE3D2DA67E3F2A
:1056F000C81DD23DC99B7E3FB93DD53D3D917E3F02
:10570000895DD83D8B867E3F377DDB3DB17B7E3F1B
:10571000C49CDE3DB0707E3F2EBCE13D88657E3F7F
:1057200076DBE43D385A7E3F9AFAE73DC14E7E3F34
:105730009A19EB3D23437E3F7638EE3D5E377E3F40
:105740002E57F13D722B7E3FC075F43D5E1F7E3FAC
:105750002C94F73D24137E3F73B2FA3DC2067E3F80
:1057600092D0FD3D38FA7D3F4577003E88ED7D3F84
:105770002E06023EB1E07D3F0295033EB2D37D3F4F
:10578000C223053E8CC67D3F6EB2063E40B97D3FCA
:105790000541083ECCAB7D3F86CF093E309E7D3F24
:1057A000F35D0B3E6E907D3F4AEC0C3E85827D3F63
:1057B0008B7A0E3E74747D3FB708103E3D667D3F88
:1057C000CC96113EDE577D3FCA24133E59497D3F9A
:1057D000B2B2143EAC3A7D3F8340163ED82B7D3F9B
:1057E0003DCE173EDD1C7D3FE05B193EBC0D7D3F8D
:1057F0006BE91A3E73FE7C3FDE761C3E03EF7C3F76
:1058000038041E3E6CDF7C3F7B911F3EAECF7C3F59
:10581000A51E213EC9BF7C3FB6AB223EBDAF7C3F3B
:10582000AD38243E8A9F7C3F8CC5253E318F7C3F1E
:105830005152273EB07E7C3FFCDE283E086E7C3F06
:105840008D6B2A3E3A5D7C3F04F82B3E444C7C3FF6
:1058500061842D3E283B7C3FA2102F3EE5297C3FF2
:10586000C99C303E7A187C3FD428323EE9067C3F02
:10587000C4B4333E31F57B3F9840353E53E37B3F24
:1058800050CC363E4DD17B3FEC57383E20BF7B3F5E
:105890006CE3393ECDAC7B3FCF6E3B3E539A7B3FB2
:1058A00015FA3C3EB2877B3F3E853E3EEA747B3F25
:1058B0004910403EFC617B3F379B413EE74E7B3FBA
:1058C0000726433EAB3B7B3FB9B0443E48287B3F75
:1058D0004D3B463EBE147B3FC2C5473E0E017B3F5B
:1058E0001850493E37ED7A3F4FDA4A3E3AD97A3F6F
:1058F00067644C3E16C57A3F60EE4D3ECBB07A3FB2
:1059000038784F3E599C7A3FF101513EC1877A3F2A
:10591000898B523E02737A3F0115543E1C5E7A3FDA
:10592000589E553E10497A3F8F27573EDD337A3FC8
:10593000A4B0583E841E7A3F97395A3E04097A3FF4
:105940006AC25B3E5EF3793F1A4B5D3E91DD793F63
:10595000A8D35E3E9DC7793F135C603E83B1793F1B
:105960005CE4613E439B793F836C633EDC84793F1A
:1059700086F4643E4E6E793F667C663E9A57793F68
:105980002204683EC040793FBA8B693EBF29793F07
:105990002F136B3E9812793F7F9A6C3E4AFB783FFB
:1059A000AB216E3ED6E3783FB2A86F3E3BCC783F4A
:1059B000942F713E7BB4783F51B6723E939C783FF2
:1059C000E83C743E8684783F5AC3753E526C783FFB
:1059D000A649773EF853783FCCCF783E773B783F67
:1059E000CB557A3ED122783FA4DB7B3E040A783F38
:1059F00056617D3E10F1773FE1E67E3EF7D7773F77
:105A00002236803EB7BE773FC0F8803E51A5773F33
:105A10004ABB813EC58B773FC07D823E1372773F84
:105A20002240833E3A58773F7002843E3C3E773FA7
:105A3000AAC4843E1724773FCE86853ECC09773FA3
:105A4000DF48863E5BEF763FDA0A873EC4D4763F76
:105A5000C1CC873E07BA763F938E883E249F763F1F
:105A60005050893E1B84763FF8118A3EEC68763FA1
:105A70008AD38A3E974D763F07958B3E1B32763F01
:105A80006E568C3E7A16763FC0178D3EB3FA753F40
:105A9000FCD88D3EC6DE753F229A8E3EB3C2753F5E
:105AA000325B8F3E7BA6753F2C1C903E1C8A753F57
:105AB00010DD903E976D753FDD9D913EED50753F39
:105AC000945E923E1D34753F351F933E2717753FF8
:105AD000BFDF933E0BFA743F31A0943EC9DC743FA4
:105AE0008D60953E62BF743FD220963ED5A1743F33
:105AF00000E1963E2284743F17A1973E4966743FA9
:105B00001661983E4B48743FFE20993E272A743F09
:105B1000CEE0993EDD0B743F86A09A3E6EED733F5A
:105B200027609B3ED9CE733FAF1F9C3E1FB0733F93
:105B300020DF9C3E3F91733F789E9D3E3972733FBC
:105B4000B85D9E3E0E53733FDF1C9F3EBE33733FD6
:105B5000EEDB9F3E4714733FE59AA03EACF4723FE4
:105B6000C259A13EEBD4723F8718A23E04B5723FE2
:105B700033D7A23EF894723FC595A33EC774723FD7
:105B80003F54A43E7054723F9F12A53EF433723FBF
:105B9000E5D0A53E5213723F128FA63E8CF2713FA4
:105BA000254DA73E9FD1713F1F0BA83E8EB0713F80
:105BB000FEC8A83E578F713FC486A93EFB6D713F5A
:105BC0006F44AA3E7A4C713F0102AB3ED42A713F2A
:105BD00077BFAB3E0809713FD47CAC3E17E7703FFE
:105BE000153AAD3E02C5703F3CF7AD3EC6A2703FD0
:105BF00049B4AE3E6680703F3A71AF3EE15D703FA2
:105C0000102EB03E373B703FCBEAB03E6718703F76
:105C10006BA7B13E73F56F3FEF63B23E5AD26F3F51
:105C20005820B33E1BAF6F3FA5DCB33EB88B6F3F30
:105C3000D698B43E30686F3FEC54B53E83446F3F16
:105C4000E610B63EB0206F3FC3CCB63EBAFC6E3F06
:105C50008488B73E9ED86E3F2A44B83E5DB46E3FFE
:105C6000B2FFB83EF88F6E3F1EBBB93E6D6B6E3F04
:105C70006E76BA3EBE466E3FA031BB3EEB216E3F14
:105C8000B6ECBB3EF2FC6D3FAFA7BC3ED5D76D3F37
:105C90008B62BD3E93B26D3F4A1DBE3E2D8D6D3F62
:105CA000EBD7BE3EA1676D3F6F92BF3EF2416D3FA5
:105CB000D54CC03E1D1C6D3F1E07C13E24F66C3FF7
:105CC00048C1C13E07D06C3F557BC23EC5A96C3F61
:105CD0004435C33E5E836C3F15EFC33ED45C6C3FDE
:105CE000C8A8C43E24366C3F5C62C53E500F6C3F72
:105CF000D21BC63E58E86B3F29D5C63E3BC16B3F21
:105D0000628EC73EFB996B3F7C47C83E95726B3FE6
:105D10007700C93E0C4B6B3F53B9C93E5E236B3FC6
:105D20001072CA3E8CFB6A3FAE2ACB3E95D36A3FC7
:105D30002CE3CB3E7BAB6A3F8B9BCC3E3C836A3FE4
:105D4000CA53CD3ED95A6A3FEA0BCE3E52326A3F21
:105D5000EAC3CE3EA7096A3FCA7BCF3ED7E0693F80
:105D60008A33D03EE4B7693F2AEBD03ECC8E693F00
:105D7000AAA2D13E9165693F095AD23E323C693FA1
:105D80004811D33EAE12693F67C8D33E07E9683F6A
:105D9000647FD43E3CBF683F4136D53E4C95683F5A
:105DA000FDECD53E396B683F99A3D63E0341683F71
:105DB000135AD73EA816683F6B10D83E2AEC673FAF
:105DC000A3C6D83E87C1673FB97CD93EC196673F1D
:105DD000AD32DA3ED86B673F80E8DA3ECA40673FB3
:105DE000319EDB3E9915673FC153DC3E45EA663F75
:105DF0002E09DD3ECCBE663F79BEDD3E3093663F68
:105E0000A273DE3E7167663FA928DF3E8E3B663F88
:105E10008DDDDF3E880F663F4F92E03E5EE3653FDB
:105E2000EE46E13E10B7653F6AFBE13EA08A653F62
:105E3000C4AFE23E0B5E653FFA63E33E5431653F1B
:105E40000E18E43E7904653FFECBE43E7BD7643F09
:105E5000CB7FE53E59AA643F7533E63E147D643F2F
:105E6000FBE6E63EAC4F643F5D9AE73E2122643F8D
:105E70009C4DE83E73F4633FB700E93EA1C6633F23
:105E8000AEB3E93EAC98633F8166EA3E956A633FF4
:105E90003019EB3E5A3C633FBBCBEB3EFC0D633FFE
:105EA000217EEC3E7BDF623F6330ED3ED7B0623F48
:105EB00080E2ED3E1082623F7994EE3E2653623FCF
:105EC0004C46EF3E1A24623FFBF7EF3EEAF4613F97
:105ED00085A9F03E98C5613FEA5AF13E2296613F9E
:105EE000290CF23E8A66613F43BDF23ED036613FE7
:105EF000386EF33EF206613F071FF43EF2D6603F74
:105F0000B1CFF43ECFA6603F3580F53E8976603F45
:105F10009330F63E2146603FCBE0F63E9615603F5B
:105F2000DC90F73EE9E45F3FC840F83E19B45F3FBC
:105F30008EF0F83E27835F3F2DA0F93E12525F3F5F
:105F4000A54FFA3EDB205F3FF7FEFA3E81EF5E3F52
:105F500022AEFB3E05BE5E3F275DFC3E678C5E3F8A
:105F6000040CFD3EA65A5E3FBBBAFD3EC3285E3F11
:105F70004A69FE3EBEF65D3FB217FF3E97C45D3FE5
:105F8000F3C5FF3E4D925D3F063A003FE15F5D3F46
:105F9000FF90003F532D5D3FE4E7003FA3FA5C3FD5
:105FA000B53E013FD1C75C3F7395013FDD945C3F37
:105FB0001CEC013FC7615C3FB142023F8E2E5C3F4B
:105FC0003299023F34FB5B3F9FEF023FB8C75B3F14
:105FD000F845033F1A945B3F3D9C033F5A605B3F8B
:105FE0006DF2033F792C5B3F8948043F75F85A3FB7
:105FF000919E043F50C45A3F84F4043F09905A3F95
:10600000624A053FA05B5A3F2CA0053F16275A3F26
:10601000E2F5053F6AF2593F824B063F9CBD593F6E
:106020000EA1063FAD88593F86F6063F9C53593F67
:10603000E84B073F6A1E593F36A1073F17E9583F13
:106040006FF6073FA1B3583F924B083F0B7E583F76
:10605000A1A0083F5348583F9BF5083F7912583F8D
:106060007F4A093F7FDC573F4E9F093F63A6573F5A
:1060700009F4093F2670573FAD480A3FC739573FDB
:106080003D9D0A3F4803573FB7F10A3FA7CC563F13
:106090001C460B3FE595563F6B9A0B3F025F563F00
:1060A000A5EE0B3FFE27563FC9420C3FD9F0553FA6
:1060B000D7960C3F93B9553FD0EA0C3F2C82553F01
:1060C000B33E0D3FA44A553F81920D3FFB12553F11
:1060D00038E60D3F31DB543FDA390E3F47A3543FDA
:1060E000658D0E3F3B6B543FDBE00E3F0F33543F5B
:1060F0003B340F3FC3FA533F84870F3F55C2533F92
:10610000B8DA0F3FC789533FD52D103F1851533F81
:10611000DC80103F4918533FCDD3103F59DF523F29
:10612000A726113F49A6523F6B79113F186D523F88
:1061300019CC113FC633523FB01E123F54FA513FA3
:106140003071123FC2C0513F9AC3123F1087513F76
:10615000EE15133F3D4D513F2A68133F4A13513FFF
:1061600050BA133F37D9503F5F0C143F039F503F45
:10617000585E143FAF64503F39B0143F3B2A503F44
:106180000402153FA8EF4F3FB753153FF4B44F3FFC
:1061900054A5153F1F7A4F3FD9F6153F2B3F4F3F70
:1061A0004748163F17044F3F9F99163FE4C84E3F9C
:1061B000DFEA163F908D4E3F073C173F1C524E3F83
:1061C000188D173F89164E3F12DE173FD5DA4D3F27
:1061D000F52E183F029F4D3FC07F183F10634D3F83
:1061E00073D0183FFD264D3F0F21193FCBEA4C3F9E
:1061F0009471193F79AE4C3F00C2193F08724C3F71
:1062000055121A3F78354C3F93621A3FC7F84B3FFF
:10621000B8B21A3FF8BB4B3FC6021B3F097F4B3F4A
:10622000BB521B3FFA414B3F99A21B3FCC044B3F53
:106230005FF21B3F7FC74A3F0C421C3F138A4A3F15
:10624000A2911C3F874C4A3F1FE11C3FDC0E4A3F96
:1062500084301D3F12D1493FD17F1D3F2993493FD3
:1062600006CF1D3F2155493F221E1E3FFA16493FCA
:10627000266D1E3FB3D8483F12BC1E3F4E9A483F82
:10628000E50A1F3FCA5B483F9F591F3F271D483FF4
:1062900041A81F3F65DE473FCBF61F3F849F473F26
:1062A0003B45203F8560473F9393203F6721473F11
:1062B000D2E1203F2AE2463FF92F213FCEA2463FBE
:1062C000067E213F5463463FFBCB213FBB23463F25
:1062D000D719223F03E4453F9967223F2DA4453F4C
:1062E00043B5223F3964453FD302233F2624453F2F
:1062F0004B50233FF5E3443FA99D233FA5A3443FD3
:10630000EEEA233F3763443F1A38243FAB22443F31
:106310002C85243F00E2433F25D2243F38A1433F50
:10632000041F253F5160433FCB6B253F4C1F433F2C
:1063300077B8253F29DE423F0A05263FE89C423FC9
:106340008451263F895B423FE39D263F0B1A423F23
:106350002AEA263F70D8413F5636273FB796413F3D
:106360006882273FE154413F61CE273FEC12413F15
:10637000401A283FDAD0403F0566283FA98E403FAB
:10638000B0B1283F5C4C403F41FD283FF009403F01
:10639000B848293F67C73F3F1594293FC0843F3F16
:1063A00057DF293FFC413F3F802A2A3F1BFF3E3FEA
:1063B0008E752A3F1BBC3E3F82C02A3FFF783E3F7E
:1063C0005B0B2B3FC5353E3F1B562B3F6EF23D3FCF
:1063D000BFA02B3FF9AE3D3F4AEB2B3F676B3D3FE4
:1063E000B9352C3FB8273D3F0F802C3FECE33C3FB5
:1063F00049CA2C3F03A03C3F69142D3FFC5B3C3F46
:106400006F5E2D3FD9173C3F59A82D3F98D33B3F96
:1064100029F22D3F3B8F3B3FDE3B2E3FC14A3B3FA6
:1064200078852E3F29063B3FF7CE2E3F75C13A3F78
:106430005B182F3FA47C3A3FA5612F3FB7373A3F07
:10644000D3AA2F3FACF2393FE6F32F3F85AD393F5A
:10645000DE3C303F4268393FBB85303FE122393F67
:106460007CCE303F65DD383F2217313FCB97383F38
:10647000AD5F313F1652383F1DA8313F430C383FC6
:1064800071F0313F55C6373FAA38323F4A80373F17
:10649000C780323F233A373FC9C8323FDFF3363F28
:1064A000AF10333F7FAD363F7A58333F0467363FF6
:1064B00029A0333F6C20363FBCE7333FB8D9353F86
:1064C000342F343FE792353F8F76343FFB4B353FD7
:1064D000CFBD343FF304353FF304353FCFBD343FE8
:1064E000FB4B353F8F76343FE792353F342F343FB7
:1064F000B8D9353FBCE7333F6C20363F29A0333F46
:106500000467363F7A58333F7FAD363FAF10333F95
:10651000DFF3363FC9C8323F233A373FC780323FA7
:106520004A80373FAA38323F55C6373F71F0313F76
:10653000430C383F1DA8313F1652383FAD5F313F05
:10654000CB97383F2217313F65DD383F7CCE303F57
:10655000E122393FBB85303F4268393FDE3C303F66
:1065600085AD393FE6F32F3FACF2393FD3AA2F3F39
:10657000B7373A3FA5612F3FA47C3A3F5B182F3FC6
:1065800075C13A3FF7CE2E3F29063B3F78852E3F17
:10659000C14A3B3FDE3B2E3F3B8F3B3F29F22D3F25
:1065A00098D33B3F59A82D3FD9173C3F6F5E2D3FF5
:1065B000FC5B3C3F69142D3F03A03C3F49CA2C3F84
:1065C000ECE33C3F0F802C3FB8273D3FB9352C3FD3
:1065D000676B3D3F4AEB2B3FF9AE3D3FBFA02B3FE2
:1065E0006EF23D3F1B562B3FC5353E3F5B0B2B3FAD
:1065F000FF783E3F82C02A3F1BBC3E3F8E752A3F3C
:106600001BFF3E3F802A2A3FFC413F3F57DF293F87
:10661000C0843F3F1594293F67C73F3FB848293F93
:10662000F009403F41FD283F5C4C403FB0B1283F5E
:10663000A98E403F0566283FDAD0403F401A283FE8
:10664000EC12413F61CE273FE154413F6882273F32
:10665000B796413F5636273F70D8413F2AEA263F3A
:106660000B1A423FE39D263F895B423F8451263F00
:10667000E89C423F0A05263F29DE423F77B8253F86
:106680004C1F433FCB6B253F5160433F041F253FC9
:1066900038A1433F25D2243F00E2433F2C85243FCD
:1066A000AB22443F1A38243F3763443FEEEA233F8E
:1066B000A5A3443FA99D233FF5E3443F4B50233F0F
:1066C0002624453FD302233F3964453F43B5223F4B
:1066D0002DA4453F9967223F03E4453FD719223F48
:1066E000BB23463FFBCB213F5463463F067E213F01
:1066F000CEA2463FF92F213F2AE2463FD2E1203F7A
:106700006721473F9393203F8560473F3B45203FAC
:10671000849F473FCBF61F3F65DE473F41A81F3FA1
:10672000271D483F9F591F3FCA5B483FE50A1F3F4F
:106730004E9A483F12BC1E3FB3D8483F266D1E3FBD
:10674000FA16493F221E1E3F2155493F06CF1D3FE5
:106750002993493FD17F1D3F12D1493F84301D3FCE
:10676000DC0E4A3F1FE11C3F874C4A3FA2911C3F71
:10677000138A4A3F0C421C3F7FC74A3F5FF21B3FD0
:10678000CC044B3F99A21B3FFA414B3FBB521B3FEE
:10679000097F4B3FC6021B3FF8BB4B3FB8B21A3FC5
:1067A000C7F84B3F93621A3F78354C3F55121A3F5A
:1067B00008724C3F00C2193F79AE4C3F9471193FAB
:1067C000CBEA4C3F0F21193FFD264D3F73D0183FB8
:1067D00010634D3FC07F183F029F4D3FF52E183F7D
:1067E000D5DA4D3F12DE173F89164E3F188D173F01
:1067F0001C524E3F073C173F908D4E3FDFEA163F3D
:10680000E4C84E3F9F99163F17044F3F4748163F35
:106810002B3F4F3FD9F6153F1F7A4F3F54A5153FE9
:10682000F4B44F3FB753153FA8EF4F3F0402153F55
:106830003B2A503F39B0143FAF64503F585E143F7D
:10684000039F503F5F0C143F37D9503F50BA133F5E
:106850004A13513F2A68133F3D4D513FEE15133FF8
:106860001087513F9AC3123FC2C0513F3071123F4F
:1068700054FA513FB01E123FC633523F19CC113F5C
:10688000186D523F6B79113F49A6523FA726113F21
:1068900059DF523FCDD3103F4918533FDC80103FA2
:1068A0001851533FD52D103FC789533FB8DA0F3FDA
:1068B00055C2533F84870F3FC3FA533F3B340F3FCA
:1068C0000F33543FDBE00E3F3B6B543F658D0E3F73
:1068D00047A3543FDA390E3F31DB543F38E60D3FD2
:1068E000FB12553F81920D3FA44A553FB33E0D3FE9
:1068F0002C82553FD0EA0C3F93B9553FD7960C3FB9
:10690000D9F0553FC9420C3FFE27563FA5EE0B3F3D
:10691000025F563F6B9A0B3FE595563F1C460B3F77
:10692000A7CC563FB7F10A3F4803573F3D9D0A3F6A
:10693000C739573FAD480A3F2670573F09F4093F12
:1069400063A6573F4E9F093F7FDC573F7F4A093F71
:106950007912583F9BF5083F5348583FA1A0083F84
:106960000B7E583F924B083FA1B3583F6FF6073F4D
:1069700017E9583F36A1073F6A1E593FE84B073FCA
:106980009C53593F86F6063FAD88593F0EA1063FFE
:106990009CBD593F824B063F6AF2593FE2F5053FE5
:1069A00016275A3F2CA0053FA05B5A3F624A053F7D
:1069B00009905A3F84F4043F50C45A3F919E043FCB
:1069C00075F85A3F8948043F792C5B3F6DF2033FCD
:1069D0005A605B3F3D9C033F1A945B3FF845033F81
:1069E000B8C75B3F9FEF023F34FB5B3F3299023FEA
:1069F0008E2E5C3FB142023FC7615C3F1CEC013F01
:106A0000DD945C3F7395013FD1C75C3FB53E013FCC
:106A1000A3FA5C3FE4E7003F532D5D3FFF90003F4A
:106A2000E15F5D3F063A003F4D925D3FF3C5FF3E9B
:106A300097C45D3FB217FF3EBEF65D3F4A69FE3E1A
:106A4000C3285E3FBBBAFD3EA65A5E3F040CFD3E26
:106A5000678C5E3F275DFC3E05BE5E3F22AEFB3E7F
:106A600081EF5E3FF7FEFA3EDB205F3FA54FFA3E27
:106A700012525F3F2DA0F93E27835F3F8EF0F83E14
:106A800019B45F3FC840F83EE9E45F3FDC90F73E51
:106A90009615603FCBE0F63E2146603F9330F63ED0
:106AA0008976603F3580F53ECFA6603FB1CFF43E9A
:106AB000F2D6603F071FF43EF206613F386EF33EA8
:106AC000D036613F43BDF23E8A66613F290CF23EFB
:106AD0002296613FEA5AF13E98C5613F85A9F03E92
:106AE000EAF4613FFBF7EF3E1A24623F4C46EF3E6B
:106AF0002653623F7994EE3E1082623F80E2ED3E83
:106B0000D7B0623F6330ED3E7BDF623F217EEC3EDB
:106B1000FC0D633FBBCBEB3E5A3C633F3019EB3E71
:106B2000956A633F8166EA3EAC98633FAEB3E93E47
:106B3000A1C6633FB700E93E73F4633F9C4DE83E56
:106B40002122643F5D9AE73EAC4F643FFBE6E63EA0
:106B5000147D643F7533E63E59AA643FCB7FE53E22
:106B60007BD7643FFECBE43E7904653F0E18E43EDC
:106B70005431653FFA63E33E0B5E653FC4AFE23ECE
:106B8000A08A653F6AFBE13E10B7653FEE46E13EF5
:106B90005EE3653F4F92E03E880F663F8DDDDF3E4E
:106BA0008E3B663FA928DF3E7167663FA273DE3EDB
:106BB0003093663F79BEDD3ECCBE663F2E09DD3E9A
:106BC00045EA663FC153DC3E9915673F319EDB3E87
:106BD000CA40673F80E8DA3ED86B673FAD32DA3EA5
:106BE000C196673FB97CD93E87C1673FA3C6D83EEF
:106BF0002AEC673F6B10D83EA816683F135AD73E61
:106C00000341683F99A3D63E396B683FFDECD53E02
:106C10004C95683F4136D53E3CBF683F647FD43ECB
:106C200007E9683F67C8D33EAE12693F4811D33EBB
:106C3000323C693F095AD23E9165693FAAA2D13ED2
:106C4000CC8E693F2AEBD03EE4B7693F8A33D03E11
:106C5000D7E0693FCA7BCF3EA7096A3FEAC3CE3E71
:106C600052326A3FEA0BCE3ED95A6A3FCA53CD3EF2
:106C70003C836A3F8B9BCC3E7BAB6A3F2CE3CB3E95
:106C800095D36A3FAE2ACB3E8CFB6A3F1072CA3E58
:106C90005E236B3F53B9C93E0C4B6B3F7700C93E37
:106CA00095726B3F7C47C83EFB996B3F628EC73E37
:106CB0003BC16B3F29D5C63E58E86B3FD21BC63E51
:106CC000500F6C3F5C62C53E24366C3FC8A8C43E82
:106CD000D45C6C3F15EFC33E5E836C3F4435C33ECE
:106CE000C5A96C3F557BC23E07D06C3F48C1C13E31
:106CF00024F66C3F1E07C13E1D1C6D3FD54CC03EA7
:106D0000F2416D3F6F92BF3EA1676D3FEBD7BE3E34
:106D10002D8D6D3F4A1DBE3E93B26D3F8B62BD3ED1
:106D2000D5D76D3FAFA7BC3EF2FC6D3FB6ECBB3E86
:106D3000EB216E3FA031BB3EBE466E3F6E76BA3E43
:106D40006D6B6E3F1EBBB93EF88F6E3FB2FFB83E13
:106D50005DB46E3F2A44B83E9ED86E3F8488B73EED
:106D6000BAFC6E3FC3CCB63EB0206F3FE610B63ED5
:106D700083446F3FEC54B53E30686F3FD698B43EC5
:106D8000B88B6F3FA5DCB33E1BAF6F3F5820B33EBF
:106D90005AD26F3FEF63B23E73F56F3F6BA7B13EC0
:106DA0006718703FCBEAB03E373B703F102EB03EC5
:106DB000E15D703F3A71AF3E6680703F49B4AE3ED0
:106DC000C6A2703F3CF7AD3E02C5703F153AAD3EDE
:106DD00017E7703FD47CAC3E0809713F77BFAB3EEC
:106DE000D42A713F0102AB3E7A4C713F6F44AA3EF8
:106DF000FB6D713FC486A93E578F713FFEC8A83E08
:106E00008EB0713F1F0BA83E9FD1713F254DA73E0D
:106E10008CF2713F128FA63E5213723FE5D0A53E11
:106E2000F433723F9F12A53E7054723F3F54A43E0C
:106E3000C774723FC595A33EF894723F33D7A23E04
:106E400004B5723F8718A23EEBD4723FC259A13EEF
:106E5000ACF4723FE59AA03E4714733FEEDB9F3ED1
:106E6000BE33733FDF1C9F3E0E53733FB85D9E3EA3
:106E70003972733F789E9D3E3F91733F20DF9C3E69
:106E80001FB0733FAF1F9C3ED9CE733F27609B3E20
:106E90006EED733F86A09A3EDD0B743FCEE0993EC7
:106EA000272A743FFE20993E4B48743F1661983E56
:106EB0004966743F17A1973E2284743F00E1963ED5
:106EC000D5A1743FD220963E62BF743F8D60953E3F
:106ED000C9DC743F31A0943E0BFA743FBFDF933E90
:106EE0002717753F351F933E1D34753F945E923EC4
:106EF000ED50753FDD9D913E976D753F10DD903EE5
:106F00001C8A753F2C1C903E7BA6753F325B8F3EE2
:106F1000B3C2753F229A8E3EC6DE753FFCD88D3EC9
:106F2000B3FA753FC0178D3E7A16763F6E568C3E8B
:106F30001B32763F07958B3E974D763F8AD38A3E2C
:106F4000EC68763FF8118A3E1B84763F5050893EAC
:106F5000249F763F938E883E07BA763FC1CC873E0A
:106F6000C4D4763FDA0A873E5BEF763FDF48863E41
:106F7000CC09773FCE86853E1724773FAAC4843E4E
:106F80003C3E773F7002843E3A58773F2240833E32
:106F90001372773FC07D823EC58B773F4ABB813EEF
:106FA00051A5773FC0F8803EB7BE773F2236803E7E
:106FB000F7D7773FE1E67E3E10F1773F56617D3EA1
:106FC000040A783FA4DB7B3ED122783FCB557A3E42
:106FD000773B783FCCCF783EF853783FA649773E51
:106FE000526C783F5AC3753E8684783FE83C743EC5
:106FF000939C783F51B6723E7BB4783F942F713E9C
:107000003BCC783FB2A86F3ED6E3783FAB216E3ED3
:107010004AFB783F7F9A6C3E9812793F2F136B3E64
:10702000BF29793FBA8B693EC040793F2204683E50
:107030009A57793F667C663E4E6E793F86F4643E91
:10704000DC84793F836C633E439B793F5CE4613E23
:1070500083B1793F135C603E9DC7793FA8D35E3E04
:1070600091DD793F1A4B5D3E5EF3793F6AC25B3E2C
:1070700004097A3F97395A3E841E7A3FA4B0583E9D
:10708000DD337A3F8F27573E10497A3F589E553E51
:107090001C5E7A3F0115543E02737A3F898B523E43
:1070A000C1877A3FF101513E599C7A3F38784F3E73
:1070B000CBB07A3F60EE4D3E16C57A3F67644C3EDA
:1070C0003AD97A3F4FDA4A3E37ED7A3F1850493E77
:1070D0000E017B3FC2C5473EBE147B3F4D3B463E43
:1070E00048287B3FB9B0443EAB3B7B3F0726433E3D
:1070F000E74E7B3F379B413EFC617B3F4910403E62
:10710000EA747B3F3E853E3EB2877B3F15FA3C3EAC
:10711000539A7B3FCF6E3B3ECDAC7B3F6CE3393E19
:1071200020BF7B3FEC57383E4DD17B3F50CC363EA5
:1071300053E37B3F9840353E31F57B3FC4B4333E4B
:10714000E9067C3FD428323E7A187C3FC99C303E09
:10715000E5297C3FA2102F3E283B7C3F61842D3ED9
:10716000444C7C3F04F82B3E3A5D7C3F8D6B2A3EBD
:10717000086E7C3FFCDE283EB07E7C3F5152273EAD
:10718000318F7C3F8CC5253E8A9F7C3FAD38243EA5
:10719000BDAF7C3FB6AB223EC9BF7C3FA51E213EA2
:1071A000AECF7C3F7B911F3E6CDF7C3F38041E3EA0
:1071B00003EF7C3FDE761C3E73FE7C3F6BE91A3E9C
:1071C000BC0D7D3FE05B193EDD1C7D3F3DCE173E93
:1071D000D82B7D3F8340163EAC3A7D3FB2B2143E81
:1071E00059497D3FCA24133EDE577D3FCC96113E60
:1071F0003D667D3FB708103E74747D3F8B7A0E3E2E
:1072000085827D3F4AEC0C3E6E907D3FF35D0B3EE8
:10721000309E7D3F86CF093ECCAB7D3F0541083E89
:1072200040B97D3F6EB2063E8CC67D3FC223053E0F
:10723000B2D37D3F0295033EB1E07D3F2E06023E74
:1072400088ED7D3F4577003E38FA7D3F92D0FD3D89
:10725000C2067E3F73B2FA3D24137E3F2C94F73D65
:107260005E1F7E3FC075F43D722B7E3F2E57F13D71
:107270005E377E3F7638EE3D23437E3F9A19EB3DE5
:10728000C14E7E3F9AFAE73D385A7E3F76DBE43DB9
:1072900088657E3F2EBCE13DB0707E3FC49CDE3DE4
:1072A000B17B7E3F377DDB3D8B867E3F895DD83D60
:1072B0003D917E3FB93DD53DC99B7E3FC81DD23D26
:1072C0002DA67E3FB7FDCE3D69B07E3F86DDCB3D2E
:1072D0007FBA7E3F36BDC83D6DC47E3FC69CC53D6E
:1072E00034CE7E3F397CC23DD4D77E3F8D5BBF3DDF
:1072F0004CE17E3FC33ABC3D9DEA7E3FDD19B93D7E
:10730000C7F37E3FDAF8B53DC9FC7E3FBBD7B23D3F
:10731000A4057F3F80B6AF3D580E7F3F2B95AC3D17
:10732000E4167F3FBA73A93D491F7F3F3052A63D07
:1073300087277F3F8C30A33D9D2F7F3FCF0EA03D01
:107340008D377F3FF9EC9C3D543F7F3F0ACB993D01
:10735000F4467F3F05A9963D6D4E7F3FE786933DFE
:10736000BF557F3FB464903DE95C7F3F6A428D3DED
:10737000EC637F3F0A208A3DC76A7F3F94FD863DCC
:107380007B717F3F0ADB833D08787F3F6CB8803D8F
:107390006D7E7F3F742B7B3DAB847F3FE9E5743D81
:1073A000C28A7F3F38A06E3DB1907F3F625A683DF0
:1073B00078967F3F6814623D189C7F3F4CCE5B3DC2
:1073C00091A17F3F0E88553DE3A67F3FAF414F3DE2
:1073D0000DAC7F3F2FFB483D0FB17F3F91B4423D45
:1073E000EAB57F3FD56D3C3D9EBA7F3FFC26363DDA
:1073F0002ABF7F3F07E02F3D8FC37F3FF698293D8F
:10740000CCC77F3FCC51233DE2CB7F3F880A1D3D57
:10741000D1CF7F3F2CC3163D98D37F3FB87B103D23
:1074200037D77F3F2F340A3DAFDA7F3F90EC033DE3
:1074300000DE7F3FB949FB3C29E17F3F2DBAEE3C9E
:107440002BE47F3F7B2AE23C05E77F3FA69AD53CB1
:10745000B8E97F3FB00AC93C43EC7F3F9B7ABC3C14
:10746000A7EE7F3F69EAAF3CE3F07F3F1C5AA33CA5
:10747000F8F27F3FB6C9963CE6F47F3F38398A3C44
:10748000ACF67F3F4B517B3C4AF87F3F0030623C7B
:10749000C1F97F3F900E493C11FB7F3F02ED2F3C2D
:1074A00039FC7F3F59CB163C39FD7F3F3053FB3BC6
:1074B00013FE7F3F890FC93BC4FE7F3FC1CB963B84
:1074C0004EFF7F3FC70F493BB1FF7F3FD40FC93A03
:1074D000ECFF7F3F000000000000803FD40FC9BADE
:1074E000ECFF7F3FC70F49BBB1FF7F3FC1CB96BBCE
:1074F0004EFF7F3F890FC9BBC4FE7F3F3053FBBBAC
:1075000013FE7F3F59CB16BC39FD7F3F02ED2FBCE8
:1075100039FC7F3F900E49BC11FB7F3F003062BCBD
:10752000C1F97F3F4B517BBC4AF87F3F38398ABC59
:10753000ACF67F3FB6C996BCE6F47F3F1C5AA3BCAD
:10754000F8F27F3F69EAAFBCE3F07F3F9B7ABCBCB7
:10755000A7EE7F3FB00AC9BC43EC7F3FA69AD5BCDB
:10756000B8E97F3F7B2AE2BC05E77F3F2DBAEEBC3E
:107570002BE47F3FB949FBBC29E17F3F90EC03BD81
:1075800000DE7F3F2F340ABDAFDA7F3FB87B10BDEE
:1075900037D77F3F2CC316BD98D37F3F880A1DBDC8
:1075A000D1CF7F3FCC5123BDE2CB7F3FF69829BDA1
:1075B000CCC77F3F07E02FBD8FC37F3FFC2636BD82
:1075C0002ABF7F3FD56D3CBD9EBA7F3F91B442BD7F
:1075D000EAB57F3F2FFB48BD0FB17F3FAF414FBDA5
:1075E0000DAC7F3F0E8855BDE3A67F3F4CCE5BBD03
:1075F00091A17F3F681462BD189C7F3F625A68BDAD
:1076000078967F3F38A06EBDB1907F3FE9E574BDAD
:10761000C28A7F3F742B7BBDAB847F3F6CB880BD3B
:107620006D7E7F3F0ADB83BD08787F3F94FD86BD7A
:107630007B717F3F0A208ABDC76A7F3F6A428DBD4A
:10764000EC637F3FB46490BDE95C7F3FE78693BD08
:10765000BF557F3F05A996BD6D4E7F3F0ACB99BDB3
:10766000F4467F3FF9EC9CBD543F7F3FCF0EA0BD59
:107670008D377F3F8C30A3BD9D2F7F3F3052A6BDFD
:1076800087277F3FBA73A9BD491F7F3F2B95ACBDAC
:10769000E4167F3F80B6AFBD580E7F3FBBD7B2BD6B
:1076A000A4057F3FDAF8B5BDC9FC7E3FDD19B9BD41
:1076B000C7F37E3FC33ABCBD9DEA7E3F8D5BBFBD35
:1076C0004CE17E3F397CC2BDD4D77E3FC69CC5BD50
:1076D00034CE7E3F36BDC8BD6DC47E3F86DDCBBD9A
:1076E0007FBA7E3FB7FDCEBD69B07E3FC81DD2BD1B
:1076F0002DA67E3FB93DD5BDC99B7E3F895DD8BDD6
:107700003D917E3F377DDBBD8B867E3FC49CDEBDD9
:10771000B17B7E3F2EBCE1BDB0707E3F76DBE4BD29
:1077200088657E3F9AFAE7BD385A7E3F9A19EBBDCD
:10773000C14E7E3F7638EEBD23437E3F2E57F1BDCE
:107740005E377E3FC075F4BD722B7E3F2C94F7BD33
:107750005E1F7E3F73B2FABD24137E3F92D0FDBD03
:10776000C2067E3F457700BE38FA7D3F2E0602BE38
:1077700088ED7D3F029503BEB1E07D3FC22305BE8B
:10778000B2D37D3F6EB206BE8CC67D3F054108BEBA
:1077900040B97D3F86CF09BECCAB7D3FF35D0BBECC
:1077A000309E7D3F4AEC0CBE6E907D3F8B7A0EBEC4
:1077B00085827D3FB70810BE74747D3FCC9611BEA4
:1077C0003D667D3FCA2413BEDE577D3FB2B214BE74
:1077D00059497D3F834016BEAC3A7D3F3DCE17BE32
:1077E000D82B7D3FE05B19BEDD1C7D3F6BE91ABEE7
:1077F000BC0D7D3FDE761CBE73FE7C3F38041EBE92
:1078000003EF7C3F7B911FBE6CDF7C3FA51E21BE3A
:10781000AECF7C3FB6AB22BEC9BF7C3FAD3824BEE5
:10782000BDAF7C3F8CC525BE8A9F7C3F515227BE91
:10783000318F7C3FFCDE28BEB07E7C3F8D6B2ABE44
:10784000086E7C3F04F82BBE3A5D7C3F61842DBE00
:10785000444C7C3FA2102FBE283B7C3FC99C30BECD
:10786000E5297C3FD42832BE7A187C3FC4B433BEAD
:10787000E9067C3F984035BE31F57B3F50CC36BEA3
:1078800053E37B3FEC5738BE4DD17B3F6CE339BEB1
:1078900020BF7B3FCF6E3BBECDAC7B3F15FA3CBEDD
:1078A000539A7B3F3E853EBEB2877B3F491040BE28
:1078B000EA747B3F379B41BEFC617B3F072643BE9A
:1078C000E74E7B3FB9B044BEAB3B7B3F4D3B46BE32
:1078D00048287B3FC2C547BEBE147B3F185049BEF7
:1078E0000E017B3F4FDA4ABE37ED7A3F67644CBEEC
:1078F0003AD97A3F60EE4DBE16C57A3F38784FBE12
:10790000CBB07A3FF10151BE599C7A3F898B52BE70
:10791000C1877A3F011554BE02737A3F589E55BE07
:107920001C5E7A3F8F2757BE10497A3FA4B058BEDD
:10793000DD337A3F97395ABE841E7A3F6AC25BBEF6
:1079400004097A3F1A4B5DBE5EF3793FA8D35EBE51
:1079500091DD793F135C60BE9DC7793F5CE461BEF9
:1079600083B1793F836C63BE439B793F86F464BEE9
:10797000DC84793F667C66BE4E6E793F220468BE29
:107980009A57793FBA8B69BEC040793F2F136BBEBF
:10799000BF29793F7F9A6CBE9812793FAB216EBEAA
:1079A0004AFB783FB2A86FBED6E3783F942F71BEF2
:1079B0003BCC783F51B672BE7BB4783FE83C74BE96
:1079C000939C783F5AC375BE8684783FA64977BE9C
:1079D000526C783FCCCF78BEF853783FCB557ABE07
:1079E000773B783FA4DB7BBED122783F56617DBEDA
:1079F000040A783FE1E67EBE10F1773F223680BE72
:107A0000F7D7773FC0F880BEB7BE773F4ABB81BE8D
:107A100051A5773FC07D82BEC58B773F224083BE94
:107A20001372773F700284BE3A58773FAAC484BE6F
:107A30003C3E773FCE8685BE1724773FDF4886BE23
:107A4000CC09773FDA0A87BE5BEF763FC1CC87BEB1
:107A5000C4D4763F938E88BE07BA763F505089BE15
:107A6000249F763FF8118ABE1B84763F8AD38ABE54
:107A7000EC68763F07958BBE974D763F6E568CBE71
:107A80001B32763FC0178DBE7A16763FFCD88DBE6E
:107A9000B3FA753F229A8EBEC6DE753F325B8FBE4B
:107AA000B3C2753F2C1C90BE7BA6753F10DD90BE07
:107AB0001C8A753FDD9D91BE976D753F945E92BEA9
:107AC000ED50753F351F93BE1D34753FBFDF93BE2C
:107AD0002717753F31A094BE0BFA743F8D6095BE99
:107AE000C9DC743FD22096BE62BF743F00E196BEEF
:107AF000D5A1743F17A197BE2284743F166198BE2A
:107B00004966743FFE2099BE4B48743FCEE099BE53
:107B1000272A743F86A09ABEDD0B743F27609BBE68
:107B20006EED733FAF1F9CBED9CE733F20DF9CBE6E
:107B30001FB0733F789E9DBE3F91733FB85D9EBE60
:107B40003972733FDF1C9FBE0E53733FEEDB9FBE47
:107B5000BE33733FE59AA0BE4714733FC259A1BE1E
:107B6000ACF4723F8718A2BEEBD4723F33D7A2BEEB
:107B700004B5723FC595A3BEF894723F3F54A4BEAE
:107B8000C774723F9F12A5BE7054723FE5D0A5BE68
:107B9000F433723F128FA6BE5213723F254DA7BE1B
:107BA0008CF2713F1F0BA8BE9FD1713FFEC8A8BECB
:107BB0008EB0713FC486A9BE578F713F6F44AABE75
:107BC000FB6D713F0102ABBE7A4C713F77BFABBE1C
:107BD000D42A713FD47CACBE0809713F153AADBEC2
:107BE00017E7703F3CF7ADBE02C5703F49B4AEBE6B
:107BF000C6A2703F3A71AFBE6680703F102EB0BE15
:107C0000E15D703FCBEAB0BE373B703F6BA7B1BEC2
:107C10006718703FEF63B2BE73F56F3F5820B3BE75
:107C20005AD26F3FA5DCB3BE1BAF6F3FD698B4BE30
:107C3000B88B6F3FEC54B5BE30686F3FE610B6BEF0
:107C400083446F3FC3CCB6BEB0206F3F8488B7BEBD
:107C5000BAFC6E3F2A44B8BE9ED86E3FB2FFB8BE93
:107C60005DB46E3F1EBBB9BEF88F6E3F6E76BABE76
:107C70006D6B6E3FA031BBBEBE466E3FB6ECBBBE69
:107C8000EB216E3FAFA7BCBEF2FC6D3F8B62BDBE69
:107C9000D5D76D3F4A1DBEBE93B26D3FEBD7BEBE7A
:107CA0002D8D6D3F6F92BFBEA1676D3FD54CC0BE9D
:107CB000F2416D3F1E07C1BE1D1C6D3F48C1C1BED4
:107CC00024F66C3F557BC2BE07D06C3F4435C3BE23
:107CD000C5A96C3F15EFC3BE5E836C3FC8A8C4BE88
:107CE000D45C6C3F5C62C5BE24366C3FD21BC6BE02
:107CF000500F6C3F29D5C6BE58E86B3F628EC7BE99
:107D00003BC16B3F7C47C8BEFB996B3F7700C9BE48
:107D100095726B3F53B9C9BE0C4B6B3F1072CABE14
:107D20005E236B3FAE2ACBBE8CFB6A3F2CE3CBBEFF
:107D300095D36A3F8B9BCCBE7BAB6A3FCA53CDBE0B
:107D40003C836A3FEA0BCEBED95A6A3FEAC3CEBE35
:107D500052326A3FCA7BCFBEA7096A3F8A33D0BE80
:107D6000D7E0693F2AEBD0BEE4B7693FAAA2D1BEF3
:107D7000CC8E693F095AD2BE9165693F4811D3BE86
:107D8000323C693F67C8D3BEAE12693F647FD4BE40
:107D900007E9683F4136D5BE3CBF683FFDECD5BE24
:107DA0004C95683F99A3D6BE396B683F135AD7BE2E
:107DB0000341683F6B10D8BEA816683FA3C6D8BE63
:107DC0002AEC673FB97CD9BE87C1673FAD32DABEC6
:107DD000C196673F80E8DABED86B673F319EDBBE55
:107DE000CA40673FC153DCBE9915673F2E09DDBE0F
:107DF00045EA663F79BEDDBECCBE663FA273DEBEFD
:107E00003093663FA928DFBE7167663F8DDDDFBE18
:107E10008E3B663F4F92E0BE880F663FEE46E1BE66
:107E20005EE3653F6AFBE1BE10B7653FC4AFE2BEEB
:107E3000A08A653FFA63E3BE0B5E653F0E18E4BEA1
:107E40005431653FFECBE4BE7904653FCB7FE5BE90
:107E50007BD7643F7533E6BE59AA643FFBE6E6BEB6
:107E6000147D643F5D9AE7BEAC4F643F9C4DE8BE15
:107E70002122643FB700E9BE73F4633FAEB3E9BEAD
:107E8000A1C6633F8166EABEAC98633F3019EBBE82
:107E9000956A633FBBCBEBBE5A3C633F217EECBE91
:107EA000FC0D633F6330EDBE7BDF623F80E2EDBEE1
:107EB000D7B0623F7994EEBE1082623F4C46EFBE6F
:107EC0002653623FFBF7EFBE1A24623F85A9F0BE3E
:107ED000EAF4613FEA5AF1BE98C5613F290CF2BE4F
:107EE0002296613F43BDF2BE8A66613F386EF3BEA3
:107EF000D036613F071FF4BEF206613FB1CFF4BE3A
:107F0000F2D6603F3580F5BECFA6603F9330F6BE17
:107F10008976603FCBE0F6BE2146603FDC90F7BE3D
:107F20009615603FC840F8BEE9E45F3F8EF0F8BEAA
:107F300019B45F3F2DA0F9BE27835F3FA54FFABE5E
:107F400012525F3FF7FEFABEDB205F3F22AEFBBE60
:107F500081EF5E3F275DFCBE05BE5E3F040CFDBEAB
:107F6000678C5E3FBBBAFDBEA65A5E3F4A69FEBE45
:107F7000C3285E3FB217FFBEBEF65D3FF3C5FFBE2E
:107F800097C45D3F063A00BF4D925D3FFF9000BF32
:107F9000E15F5D3FE4E700BF532D5D3FB53E01BFAC
:107FA000A3FA5C3F739501BFD1C75C3F1CEC01BFD6
:107FB000DD945C3FB14202BFC7615C3F329902BFB2
:107FC0008E2E5C3F9FEF02BF34FB5B3FF84503BF43
:107FD000B8C75B3F3D9C03BF1A945B3F6DF203BF84
:107FE0005A605B3F894804BF792C5B3F919E04BF78
:107FF00075F85A3F84F404BF50C45A3F624A05BF23
:1080000009905A3F2CA005BFA05B5A3FE2F505BF7F
:1080100016275A3F824B06BF6AF2593F0EA106BF90
:108020009CBD593F86F606BFAD88593FE84B07BF58
:108030009C53593F36A107BF6A1E593F6FF607BFD1
:1080400017E9583F924B08BFA1B3583FA1A008BF02
:108050000B7E583F9BF508BF5348583F7F4A09BFE6
:108060007912583F4E9F09BF7FDC573F09F409BF83
:1080700063A6573FAD480ABF2670573F3D9D0ABFD4
:10808000C739573FB7F10ABF4803573F1C460BBFDC
:10809000A7CC563F6B9A0BBFE595563FA5EE0BBF9D
:1080A000025F563FC9420CBFFE27563FD7960CBF12
:1080B000D9F0553FD0EA0CBF93B9553FB33E0DBF41
:1080C0002C82553F81920DBFA44A553F38E60DBF23
:1080D000FB12553FDA390EBF31DB543F658D0EBFC1
:1080E00047A3543FDBE00EBF3B6B543F3B340FBF15
:1080F0000F33543F84870FBFC3FA533FB8DA0FBF23
:1081000055C2533FD52D10BFC789533FDC8010BFE8
:108110001851533FCDD310BF4918533FA72611BF65
:1081200059DF523F6B7911BF49A6523F19CC11BF9D
:10813000186D523FB01E12BFC633523F307112BF8E
:1081400054FA513F9AC312BFC2C0513FEE1513BF3C
:108150001087513F2A6813BF3D4D513F50BA13BF9E
:108160004A13513F5F0C14BF37D9503F585E14BFBC
:10817000039F503F39B014BFAF64503F040215BF96
:108180003B2A503FB75315BFA8EF4F3F54A515BF2B
:10819000F4B44F3FD9F615BF1F7A4F3F474816BF7B
:1081A0002B3F4F3F9F9916BF17044F3FDFEA16BF83
:1081B000E4C84E3F073C17BF908D4E3F188D17BF48
:1081C0001C524E3F12DE17BF89164E3FF52E18BFC8
:1081D000D5DA4D3FC07F18BF029F4D3F73D018BF07
:1081E00010634D3F0F2119BFFD264D3F947119BFFC
:1081F000CBEA4C3F00C219BF79AE4C3F55121ABFB3
:1082000008724C3F93621ABF78354C3FB8B21ABF20
:10821000C7F84B3FC6021BBFF8BB4B3FBB521BBF4F
:10822000097F4B3F99A21BBFFA414B3F5FF21BBF37
:10823000CC044B3F0C421CBF7FC74A3FA2911CBFDE
:10824000138A4A3F1FE11CBF874C4A3F84301DBF41
:10825000DC0E4A3FD17F1DBF12D1493F06CF1DBF63
:108260002993493F221E1EBF2155493F266D1EBF3F
:10827000FA16493F12BC1EBFB3D8483FE50A1FBFDC
:108280004E9A483F9F591FBFCA5B483F41A81FBF36
:10829000271D483FCBF61FBF65DE473F3B4520BF4C
:1082A000849F473F939320BF8560473FD2E120BF23
:1082B0006721473FF92F21BF2AE2463F067E21BFB3
:1082C000CEA2463FFBCB21BF5463463FD71922BF06
:1082D000BB23463F996722BF03E4453F43B522BF16
:1082E0002DA4453FD30223BF3964453F4B5023BFE4
:1082F0002624453FA99D23BFF5E3443FEEEA23BF73
:10830000A5A3443F1A3824BF3763443F2C8524BFBC
:10831000AB22443F25D224BF00E2433F041F25BFC8
:1083200038A1433FCB6B25BF5160433F77B825BF92
:108330004C1F433F0A0526BF29DE423F845126BF1A
:10834000E89C423FE39D26BF895B423F2AEA26BF65
:108350000B1A423F563627BF70D8413F688227BF6D
:10836000B796413F61CE27BFE154413F401A28BF35
:10837000EC12413F056628BFDAD0403FB0B128BFBC
:10838000A98E403F41FD28BF5C4C403FB84829BF03
:10839000F009403F159429BF67C73F3F57DF29BF0A
:1083A000C0843F3F802A2ABFFC413F3F8E752ABFD1
:1083B0001BFF3E3F82C02ABF1BBC3E3F5B0B2BBF57
:1083C000FF783E3F1B562BBFC5353E3FBFA02BBF9E
:1083D0006EF23D3F4AEB2BBFF9AE3D3FB9352CBFA6
:1083E000676B3D3F0F802CBFB8273D3F49CA2CBF6C
:1083F000ECE33C3F69142DBF03A03C3F6F5E2DBFF3
:10840000FC5B3C3F59A82DBFD9173C3F29F22DBF3B
:1084100098D33B3FDE3B2EBF3B8F3B3F78852EBF43
:10842000C14A3B3FF7CE2EBF29063B3F5B182FBF0B
:1084300075C13A3FA5612FBFA47C3A3FD3AA2FBF95
:10844000B7373A3FE6F32FBFACF2393FDE3C30BFDF
:1084500085AD393FBB8530BF4268393F7CCE30BFE8
:10846000E122393F221731BF65DD383FAD5F31BFB3
:10847000CB97383F1DA831BF1652383F71F031BF3E
:10848000430C383FAA3832BF55C6373FC78032BF8A
:108490004A80373FC9C832BF233A373FAF1033BF96
:1084A000DFF3363F7A5833BF7FAD363F29A033BF65
:1084B0000467363FBCE733BF6C20363F342F34BFF0
:1084C000B8D9353F8F7634BFE792353FCFBD34BF43
:1084D000FB4B353FF30435BFF304353FFB4B35BF52
:1084E000CFBD343FE79235BF8F76343FB8D935BF23
:1084F000342F343F6C2036BFBCE7333F046736BFB0
:1085000029A0333F7FAD36BF7A58333FDFF336BF04
:10851000AF10333F233A37BFC9C8323F4A8037BF15
:10852000C780323F55C637BFAA38323F430C38BFE9
:1085300071F0313F165238BF1DA8313FCB9738BF7D
:10854000AD5F313F65DD38BF2217313FE12239BFD2
:108550007CCE303F426839BFBB85303F85AD39BFE7
:10856000DE3C303FACF239BFE6F32F3FB7373ABFBE
:10857000D3AA2F3FA47C3ABFA5612F3F75C13ABF54
:108580005B182F3F29063BBFF7CE2E3FC14A3BBFAA
:1085900078852E3F3B8F3BBFDE3B2E3F98D33BBFC2
:1085A00029F22D3FD9173CBF59A82D3FFC5B3CBF9A
:1085B0006F5E2D3F03A03CBF69142D3FECE33CBF31
:1085C00049CA2C3FB8273DBF0F802C3F676B3DBF8A
:1085D000B9352C3FF9AE3DBF4AEB2B3F6EF23DBFA4
:1085E000BFA02B3FC5353EBF1B562B3FFF783EBF7C
:1085F0005B0B2B3F1BBC3EBF82C02A3F1BFF3EBF15
:108600008E752A3FFC413FBF802A2A3FC0843FBF6E
:1086100057DF293F67C73FBF1594293FF00940BF87
:10862000B848293F5C4C40BF41FD283FA98E40BF60
:10863000B0B1283FDAD040BF0566283FEC1241BFF9
:10864000401A283FE15441BF61CE273FB79641BF52
:108650006882273F70D841BF5636273F0B1A42BF6A
:108660002AEA263F895B42BFE39D263FE89C42BF42
:108670008451263F29DE42BF0A05263F4C1F43BFD7
:1086800077B8253F516043BFCB6B253F38A143BF2F
:10869000041F253F00E243BF25D2243FAB2244BF45
:1086A0002C85243F376344BF1A38243FA5A344BF19
:1086B000EEEA233FF5E344BFA99D233F262445BFAF
:1086C0004B50233F396445BFD302233F2DA445BF00
:1086D00043B5223F03E445BF9967223FBB2346BF12
:1086E000D719223F546346BFFBCB213FCEA246BFE2
:1086F000067E213F2AE246BFF92F213F672147BF6F
:10870000D2E1203F856047BF9393203F849F47BFBE
:108710003B45203F65DE47BFCBF61F3F271D48BFC7
:1087200041A81F3FCA5B48BF9F591F3F4E9A48BF91
:10873000E50A1F3FB3D848BF12BC1E3FFA1649BF17
:10874000266D1E3F215549BF221E1E3F299349BF5A
:1087500006CF1D3F12D149BFD17F1D3FDC0E4ABF5E
:1087600084301D3F874C4ABF1FE11C3F138A4ABF1C
:10877000A2911C3F7FC74ABF0C421C3FCC044BBF99
:108780005FF21B3FFA414BBF99A21B3F097F4BBFD2
:10879000BB521B3FF8BB4BBFC6021B3FC7F84BBFCA
:1087A000B8B21A3F78354CBF93621A3F08724CBF7B
:1087B00055121A3F79AE4CBF00C2193FCBEA4CBFED
:1087C0009471193FFD264DBF0F21193F10634DBF16
:1087D00073D0183F029F4DBFC07F183FD5DA4DBF01
:1087E000F52E183F89164EBF12DE173F1C524EBFA2
:1087F000188D173F908D4EBF073C173FE4C84EBF02
:10880000DFEA163F17044FBF9F99163F2B3F4FBF1C
:108810004748163F1F7A4FBFD9F6153FF4B44FBFF4
:1088200054A5153FA8EF4FBFB753153F3B2A50BF84
:108830000402153FAF6450BF39B0143F039F50BFCF
:10884000585E143F37D950BF5F0C143F4A1351BFD5
:1088500050BA133F3D4D51BF2A68133F108751BF97
:10886000EE15133FC2C051BF9AC3123F54FA51BF15
:108870003071123FC63352BFB01E123F186D52BF47
:1088800019CC113F49A652BF6B79113F59DF52BF36
:10889000A726113F491853BFCDD3103F185153BFDE
:1088A000DC80103FC78953BFD52D103F55C253BF41
:1088B000B8DA0F3FC3FA53BF84870F3F0F3354BF5B
:1088C0003B340F3F3B6B54BFDBE00E3F47A354BF2D
:1088D000658D0E3F31DB54BFDA390E3FFB1255BFB9
:1088E00038E60D3FA44A55BF81920D3F2C8255BFFB
:1088F000B33E0D3F93B955BFD0EA0C3FD9F055BFF9
:10890000D7960C3FFE2756BFC9420C3F025F56BFA9
:10891000A5EE0B3FE59556BF6B9A0B3FA7CC56BF14
:108920001C460B3F480357BFB7F10A3FC73957BF33
:108930003D9D0A3F267057BFAD480A3F63A657BF0B
:1089400009F4093F7FDC57BF4E9F093F791258BF9A
:108950007F4A093F534858BF9BF5083F0B7E58BFDD
:10896000A1A0083FA1B358BF924B083F17E958BFD9
:108970006FF6073F6A1E59BF36A1073F9C5359BF88
:10898000E84B073FAD8859BF86F6063F9CBD59BFEF
:108990000EA1063F6AF259BF824B063F16275ABF07
:1089A000E2F5053FA05B5ABF2CA0053F09905ABFD6
:1089B000624A053F50C45ABF84F4043F75F85ABF59
:1089C000919E043F792C5BBF8948043F5A605BBF8E
:1089D0006DF2033F1A945BBF3D9C033FB8C75BBF7A
:1089E000F845033F34FB5BBF9FEF023F8E2E5CBF19
:1089F0003299023FC7615CBFB142023FDD945CBF68
:108A00001CEC013FD1C75CBF7395013FA3FA5CBF6B
:108A1000B53E013F532D5DBFE4E7003FE15F5DBF21
:108A2000FF90003F4D925DBF063A003F97C45DBF87
:108A3000F3C5FF3EBEF65DBFB217FF3EC3285EBF63
:108A40004A69FE3EA65A5EBFBBBAFD3E678C5EBF5A
:108A5000040CFD3E05BE5EBF275DFC3E81EF5EBFA0
:108A600022AEFB3EDB205FBFF7FEFA3E12525FBF35
:108A7000A54FFA3E27835FBF2DA0F93E19B45FBF13
:108A80008EF0F83EE9E45FBFC840F83E961560BF3F
:108A9000DC90F73E214660BFCBE0F63E897660BFB2
:108AA0009330F63ECFA660BF3580F53EF2D660BF6C
:108AB000B1CFF43EF20661BF071FF43ED03661BF6E
:108AC000386EF33E8A6661BF43BDF23E229661BFB7
:108AD000290CF23E98C561BFEA5AF13EEAF461BF43
:108AE00085A9F03E1A2462BFFBF7EF3E265362BF12
:108AF0004C46EF3E108262BF7994EE3ED7B062BF23
:108B000080E2ED3E7BDF62BF6330ED3EFC0D63BF74
:108B1000217EEC3E5A3C63BFBBCBEB3E956A63BF04
:108B20003019EB3EAC9863BF8166EA3EA1C663BFD5
:108B3000AEB3E93E73F463BFB700E93E212264BFE0
:108B40009C4DE83EAC4F64BF5D9AE73E147D64BF28
:108B5000FBE6E63E59AA64BF7533E63E7BD764BFA9
:108B6000CB7FE53E790465BFFECBE43E543165BF63
:108B70000E18E43E0B5E65BFFA63E33EA08A65BF54
:108B8000C4AFE23E10B765BF6AFBE13E5EE365BF7E
:108B9000EE46E13E880F66BF4F92E03E8E3B66BFD9
:108BA0008DDDDF3E716766BFA928DF3E309366BF6B
:108BB000A273DE3ECCBE66BF79BEDD3E45EA66BF2F
:108BC0002E09DD3E991567BFC153DC3ECA4067BF21
:108BD000319EDB3ED86B67BF80E8DA3EC19667BF47
:108BE000AD32DA3E87C167BFB97CD93E2AEC67BF98
:108BF000A3C6D83EA81668BF6B10D83E034168BF15
:108C0000135AD73E396B68BF99A3D63E4C9568BFBF
:108C1000FDECD53E3CBF68BF4136D53E07E968BF95
:108C2000647FD43EAE1269BF67C8D33E323C69BF91
:108C30004811D33E916569BF095AD23ECC8E69BFB7
:108C4000AAA2D13EE4B769BF2AEBD03ED7E069BF04
:108C50008A33D03EA7096ABFCA7BCF3E52326ABF71
:108C6000EAC3CE3ED95A6ABFEA0BCE3E3C836ABF06
:108C7000CA53CD3E7BAB6ABF8B9BCC3E95D36ABFBC
:108C80002CE3CB3E8CFB6ABFAE2ACB3E5E236BBF90
:108C90001072CA3E0C4B6BBF53B9C93E95726BBF85
:108CA0007700C93EFB996BBF7C47C83E3BC16BBF99
:108CB000628EC73E58E86BBF29D5C63E500F6CBFC9
:108CC000D21BC63E24366CBF5C62C53ED45C6CBF12
:108CD000C8A8C43E5E836CBF15EFC33EC5A96CBF78
:108CE0004435C33E07D06CBF557BC23E24F66CBFF3
:108CF00048C1C13E1D1C6DBF1E07C13EF2416DBF84
:108D0000D54CC03EA1676DBF6F92BF3E2D8D6DBF2C
:108D1000EBD7BE3E93B26DBF4A1DBE3ED5D76DBFE9
:108D20008B62BD3EF2FC6DBFAFA7BC3EEB216EBFB8
:108D3000B6ECBB3EBE466EBFA031BB3E6D6B6EBF98
:108D40006E76BA3EF88F6EBF1EBBB93E5DB46EBF85
:108D5000B2FFB83E9ED86EBF2A44B83EBAFC6EBF82
:108D60008488B73EB0206FBFC3CCB63E83446FBF8C
:108D7000E610B63E30686FBFEC54B53EB88B6FBF9F
:108D8000D698B43E1BAF6FBFA5DCB33E5AD26FBFBF
:108D90005820B33E73F56FBFEF63B23E671870BFE4
:108DA0006BA7B13E373B70BFCBEAB03EE15D70BF11
:108DB000102EB03E668070BF3A71AF3EC6A270BF43
:108DC00049B4AE3E02C570BF3CF7AD3E17E770BF79
:108DD000153AAD3E080971BFD47CAC3ED42A71BFB0
:108DE00077BFAB3E7A4C71BF0102AB3EFB6D71BFEA
:108DF0006F44AA3E578F71BFC486A93E8EB071BF23
:108E0000FEC8A83E9FD171BF1F0BA83E8CF271BF58
:108E1000254DA73E521372BF128FA63EF43372BF88
:108E2000E5D0A53E705472BF9F12A53EC77472BFB5
:108E30003F54A43EF89472BFC595A33E04B572BFDB
:108E400033D7A23EEBD472BF8718A23EACF472BFF8
:108E5000C259A13E471473BFE59AA03EBE3373BF0B
:108E6000EEDB9F3E0E5373BFDF1C9F3E397273BF14
:108E7000B85D9E3E3F9173BF789E9D3E1FB073BF0D
:108E800020DF9C3ED9CE73BFAF1F9C3E6EED73BFFB
:108E900027609B3EDD0B74BF86A09A3E272A74BFD5
:108EA000CEE0993E4B4874BFFE20993E496674BFA0
:108EB0001661983E228474BF17A1973ED5A174BF56
:108EC00000E1963E62BF74BFD220963EC9DC74BFFB
:108ED0008D60953E0BFA74BF31A0943E271775BF85
:108EE000BFDF933E1D3475BF351F933EED5075BFF8
:108EF000945E923E976D75BFDD9D913E1C8A75BF55
:108F000010DD903E7BA675BF2C1C903EB3C275BF92
:108F1000325B8F3EC6DE75BF229A8E3EB3FA75BFB6
:108F2000FCD88D3E7A1676BFC0178D3E1B3276BFB9
:108F30006E568C3E974D76BF07958B3EEC6876BF9C
:108F40008AD38A3E1B8476BFF8118A3E249F76BF5F
:108F50005050893E07BA76BF938E883EC4D476BF00
:108F6000C1CC873E5BEF76BFDA0A873ECC0977BF7C
:108F7000DF48863E172477BFCE86853E3C3E77BFCE
:108F8000AAC4843E3A5877BF7002843E137277BFFA
:108F90002240833EC58B77BFC07D823E51A577BFFF
:108FA0004ABB813EB7BE77BFC0F8803EF7D777BFD8
:108FB0002236803E10F177BFE1E67E3E040A78BF9C
:108FC00056617D3ED12278BFA4DB7B3E773B78BFE4
:108FD000CB557A3EF85378BFCCCF783E526C78BFF1
:108FE000A649773E868478BF5AC3753E939C78BF66
:108FF000E83C743E7BB478BF51B6723E3BCC78BF40
:10900000942F713ED6E378BFB2A86F3E4AFB78BF7B
:10901000AB216E3E981279BF7F9A6C3EBF2979BF13
:109020002F136B3EC04079BFBA8B693E9A5779BF08
:109030002204683E4E6E79BF667C663EDC8479BF52
:1090400086F4643E439B79BF836C633E83B179BFF2
:109050005CE4613E9DC779BF135C603E91DD79BFE2
:10906000A8D35E3E5EF379BF1A4B5D3E04097ABF1A
:109070006AC25B3E841E7ABF97395A3EDD337ABF9F
:10908000A4B0583E10497ABF8F27573E1C5E7ABF66
:10909000589E553E02737ABF0115543EC1877ABF70
:1090A000898B523E599C7ABFF101513ECBB07ABFB9
:1090B00038784F3E16C57ABF60EE4D3E3AD97ABF3A
:1090C00067644C3E37ED7ABF4FDA4A3E0E017BBFF4
:1090D0001850493EBE147BBFC2C5473E48287BBFDF
:1090E0004D3B463EAB3B7BBFB9B0443EE74E7BBFFA
:1090F0000726433EFC617BBF379B413EEA747BBF42
:109100004910403EB2877BBF3E853E3E539A7BBFAF
:1091100015FA3C3ECDAC7BBFCF6E3B3E20BF7BBF44
:109120006CE3393E4DD17BBFEC57383E53E37BBFF8
:1091300050CC363E31F57BBF9840353EE9067CBFCA
:10914000C4B4333E7A187CBFD428323EE5297CBFB4
:10915000C99C303E283B7CBFA2102F3E444C7CBFB4
:1091600061842D3E3A5D7CBF04F82B3E086E7CBFC7
:109170008D6B2A3EB07E7CBFFCDE283E318F7CBFEB
:109180005152273E8A9F7CBF8CC5253EBDAF7CBF18
:10919000AD38243EC9BF7CBFB6AB223EAECF7CBF4C
:1091A000A51E213E6CDF7CBF7B911F3E03EF7CBF81
:1091B00038041E3E73FE7CBFDE761C3EBC0D7DBFB8
:1091C0006BE91A3EDD1C7DBFE05B193ED82B7DBFED
:1091D0003DCE173EAC3A7DBF8340163E59497DBF18
:1091E000B2B2143EDE577DBFCA24133E3D667DBF3A
:1091F000CC96113E74747DBFB708103E85827DBF4A
:109200008B7A0E3E6E907DBF4AEC0C3E309E7DBF49
:10921000F35D0B3ECCAB7DBF86CF093E40B97DBF31
:109220000541083E8CC67DBF6EB2063EB2D37DBFFF
:10923000C223053EB1E07DBF0295033E88ED7DBFB0
:109240002E06023E38FA7DBF4577003EC2067EBF3D
:1092500092D0FD3D24137EBF73B2FA3D5E1F7EBFE8
:109260002C94F73D722B7EBFC075F43D5E377EBFF8
:109270002E57F13D23437EBF7638EE3DC14E7EBF73
:109280009A19EB3D385A7EBF9AFAE73D88657EBF52
:1092900076DBE43DB0707EBF2EBCE13DB17B7EBF8E
:1092A000C49CDE3D8B867EBF377DDB3D3D917EBF1E
:1092B000895DD83DC99B7EBFB93DD53D2DA67EBFFA
:1092C000C81DD23D69B07EBFB7FDCE3D7FBA7EBF1F
:1092D00086DDCB3D6DC47EBF36BDC83D34CE7EBF7E
:1092E000C69CC53DD4D77EBF397CC23D4CE17EBF14
:1092F0008D5BBF3D9DEA7EBFC33ABC3DC7F37EBFD9
:10930000DD19B93DC9FC7EBFDAF8B53DA4057FBFC4
:10931000BBD7B23D580E7FBF80B6AF3DE4167FBFCE
:109320002B95AC3D491F7FBFBA73A93D87277FBFEF
:109330003052A63D9D2F7FBF8C30A33D8D377FBF20
:10934000CF0EA03D543F7FBFF9EC9C3DF4467FBF5C
:109350000ACB993D6D4E7FBF05A9963DBF557FBF96
:10936000E786933DE95C7FBFB464903DEC637FBFCB
:109370006A428D3DC76A7FBF0A208A3D7B717FBFED
:1093800094FD863D08787FBF0ADB833D6D7E7FBFFD
:109390006CB8803DAB847FBF742B7B3DC28A7FBF9E
:1093A000E9E5743DB1907FBF38A06E3D78967FBFF0
:1093B000625A683D189C7FBF6814623D91A17FBFCF
:1093C0004CCE5B3DE3A67FBF0E88553D0DAC7FBF05
:1093D000AF414F3D0FB17FBF2FFB483DEAB57FBF87
:1093E00091B4423D9EBA7FBFD56D3C3D2ABF7FBF41
:1093F000FC26363D8FC37FBF07E02F3DCCC77FBF24
:10940000F698293DE2CB7FBFCC51233DD1CF7FBF22
:10941000880A1D3D98D37FBF2CC3163D37D77FBF29
:10942000B87B103DAFDA7FBF2F340A3D00DE7FBF2F
:1094300090EC033D29E17FBFB949FB3C2BE47FBFA2
:109440002DBAEE3C05E77FBF7B2AE23CB8E97FBF3F
:10945000A69AD53C43EC7FBFB00AC93CA7EE7FBFBC
:109460009B7ABC3CE3F07FBF69EAAF3CF8F27FBF78
:109470001C5AA33CE6F47FBFB6C9963CACF67FBF4E
:1094800038398A3C4AF87FBF4B517B3CC1F97FBFDA
:109490000030623C11FB7FBF900E493C39FC7FBF1E
:1094A00002ED2F3C39FD7FBF59CB163C13FE7FBF29
:1094B0003053FB3BC4FE7FBF890FC93B4EFF7FBFCC
:1094C000C1CB963BB1FF7FBFC70F493BECFF7FBFCE
:1094D000D40FC93A000080BF00000000ECFF7FBF3E
:1094E000D40FC9BAB1FF7FBFC70F49BB4EFF7FBFC3
:1094F000C1CB96BBC4FE7FBF890FC9BB13FE7FBF24
:109500003053FBBB39FD7FBF59CB16BC39FC7FBF45
:1095100002ED2FBC11FB7FBF900E49BCC1F97FBF8C
:10952000003062BC4AF87FBF4B517BBCACF67FBFBA
:1095300038398ABCE6F47FBFB6C996BCF8F27FBF63
:109540001C5AA3BCE3F07FBF69EAAFBCA7EE7FBFA4
:109550009B7ABCBC43EC7FBFB00AC9BCB8E97FBFF3
:10956000A69AD5BC05E77FBF7B2AE2BC2BE47FBF70
:109570002DBAEEBC29E17FBFB949FBBC00DE7FBF3D
:1095800090EC03BDAFDA7FBF2F340ABD37D77FBF62
:10959000B87B10BD98D37FBF2CC316BDD1CF7FBF82
:1095A000880A1DBDE2CB7FBFCC5123BDCCC77FBF96
:1095B000F69829BD8FC37FBF07E02FBD2ABF7FBFAD
:1095C000FC2636BD9EBA7FBFD56D3CBDEAB57FBFD8
:1095D00091B442BD0FB17FBF2FFB48BD0DAC7FBF23
:1095E000AF414FBDE3A67FBF0E8855BD91A17FBFA0
:1095F0004CCE5BBD189C7FBF681462BD78967FBF60
:10960000625A68BDB1907FBF38A06EBDC28A7FBF6D
:10961000E9E574BDAB847FBF742B7BBD6D7E7FBFDE
:109620006CB880BD08787FBF0ADB83BD7B717FBFCC
:1096300094FD86BDC76A7FBF0A208ABDEC637FBFE9
:109640006A428DBDE95C7FBFB46490BDBF557FBFEA
:10965000E78693BD6D4E7FBF05A996BDF4467FBFDB
:109660000ACB99BD543F7FBFF9EC9CBD8D377FBFBE
:10967000CF0EA0BD9D2F7FBF8C30A3BD87277FBF9E
:109680003052A6BD491F7FBFBA73A9BDE4167FBF84
:109690002B95ACBD580E7FBF80B6AFBDA4057FBF74
:1096A000BBD7B2BDC9FC7EBFDAF8B5BDC7F37EBF7C
:1096B000DD19B9BD9DEA7EBFC33ABCBD4CE17EBF9A
:1096C0008D5BBFBDD4D77EBF397CC2BD34CE7EBFDB
:1096D000C69CC5BD6DC47EBF36BDC8BD7FBA7EBF4A
:1096E00086DDCBBD69B07EBFB7FDCEBD2DA67EBFEA
:1096F000C81DD2BDC99B7EBFB93DD5BD3D917EBFC2
:10970000895DD8BD8B867EBF377DDBBDB17B7EBFDB
:10971000C49CDEBDB0707EBF2EBCE1BD88657EBF3F
:1097200076DBE4BD385A7EBF9AFAE7BDC14E7EBFF4
:109730009A19EBBD23437EBF7638EEBD5E377EBF00
:109740002E57F1BD722B7EBFC075F4BD5E1F7EBF6C
:109750002C94F7BD24137EBF73B2FABDC2067EBF40
:1097600092D0FDBD38FA7DBF457700BE88ED7DBF44
:109770002E0602BEB1E07DBF029503BEB2D37DBF0F
:10978000C22305BE8CC67DBF6EB206BE40B97DBF8A
:10979000054108BECCAB7DBF86CF09BE309E7DBFE4
:1097A000F35D0BBE6E907DBF4AEC0CBE85827DBF23
:1097B0008B7A0EBE74747DBFB70810BE3D667DBF48
:1097C000CC9611BEDE577DBFCA2413BE59497DBF5A
:1097D000B2B214BEAC3A7DBF834016BED82B7DBF5B
:1097E0003DCE17BEDD1C7DBFE05B19BEBC0D7DBF4D
:1097F0006BE91ABE73FE7CBFDE761CBE03EF7CBF36
:1098000038041EBE6CDF7CBF7B911FBEAECF7CBF19
:10981000A51E21BEC9BF7CBFB6AB22BEBDAF7CBFFB
:10982000AD3824BE8A9F7CBF8CC525BE318F7CBFDE
:10983000515227BEB07E7CBFFCDE28BE086E7CBFC6
:109840008D6B2ABE3A5D7CBF04F82BBE444C7CBFB6
:1098500061842DBE283B7CBFA2102FBEE5297CBFB2
:10986000C99C30BE7A187CBFD42832BEE9067CBFC2
:10987000C4B433BE31F57BBF984035BE53E37BBFE4
:1098800050CC36BE4DD17BBFEC5738BE20BF7BBF1E
:109890006CE339BECDAC7BBFCF6E3BBE539A7BBF72
:1098A00015FA3CBEB2877BBF3E853EBEEA747BBFE5
:1098B000491040BEFC617BBF379B41BEE74E7BBF7A
:1098C000072643BEAB3B7BBFB9B044BE48287BBF35
:1098D0004D3B46BEBE147BBFC2C547BE0E017BBF1B
:1098E000185049BE37ED7ABF4FDA4ABE3AD97ABF2F
:1098F00067644CBE16C57ABF60EE4DBECBB07ABF72
:1099000038784FBE599C7ABFF10151BEC1877ABFEA
:10991000898B52BE02737ABF011554BE1C5E7ABF9A
:10992000589E55BE10497ABF8F2757BEDD337ABF88
:10993000A4B058BE841E7ABF97395ABE04097ABFB4
:109940006AC25BBE5EF379BF1A4B5DBE91DD79BF23
:10995000A8D35EBE9DC779BF135C60BE83B179BFDB
:109960005CE461BE439B79BF836C63BEDC8479BFDA
:1099700086F464BE4E6E79BF667C66BE9A5779BF28
:10998000220468BEC04079BFBA8B69BEBF2979BFC7
:109990002F136BBE981279BF7F9A6CBE4AFB78BFBB
:1099A000AB216EBED6E378BFB2A86FBE3BCC78BF0A
:1099B000942F71BE7BB478BF51B672BE939C78BFB2
:1099C000E83C74BE868478BF5AC375BE526C78BFBB
:1099D000A64977BEF85378BFCCCF78BE773B78BF27
:1099E000CB557ABED12278BFA4DB7BBE040A78BFF8
:1099F00056617DBE10F177BFE1E67EBEF7D777BF37
:109A0000223680BEB7BE77BFC0F880BE51A577BFF3
:109A10004ABB81BEC58B77BFC07D82BE137277BF44
:109A2000224083BE3A5877BF700284BE3C3E77BF67
:109A3000AAC484BE172477BFCE8685BECC0977BF63
:109A4000DF4886BE5BEF76BFDA0A87BEC4D476BF36
:109A5000C1CC87BE07BA76BF938E88BE249F76BFDF
:109A6000505089BE1B8476BFF8118ABEEC6876BF61
:109A70008AD38ABE974D76BF07958BBE1B3276BFC1
:109A80006E568CBE7A1676BFC0178DBEB3FA75BF00
:109A9000FCD88DBEC6DE75BF229A8EBEB3C275BF1E
:109AA000325B8FBE7BA675BF2C1C90BE1C8A75BF17
:109AB00010DD90BE976D75BFDD9D91BEED5075BFF9
:109AC000945E92BE1D3475BF351F93BE271775BFB8
:109AD000BFDF93BE0BFA74BF31A094BEC9DC74BF64
:109AE0008D6095BE62BF74BFD22096BED5A174BFF3
:109AF00000E196BE228474BF17A197BE496674BF69
:109B0000166198BE4B4874BFFE2099BE272A74BFC9
:109B1000CEE099BEDD0B74BF86A09ABE6EED73BF1A
:109B200027609BBED9CE73BFAF1F9CBE1FB073BF53
:109B300020DF9CBE3F9173BF789E9DBE397273BF7C
:109B4000B85D9EBE0E5373BFDF1C9FBEBE3373BF96
:109B5000EEDB9FBE471473BFE59AA0BEACF472BFA4
:109B6000C259A1BEEBD472BF8718A2BE04B572BFA2
:109B700033D7A2BEF89472BFC595A3BEC77472BF97
:109B80003F54A4BE705472BF9F12A5BEF43372BF7F
:109B9000E5D0A5BE521372BF128FA6BE8CF271BF64
:109BA000254DA7BE9FD171BF1F0BA8BE8EB071BF40
:109BB000FEC8A8BE578F71BFC486A9BEFB6D71BF1A
:109BC0006F44AABE7A4C71BF0102ABBED42A71BFEA
:109BD00077BFABBE080971BFD47CACBE17E770BFBE
:109BE000153AADBE02C570BF3CF7ADBEC6A270BF90
:109BF00049B4AEBE668070BF3A71AFBEE15D70BF62
:109C0000102EB0BE373B70BFCBEAB0BE671870BF36
:109C10006BA7B1BE73F56FBFEF63B2BE5AD26FBF11
:109C20005820B3BE1BAF6FBFA5DCB3BEB88B6FBFF0
:109C3000D698B4BE30686FBFEC54B5BE83446FBFD6
:109C4000E610B6BEB0206FBFC3CCB6BEBAFC6EBFC6
:109C50008488B7BE9ED86EBF2A44B8BE5DB46EBFBE
:109C6000B2FFB8BEF88F6EBF1EBBB9BE6D6B6EBFC4
:109C70006E76BABEBE466EBFA031BBBEEB216EBFD4
:109C8000B6ECBBBEF2FC6DBFAFA7BCBED5D76DBFF7
:109C90008B62BDBE93B26DBF4A1DBEBE2D8D6DBF22
:109CA000EBD7BEBEA1676DBF6F92BFBEF2416DBF65
:109CB000D54CC0BE1D1C6DBF1E07C1BE24F66CBFB7
:109CC00048C1C1BE07D06CBF557BC2BEC5A96CBF21
:109CD0004435C3BE5E836CBF15EFC3BED45C6CBF9E
:109CE000C8A8C4BE24366CBF5C62C5BE500F6CBF32
:109CF000D21BC6BE58E86BBF29D5C6BE3BC16BBFE1
:109D0000628EC7BEFB996BBF7C47C8BE95726BBFA6
:109D10007700C9BE0C4B6BBF53B9C9BE5E236BBF86
:109D20001072CABE8CFB6ABFAE2ACBBE95D36ABF87
:109D30002CE3CBBE7BAB6ABF8B9BCCBE3C836ABFA4
:109D4000CA53CDBED95A6ABFEA0BCEBE52326ABFE1
:109D5000EAC3CEBEA7096ABFCA7BCFBED7E069BF40
:109D60008A33D0BEE4B769BF2AEBD0BECC8E69BFC0
:109D7000AAA2D1BE916569BF095AD2BE323C69BF61
:109D80004811D3BEAE1269BF67C8D3BE07E968BF2A
:109D9000647FD4BE3CBF68BF4136D5BE4C9568BF1A
:109DA000FDECD5BE396B68BF99A3D6BE034168BF31
:109DB000135AD7BEA81668BF6B10D8BE2AEC67BF6F
:109DC000A3C6D8BE87C167BFB97CD9BEC19667BFDD
:109DD000AD32DABED86B67BF80E8DABECA4067BF73
:109DE000319EDBBE991567BFC153DCBE45EA66BF35
:109DF0002E09DDBECCBE66BF79BEDDBE309366BF28
:109E0000A273DEBE716766BFA928DFBE8E3B66BF48
:109E10008DDDDFBE880F66BF4F92E0BE5EE365BF9B
:109E2000EE46E1BE10B765BF6AFBE1BEA08A65BF22
:109E3000C4AFE2BE0B5E65BFFA63E3BE543165BFDB
:109E40000E18E4BE790465BFFECBE4BE7BD764BFC9
:109E5000CB7FE5BE59AA64BF7533E6BE147D64BFEF
:109E6000FBE6E6BEAC4F64BF5D9AE7BE212264BF4D
:109E70009C4DE8BE73F463BFB700E9BEA1C663BFE3
:109E8000AEB3E9BEAC9863BF8166EABE956A63BFB4
:109E90003019EBBE5A3C63BFBBCBEBBEFC0D63BFBE
:109EA000217EECBE7BDF62BF6330EDBED7B062BF08
:109EB00080E2EDBE108262BF7994EEBE265362BF8F
:109EC0004C46EFBE1A2462BFFBF7EFBEEAF461BF57
:109ED00085A9F0BE98C561BFEA5AF1BE229661BF5E
:109EE000290CF2BE8A6661BF43BDF2BED03661BFA7
:109EF000386EF3BEF20661BF071FF4BEF2D660BF34
:109F0000B1CFF4BECFA660BF3580F5BE897660BF05
:109F10009330F6BE214660BFCBE0F6BE961560BF1B
:109F2000DC90F7BEE9E45FBFC840F8BE19B45FBF7C
:109F30008EF0F8BE27835FBF2DA0F9BE12525FBF1F
:109F4000A54FFABEDB205FBFF7FEFABE81EF5EBF12
:109F500022AEFBBE05BE5EBF275DFCBE678C5EBF4A
:109F6000040CFDBEA65A5EBFBBBAFDBEC3285EBFD1
:109F70004A69FEBEBEF65DBFB217FFBE97C45DBFA5
:109F8000F3C5FFBE4D925DBF063A00BFE15F5DBF06
:109F9000FF9000BF532D5DBFE4E700BFA3FA5CBF95
:109FA000B53E01BFD1C75CBF739501BFDD945CBFF7
:109FB0001CEC01BFC7615CBFB14202BF8E2E5CBF0B
:109FC000329902BF34FB5BBF9FEF02BFB8C75BBFD4
:109FD000F84503BF1A945BBF3D9C03BF5A605BBF4B
:109FE0006DF203BF792C5BBF894804BF75F85ABF77
:109FF000919E04BF50C45ABF84F404BF09905ABF55
:10A00000624A05BFA05B5ABF2CA005BF16275ABFE6
:10A01000E2F505BF6AF259BF824B06BF9CBD59BF2E
:10A020000EA106BFAD8859BF86F606BF9C5359BF27
:10A03000E84B07BF6A1E59BF36A107BF17E958BFD3
:10A040006FF607BFA1B358BF924B08BF0B7E58BF36
:10A05000A1A008BF534858BF9BF508BF791258BF4D
:10A060007F4A09BF7FDC57BF4E9F09BF63A657BF1A
:10A0700009F409BF267057BFAD480ABFC73957BF9B
:10A080003D9D0ABF480357BFB7F10ABFA7CC56BFD3
:10A090001C460BBFE59556BF6B9A0BBF025F56BFC0
:10A0A000A5EE0BBFFE2756BFC9420CBFD9F055BF66
:10A0B000D7960CBF93B955BFD0EA0CBF2C8255BFC1
:10A0C000B33E0DBFA44A55BF81920DBFFB1255BFD1
:10A0D00038E60DBF31DB54BFDA390EBF47A354BF9A
:10A0E000658D0EBF3B6B54BFDBE00EBF0F3354BF1B
:10A0F0003B340FBFC3FA53BF84870FBF55C253BF52
:10A10000B8DA0FBFC78953BFD52D10BF185153BF41
:10A11000DC8010BF491853BFCDD310BF59DF52BFE9
:10A12000A72611BF49A652BF6B7911BF186D52BF48
:10A1300019CC11BFC63352BFB01E12BF54FA51BF63
:10A14000307112BFC2C051BF9AC312BF108751BF36
:10A15000EE1513BF3D4D51BF2A6813BF4A1351BFBF
:10A1600050BA13BF37D950BF5F0C14BF039F50BF05
:10A17000585E14BFAF6450BF39B014BF3B2A50BF04
:10A18000040215BFA8EF4FBFB75315BFF4B44FBFBC
:10A1900054A515BF1F7A4FBFD9F615BF2B3F4FBF30
:10A1A000474816BF17044FBF9F9916BFE4C84EBF5C
:10A1B000DFEA16BF908D4EBF073C17BF1C524EBF43
:10A1C000188D17BF89164EBF12DE17BFD5DA4DBFE7
:10A1D000F52E18BF029F4DBFC07F18BF10634DBF43
:10A1E00073D018BFFD264DBF0F2119BFCBEA4CBF5E
:10A1F000947119BF79AE4CBF00C219BF08724CBF31
:10A2000055121ABF78354CBF93621ABFC7F84BBFBF
:10A21000B8B21ABFF8BB4BBFC6021BBF097F4BBF0A
:10A22000BB521BBFFA414BBF99A21BBFCC044BBF13
:10A230005FF21BBF7FC74ABF0C421CBF138A4ABFD5
:10A24000A2911CBF874C4ABF1FE11CBFDC0E4ABF56
:10A2500084301DBF12D149BFD17F1DBF299349BF93
:10A2600006CF1DBF215549BF221E1EBFFA1649BF8A
:10A27000266D1EBFB3D848BF12BC1EBF4E9A48BF42
:10A28000E50A1FBFCA5B48BF9F591FBF271D48BFB4
:10A2900041A81FBF65DE47BFCBF61FBF849F47BFE6
:10A2A0003B4520BF856047BF939320BF672147BFD1
:10A2B000D2E120BF2AE246BFF92F21BFCEA246BF7E
:10A2C000067E21BF546346BFFBCB21BFBB2346BFE5
:10A2D000D71922BF03E445BF996722BF2DA445BF0C
:10A2E00043B522BF396445BFD30223BF262445BFEF
:10A2F0004B5023BFF5E344BFA99D23BFA5A344BF93
:10A30000EEEA23BF376344BF1A3824BFAB2244BFF1
:10A310002C8524BF00E243BF25D224BF38A143BF10
:10A32000041F25BF516043BFCB6B25BF4C1F43BFEC
:10A3300077B825BF29DE42BF0A0526BFE89C42BF89
:10A34000845126BF895B42BFE39D26BF0B1A42BFE3
:10A350002AEA26BF70D841BF563627BFB79641BFFD
:10A36000688227BFE15441BF61CE27BFEC1241BFD5
:10A37000401A28BFDAD040BF056628BFA98E40BF6B
:10A38000B0B128BF5C4C40BF41FD28BFF00940BFC1
:10A39000B84829BF67C73FBF159429BFC0843FBFD6
:10A3A00057DF29BFFC413FBF802A2ABF1BFF3EBFAA
:10A3B0008E752ABF1BBC3EBF82C02ABFFF783EBF3E
:10A3C0005B0B2BBFC5353EBF1B562BBF6EF23DBF8F
:10A3D000BFA02BBFF9AE3DBF4AEB2BBF676B3DBFA4
:10A3E000B9352CBFB8273DBF0F802CBFECE33CBF75
:10A3F00049CA2CBF03A03CBF69142DBFFC5B3CBF06
:10A400006F5E2DBFD9173CBF59A82DBF98D33BBF56
:10A4100029F22DBF3B8F3BBFDE3B2EBFC14A3BBF66
:10A4200078852EBF29063BBFF7CE2EBF75C13ABF38
:10A430005B182FBFA47C3ABFA5612FBFB7373ABFC7
:10A44000D3AA2FBFACF239BFE6F32FBF85AD39BF1A
:10A45000DE3C30BF426839BFBB8530BFE12239BF27
:10A460007CCE30BF65DD38BF221731BFCB9738BFF8
:10A47000AD5F31BF165238BF1DA831BF430C38BF86
:10A4800071F031BF55C637BFAA3832BF4A8037BFD7
:10A49000C78032BF233A37BFC9C832BFDFF336BFE8
:10A4A000AF1033BF7FAD36BF7A5833BF046736BFB6
:10A4B00029A033BF6C2036BFBCE733BFB8D935BF46
:10A4C000342F34BFE79235BF8F7634BFFB4B35BF97
:10A4D000CFBD34BFF30435BFF30435BFCFBD34BFA8
:10A4E000FB4B35BF8F7634BFE79235BF342F34BF77
:10A4F000B8D935BFBCE733BF6C2036BF29A033BF06
:10A50000046736BF7A5833BF7FAD36BFAF1033BF55
:10A51000DFF336BFC9C832BF233A37BFC78032BF67
:10A520004A8037BFAA3832BF55C637BF71F031BF36
:10A53000430C38BF1DA831BF165238BFAD5F31BFC5
:10A54000CB9738BF221731BF65DD38BF7CCE30BF17
:10A55000E12239BFBB8530BF426839BFDE3C30BF26
:10A5600085AD39BFE6F32FBFACF239BFD3AA2FBFF9
:10A57000B7373ABFA5612FBFA47C3ABF5B182FBF86
:10A5800075C13ABFF7CE2EBF29063BBF78852EBFD7
:10A59000C14A3BBFDE3B2EBF3B8F3BBF29F22DBFE5
:10A5A00098D33BBF59A82DBFD9173CBF6F5E2DBFB5
:10A5B000FC5B3CBF69142DBF03A03CBF49CA2CBF44
:10A5C000ECE33CBF0F802CBFB8273DBFB9352CBF93
:10A5D000676B3DBF4AEB2BBFF9AE3DBFBFA02BBFA2
:10A5E0006EF23DBF1B562BBFC5353EBF5B0B2BBF6D
:10A5F000FF783EBF82C02ABF1BBC3EBF8E752ABFFC
:10A600001BFF3EBF802A2ABFFC413FBF57DF29BF47
:10A61000C0843FBF159429BF67C73FBFB84829BF53
:10A62000F00940BF41FD28BF5C4C40BFB0B128BF1E
:10A63000A98E40BF056628BFDAD040BF401A28BFA8
:10A64000EC1241BF61CE27BFE15441BF688227BFF2
:10A65000B79641BF563627BF70D841BF2AEA26BFFA
:10A660000B1A42BFE39D26BF895B42BF845126BFC0
:10A67000E89C42BF0A0526BF29DE42BF77B825BF46
:10A680004C1F43BFCB6B25BF516043BF041F25BF89
:10A6900038A143BF25D224BF00E243BF2C8524BF8D
:10A6A000AB2244BF1A3824BF376344BFEEEA23BF4E
:10A6B000A5A344BFA99D23BFF5E344BF4B5023BFCF
:10A6C000262445BFD30223BF396445BF43B522BF0B
:10A6D0002DA445BF996722BF03E445BFD71922BF08
:10A6E000BB2346BFFBCB21BF546346BF067E21BFC1
:10A6F000CEA246BFF92F21BF2AE246BFD2E120BF3A
:10A70000672147BF939320BF856047BF3B4520BF6C
:10A71000849F47BFCBF61FBF65DE47BF41A81FBF61
:10A72000271D48BF9F591FBFCA5B48BFE50A1FBF0F
:10A730004E9A48BF12BC1EBFB3D848BF266D1EBF7D
:10A74000FA1649BF221E1EBF215549BF06CF1DBFA5
:10A75000299349BFD17F1DBF12D149BF84301DBF8E
:10A76000DC0E4ABF1FE11CBF874C4ABFA2911CBF31
:10A77000138A4ABF0C421CBF7FC74ABF5FF21BBF90
:10A78000CC044BBF99A21BBFFA414BBFBB521BBFAE
:10A79000097F4BBFC6021BBFF8BB4BBFB8B21ABF85
:10A7A000C7F84BBF93621ABF78354CBF55121ABF1A
:10A7B00008724CBF00C219BF79AE4CBF947119BF6B
:10A7C000CBEA4CBF0F2119BFFD264DBF73D018BF78
:10A7D00010634DBFC07F18BF029F4DBFF52E18BF3D
:10A7E000D5DA4DBF12DE17BF89164EBF188D17BFC1
:10A7F0001C524EBF073C17BF908D4EBFDFEA16BFFD
:10A80000E4C84EBF9F9916BF17044FBF474816BFF5
:10A810002B3F4FBFD9F615BF1F7A4FBF54A515BFA9
:10A82000F4B44FBFB75315BFA8EF4FBF040215BF15
:10A830003B2A50BF39B014BFAF6450BF585E14BF3D
:10A84000039F50BF5F0C14BF37D950BF50BA13BF1E
:10A850004A1351BF2A6813BF3D4D51BFEE1513BFB8
:10A86000108751BF9AC312BFC2C051BF307112BF0F
:10A8700054FA51BFB01E12BFC63352BF19CC11BF1C
:10A88000186D52BF6B7911BF49A652BFA72611BFE1
:10A8900059DF52BFCDD310BF491853BFDC8010BF62
:10A8A000185153BFD52D10BFC78953BFB8DA0FBF9A
:10A8B00055C253BF84870FBFC3FA53BF3B340FBF8A
:10A8C0000F3354BFDBE00EBF3B6B54BF658D0EBF33
:10A8D00047A354BFDA390EBF31DB54BF38E60DBF92
:10A8E000FB1255BF81920DBFA44A55BFB33E0DBFA9
:10A8F0002C8255BFD0EA0CBF93B955BFD7960CBF79
:10A90000D9F055BFC9420CBFFE2756BFA5EE0BBFFD
:10A91000025F56BF6B9A0BBFE59556BF1C460BBF37
:10A92000A7CC56BFB7F10ABF480357BF3D9D0ABF2A
:10A93000C73957BFAD480ABF267057BF09F409BFD2
:10A9400063A657BF4E9F09BF7FDC57BF7F4A09BF31
:10A95000791258BF9BF508BF534858BFA1A008BF44
:10A960000B7E58BF924B08BFA1B358BF6FF607BF0D
:10A9700017E958BF36A107BF6A1E59BFE84B07BF8A
:10A980009C5359BF86F606BFAD8859BF0EA106BFBE
:10A990009CBD59BF824B06BF6AF259BFE2F505BFA5
:10A9A00016275ABF2CA005BFA05B5ABF624A05BF3D
:10A9B00009905ABF84F404BF50C45ABF919E04BF8B
:10A9C00075F85ABF894804BF792C5BBF6DF203BF8D
:10A9D0005A605BBF3D9C03BF1A945BBFF84503BF41
:10A9E000B8C75BBF9FEF02BF34FB5BBF329902BFAA
:10A9F0008E2E5CBFB14202BFC7615CBF1CEC01BFC1
:10AA0000DD945CBF739501BFD1C75CBFB53E01BF8C
:10AA1000A3FA5CBFE4E700BF532D5DBFFF9000BF0A
:10AA2000E15F5DBF063A00BF4D925DBFF3C5FFBE5B
:10AA300097C45DBFB217FFBEBEF65DBF4A69FEBEDA
:10AA4000C3285EBFBBBAFDBEA65A5EBF040CFDBEE6
:10AA5000678C5EBF275DFCBE05BE5EBF22AEFBBE3F
:10AA600081EF5EBFF7FEFABEDB205FBFA54FFABEE7
:10AA700012525FBF2DA0F9BE27835FBF8EF0F8BED4
:10AA800019B45FBFC840F8BEE9E45FBFDC90F7BE11
:10AA9000961560BFCBE0F6BE214660BF9330F6BE90
:10AAA000897660BF3580F5BECFA660BFB1CFF4BE5A
:10AAB000F2D660BF071FF4BEF20661BF386EF3BE68
:10AAC000D03661BF43BDF2BE8A6661BF290CF2BEBB
:10AAD000229661BFEA5AF1BE98C561BF85A9F0BE52
:10AAE000EAF461BFFBF7EFBE1A2462BF4C46EFBE2B
:10AAF000265362BF7994EEBE108262BF80E2EDBE43
:10AB0000D7B062BF6330EDBE7BDF62BF217EECBE9B
:10AB1000FC0D63BFBBCBEBBE5A3C63BF3019EBBE31
:10AB2000956A63BF8166EABEAC9863BFAEB3E9BE07
:10AB3000A1C663BFB700E9BE73F463BF9C4DE8BE16
:10AB4000212264BF5D9AE7BEAC4F64BFFBE6E6BE60
:10AB5000147D64BF7533E6BE59AA64BFCB7FE5BEE2
:10AB60007BD764BFFECBE4BE790465BF0E18E4BE9C
:10AB7000543165BFFA63E3BE0B5E65BFC4AFE2BE8E
:10AB8000A08A65BF6AFBE1BE10B765BFEE46E1BEB5
:10AB90005EE365BF4F92E0BE880F66BF8DDDDFBE0E
:10ABA0008E3B66BFA928DFBE716766BFA273DEBE9B
:10ABB000309366BF79BEDDBECCBE66BF2E09DDBE5A
:10ABC00045EA66BFC153DCBE991567BF319EDBBE47
:10ABD000CA4067BF80E8DABED86B67BFAD32DABE65
:10ABE000C19667BFB97CD9BE87C167BFA3C6D8BEAF
:10ABF0002AEC67BF6B10D8BEA81668BF135AD7BE21
:10AC0000034168BF99A3D6BE396B68BFFDECD5BEC2
:10AC10004C9568BF4136D5BE3CBF68BF647FD4BE8B
:10AC200007E968BF67C8D3BEAE1269BF4811D3BE7B
:10AC3000323C69BF095AD2BE916569BFAAA2D1BE92
:10AC4000CC8E69BF2AEBD0BEE4B769BF8A33D0BED1
:10AC5000D7E069BFCA7BCFBEA7096ABFEAC3CEBE31
:10AC600052326ABFEA0BCEBED95A6ABFCA53CDBEB2
:10AC70003C836ABF8B9BCCBE7BAB6ABF2CE3CBBE55
:10AC800095D36ABFAE2ACBBE8CFB6ABF1072CABE18
:10AC90005E236BBF53B9C9BE0C4B6BBF7700C9BEF7
:10ACA00095726BBF7C47C8BEFB996BBF628EC7BEF7
:10ACB0003BC16BBF29D5C6BE58E86BBFD21BC6BE11
:10ACC000500F6CBF5C62C5BE24366CBFC8A8C4BE42
:10ACD000D45C6CBF15EFC3BE5E836CBF4435C3BE8E
:10ACE000C5A96CBF557BC2BE07D06CBF48C1C1BEF1
:10ACF00024F66CBF1E07C1BE1D1C6DBFD54CC0BE67
:10AD0000F2416DBF6F92BFBEA1676DBFEBD7BEBEF4
:10AD10002D8D6DBF4A1DBEBE93B26DBF8B62BDBE91
:10AD2000D5D76DBFAFA7BCBEF2FC6DBFB6ECBBBE46
:10AD3000EB216EBFA031BBBEBE466EBF6E76BABE03
:10AD40006D6B6EBF1EBBB9BEF88F6EBFB2FFB8BED3
:10AD50005DB46EBF2A44B8BE9ED86EBF8488B7BEAD
:10AD6000BAFC6EBFC3CCB6BEB0206FBFE610B6BE95
:10AD700083446FBFEC54B5BE30686FBFD698B4BE85
:10AD8000B88B6FBFA5DCB3BE1BAF6FBF5820B3BE7F
:10AD90005AD26FBFEF63B2BE73F56FBF6BA7B1BE80
:10ADA000671870BFCBEAB0BE373B70BF102EB0BE85
:10ADB000E15D70BF3A71AFBE668070BF49B4AEBE90
:10ADC000C6A270BF3CF7ADBE02C570BF153AADBE9E
:10ADD00017E770BFD47CACBE080971BF77BFABBEAC
:10ADE000D42A71BF0102ABBE7A4C71BF6F44AABEB8
:10ADF000FB6D71BFC486A9BE578F71BFFEC8A8BEC8
:10AE00008EB071BF1F0BA8BE9FD171BF254DA7BECD
:10AE10008CF271BF128FA6BE521372BFE5D0A5BED1
:10AE2000F43372BF9F12A5BE705472BF3F54A4BECC
:10AE3000C77472BFC595A3BEF89472BF33D7A2BEC4
:10AE400004B572BF8718A2BEEBD472BFC259A1BEAF
:10AE5000ACF472BFE59AA0BE471473BFEEDB9FBE91
:10AE6000BE3373BFDF1C9FBE0E5373BFB85D9EBE63
:10AE7000397273BF789E9DBE3F9173BF20DF9CBE29
:10AE80001FB073BFAF1F9CBED9CE73BF27609BBEE0
:10AE90006EED73BF86A09ABEDD0B74BFCEE099BE87
:10AEA000272A74BFFE2099BE4B4874BF166198BE16
:10AEB000496674BF17A197BE228474BF00E196BE95
:10AEC000D5A174BFD22096BE62BF74BF8D6095BEFF
:10AED000C9DC74BF31A094BE0BFA74BFBFDF93BE50
:10AEE000271775BF351F93BE1D3475BF945E92BE84
:10AEF000ED5075BFDD9D91BE976D75BF10DD90BEA5
:10AF00001C8A75BF2C1C90BE7BA675BF325B8FBEA2
:10AF1000B3C275BF229A8EBEC6DE75BFFCD88DBE89
:10AF2000B3FA75BFC0178DBE7A1676BF6E568CBE4B
:10AF30001B3276BF07958BBE974D76BF8AD38ABEEC
:10AF4000EC6876BFF8118ABE1B8476BF505089BE6C
:10AF5000249F76BF938E88BE07BA76BFC1CC87BECA
:10AF6000C4D476BFDA0A87BE5BEF76BFDF4886BE01
:10AF7000CC0977BFCE8685BE172477BFAAC484BE0E
:10AF80003C3E77BF700284BE3A5877BF224083BEF2
:10AF9000137277BFC07D82BEC58B77BF4ABB81BEAF
:10AFA00051A577BFC0F880BEB7BE77BF223680BE3E
:10AFB000F7D777BFE1E67EBE10F177BF56617DBE61
:10AFC000040A78BFA4DB7BBED12278BFCB557ABE02
:10AFD000773B78BFCCCF78BEF85378BFA64977BE11
:10AFE000526C78BF5AC375BE868478BFE83C74BE85
:10AFF000939C78BF51B672BE7BB478BF942F71BE5C
:10B000003BCC78BFB2A86FBED6E378BFAB216EBE93
:10B010004AFB78BF7F9A6CBE981279BF2F136BBE24
:10B02000BF2979BFBA8B69BEC04079BF220468BE10
:10B030009A5779BF667C66BE4E6E79BF86F464BE51
:10B04000DC8479BF836C63BE439B79BF5CE461BEE3
:10B0500083B179BF135C60BE9DC779BFA8D35EBEC4
:10B0600091DD79BF1A4B5DBE5EF379BF6AC25BBEEC
:10B0700004097ABF97395ABE841E7ABFA4B058BE5D
:10B08000DD337ABF8F2757BE10497ABF589E55BE11
:10B090001C5E7ABF011554BE02737ABF898B52BE03
:10B0A000C1877ABFF10151BE599C7ABF38784FBE33
:10B0B000CBB07ABF60EE4DBE16C57ABF67644CBE9A
:10B0C0003AD97ABF4FDA4ABE37ED7ABF185049BE37
:10B0D0000E017BBFC2C547BEBE147BBF4D3B46BE03
:10B0E00048287BBFB9B044BEAB3B7BBF072643BEFD
:10B0F000E74E7BBF379B41BEFC617BBF491040BE22
:10B10000EA747BBF3E853EBEB2877BBF15FA3CBE6C
:10B11000539A7BBFCF6E3BBECDAC7BBF6CE339BED9
:10B1200020BF7BBFEC5738BE4DD17BBF50CC36BE65
:10B1300053E37BBF984035BE31F57BBFC4B433BE0B
:10B14000E9067CBFD42832BE7A187CBFC99C30BEC9
:10B15000E5297CBFA2102FBE283B7CBF61842DBE99
:10B16000444C7CBF04F82BBE3A5D7CBF8D6B2ABE7D
:10B17000086E7CBFFCDE28BEB07E7CBF515227BE6D
:10B18000318F7CBF8CC525BE8A9F7CBFAD3824BE65
:10B19000BDAF7CBFB6AB22BEC9BF7CBFA51E21BE62
:10B1A000AECF7CBF7B911FBE6CDF7CBF38041EBE60
:10B1B00003EF7CBFDE761CBE73FE7CBF6BE91ABE5C
:10B1C000BC0D7DBFE05B19BEDD1C7DBF3DCE17BE53
:10B1D000D82B7DBF834016BEAC3A7DBFB2B214BE41
:10B1E00059497DBFCA2413BEDE577DBFCC9611BE20
:10B1F0003D667DBFB70810BE74747DBF8B7A0EBEEE
:10B2000085827DBF4AEC0CBE6E907DBFF35D0BBEA8
:10B21000309E7DBF86CF09BECCAB7DBF054108BE49
:10B2200040B97DBF6EB206BE8CC67DBFC22305BECF
:10B23000B2D37DBF029503BEB1E07DBF2E0602BE34
:10B2400088ED7DBF457700BE38FA7DBF92D0FDBD49
:10B25000C2067EBF73B2FABD24137EBF2C94F7BD25
:10B260005E1F7EBFC075F4BD722B7EBF2E57F1BD31
:10B270005E377EBF7638EEBD23437EBF9A19EBBDA5
:10B28000C14E7EBF9AFAE7BD385A7EBF76DBE4BD79
:10B2900088657EBF2EBCE1BDB0707EBFC49CDEBDA4
:10B2A000B17B7EBF377DDBBD8B867EBF895DD8BD20
:10B2B0003D917EBFB93DD5BDC99B7EBFC81DD2BDE6
:10B2C0002DA67EBFB7FDCEBD69B07EBF86DDCBBDEE
:10B2D0007FBA7EBF36BDC8BD6DC47EBFC69CC5BD2E
:10B2E00034CE7EBF397CC2BDD4D77EBF8D5BBFBD9F
:10B2F0004CE17EBFC33ABCBD9DEA7EBFDD19B9BD3E
:10B30000C7F37EBFDAF8B5BDC9FC7EBFBBD7B2BDFF
:10B31000A4057FBF80B6AFBD580E7FBF2B95ACBDD7
:10B32000E4167FBFBA73A9BD491F7FBF3052A6BDC7
:10B3300087277FBF8C30A3BD9D2F7FBFCF0EA0BDC1
:10B340008D377FBFF9EC9CBD543F7FBF0ACB99BDC1
:10B35000F4467FBF05A996BD6D4E7FBFE78693BDBE
:10B36000BF557FBFB46490BDE95C7FBF6A428DBDAD
:10B37000EC637FBF0A208ABDC76A7FBF94FD86BD8C
:10B380007B717FBF0ADB83BD08787FBF6CB880BD4F
:10B390006D7E7FBF742B7BBDAB847FBFE9E574BD41
:10B3A000C28A7FBF38A06EBDB1907FBF625A68BDB0
:10B3B00078967FBF681462BD189C7FBF4CCE5BBD82
:10B3C00091A17FBF0E8855BDE3A67FBFAF414FBDA2
:10B3D0000DAC7FBF2FFB48BD0FB17FBF91B442BD05
:10B3E000EAB57FBFD56D3CBD9EBA7FBFFC2636BD9A
:10B3F0002ABF7FBF07E02FBD8FC37FBFF69829BD4F
:10B40000CCC77FBFCC5123BDE2CB7FBF880A1DBD17
:10B41000D1CF7FBF2CC316BD98D37FBFB87B10BDE3
:10B4200037D77FBF2F340ABDAFDA7FBF90EC03BDA3
:10B4300000DE7FBFB949FBBC29E17FBF2DBAEEBC5E
:10B440002BE47FBF7B2AE2BC05E77FBFA69AD5BC71
:10B45000B8E97FBFB00AC9BC43EC7FBF9B7ABCBCD4
:10B46000A7EE7FBF69EAAFBCE3F07FBF1C5AA3BC65
:10B47000F8F27FBFB6C996BCE6F47FBF38398ABC04
:10B48000ACF67FBF4B517BBC4AF87FBF003062BC3B
:10B49000C1F97FBF900E49BC11FB7FBF02ED2FBCED
:10B4A00039FC7FBF59CB16BC39FD7FBF3053FBBB86
:10B4B00013FE7FBF890FC9BBC4FE7FBFC1CB96BB44
:10B4C0004EFF7FBFC70F49BBB1FF7FBFD40FC9BAC3
:10B4D000ECFF7FBF00000080000080BFD40FC93A9E
:10B4E000ECFF7FBFC70F493BB1FF7FBFC1CB963B8E
:10B4F0004EFF7FBF890FC93BC4FE7FBF3053FB3B6C
:10B5000013FE7FBF59CB163C39FD7FBF02ED2F3CA8
:10B5100039FC7FBF900E493C11FB7FBF0030623C7D
:10B52000C1F97FBF4B517B3C4AF87FBF38398A3C19
:10B53000ACF67FBFB6C9963CE6F47FBF1C5AA33C6D
:10B54000F8F27FBF69EAAF3CE3F07FBF9B7ABC3C77
:10B55000A7EE7FBFB00AC93C43EC7FBFA69AD53C9B
:10B56000B8E97FBF7B2AE23C05E77FBF2DBAEE3CFE
:10B570002BE47FBFB949FB3C29E17FBF90EC033D41
:10B5800000DE7FBF2F340A3DAFDA7FBFB87B103DAE
:10B5900037D77FBF2CC3163D98D37FBF880A1D3D88
:10B5A000D1CF7FBFCC51233DE2CB7FBFF698293D61
:10B5B000CCC77FBF07E02F3D8FC37FBFFC26363D42
:10B5C0002ABF7FBFD56D3C3D9EBA7FBF91B4423D3F
:10B5D000EAB57FBF2FFB483D0FB17FBFAF414F3D65
:10B5E0000DAC7FBF0E88553DE3A67FBF4CCE5B3DC3
:10B5F00091A17FBF6814623D189C7FBF625A683D6D
:10B6000078967FBF38A06E3DB1907FBFE9E5743D6D
:10B61000C28A7FBF742B7B3DAB847FBF6CB8803DFB
:10B620006D7E7FBF0ADB833D08787FBF94FD863D3A
:10B630007B717FBF0A208A3DC76A7FBF6A428D3D0A
:10B64000EC637FBFB464903DE95C7FBFE786933DC8
:10B65000BF557FBF05A9963D6D4E7FBF0ACB993D73
:10B66000F4467FBFF9EC9C3D543F7FBFCF0EA03D19
:10B670008D377FBF8C30A33D9D2F7FBF3052A63DBD
:10B6800087277FBFBA73A93D491F7FBF2B95AC3D6C
:10B69000E4167FBF80B6AF3D580E7FBFBBD7B23D2B
:10B6A000A4057FBFDAF8B53DC9FC7EBFDD19B93D01
:10B6B000C7F37EBFC33ABC3D9DEA7EBF8D5BBF3DF5
:10B6C0004CE17EBF397CC23DD4D77EBFC69CC53D10
:10B6D00034CE7EBF36BDC83D6DC47EBF86DDCB3D5A
:10B6E0007FBA7EBFB7FDCE3D69B07EBFC81DD23DDB
:10B6F0002DA67EBFB93DD53DC99B7EBF895DD83D96
:10B700003D917EBF377DDB3D8B867EBFC49CDE3D99
:10B71000B17B7EBF2EBCE13DB0707EBF76DBE43DE9
:10B7200088657EBF9AFAE73D385A7EBF9A19EB3D8D
:10B73000C14E7EBF7638EE3D23437EBF2E57F13D8E
:10B740005E377EBFC075F43D722B7EBF2C94F73DF3
:10B750005E1F7EBF73B2FA3D24137EBF92D0FD3DC3
:10B76000C2067EBF4577003E38FA7DBF2E06023EF8
:10B7700088ED7DBF0295033EB1E07DBFC223053E4B
:10B78000B2D37DBF6EB2063E8CC67DBF0541083E7A
:10B7900040B97DBF86CF093ECCAB7DBFF35D0B3E8C
:10B7A000309E7DBF4AEC0C3E6E907DBF8B7A0E3E84
:10B7B00085827DBFB708103E74747DBFCC96113E64
:10B7C0003D667DBFCA24133EDE577DBFB2B2143E34
:10B7D00059497DBF8340163EAC3A7DBF3DCE173EF2
:10B7E000D82B7DBFE05B193EDD1C7DBF6BE91A3EA7
:10B7F000BC0D7DBFDE761C3E73FE7CBF38041E3E52
:10B8000003EF7CBF7B911F3E6CDF7CBFA51E213EFA
:10B81000AECF7CBFB6AB223EC9BF7CBFAD38243EA5
:10B82000BDAF7CBF8CC5253E8A9F7CBF5152273E51
:10B83000318F7CBFFCDE283EB07E7CBF8D6B2A3E04
:10B84000086E7CBF04F82B3E3A5D7CBF61842D3EC0
:10B85000444C7CBFA2102F3E283B7CBFC99C303E8D
:10B86000E5297CBFD428323E7A187CBFC4B4333E6D
:10B87000E9067CBF9840353E31F57BBF50CC363E63
:10B8800053E37BBFEC57383E4DD17BBF6CE3393E71
:10B8900020BF7BBFCF6E3B3ECDAC7BBF15FA3C3E9D
:10B8A000539A7BBF3E853E3EB2877BBF4910403EE8
:10B8B000EA747BBF379B413EFC617BBF0726433E5A
:10B8C000E74E7BBFB9B0443EAB3B7BBF4D3B463EF2
:10B8D00048287BBFC2C5473EBE147BBF1850493EB7
:10B8E0000E017BBF4FDA4A3E37ED7ABF67644C3EAC
:10B8F0003AD97ABF60EE4D3E16C57ABF38784F3ED2
:10B90000CBB07ABFF101513E599C7ABF898B523E30
:10B91000C1877ABF0115543E02737ABF589E553EC7
:10B920001C5E7ABF8F27573E10497ABFA4B0583E9D
:10B93000DD337ABF97395A3E841E7ABF6AC25B3EB6
:10B9400004097ABF1A4B5D3E5EF379BFA8D35E3E11
:10B9500091DD79BF135C603E9DC779BF5CE4613EB9
:10B9600083B179BF836C633E439B79BF86F4643EA9
:10B97000DC8479BF667C663E4E6E79BF2204683EE9
:10B980009A5779BFBA8B693EC04079BF2F136B3E7F
:10B99000BF2979BF7F9A6C3E981279BFAB216E3E6A
:10B9A0004AFB78BFB2A86F3ED6E378BF942F713EB2
:10B9B0003BCC78BF51B6723E7BB478BFE83C743E56
:10B9C000939C78BF5AC3753E868478BFA649773E5C
:10B9D000526C78BFCCCF783EF85378BFCB557A3EC7
:10B9E000773B78BFA4DB7B3ED12278BF56617D3E9A
:10B9F000040A78BFE1E67E3E10F177BF2236803E32
:10BA0000F7D777BFC0F8803EB7BE77BF4ABB813E4D
:10BA100051A577BFC07D823EC58B77BF2240833E54
:10BA2000137277BF7002843E3A5877BFAAC4843E2F
:10BA30003C3E77BFCE86853E172477BFDF48863EE3
:10BA4000CC0977BFDA0A873E5BEF76BFC1CC873E71
:10BA5000C4D476BF938E883E07BA76BF5050893ED5
:10BA6000249F76BFF8118A3E1B8476BF8AD38A3E14
:10BA7000EC6876BF07958B3E974D76BF6E568C3E31
:10BA80001B3276BFC0178D3E7A1676BFFCD88D3E2E
:10BA9000B3FA75BF229A8E3EC6DE75BF325B8F3E0B
:10BAA000B3C275BF2C1C903E7BA675BF10DD903EC7
:10BAB0001C8A75BFDD9D913E976D75BF945E923E69
:10BAC000ED5075BF351F933E1D3475BFBFDF933EEC
:10BAD000271775BF31A0943E0BFA74BF8D60953E59
:10BAE000C9DC74BFD220963E62BF74BF00E1963EAF
:10BAF000D5A174BF17A1973E228474BF1661983EEA
:10BB0000496674BFFE20993E4B4874BFCEE0993E13
:10BB1000272A74BF86A09A3EDD0B74BF27609B3E28
:10BB20006EED73BFAF1F9C3ED9CE73BF20DF9C3E2E
:10BB30001FB073BF789E9D3E3F9173BFB85D9E3E20
:10BB4000397273BFDF1C9F3E0E5373BFEEDB9F3E07
:10BB5000BE3373BFE59AA03E471473BFC259A13EDE
:10BB6000ACF472BF8718A23EEBD472BF33D7A23EAB
:10BB700004B572BFC595A33EF89472BF3F54A43E6E
:10BB8000C77472BF9F12A53E705472BFE5D0A53E28
:10BB9000F43372BF128FA63E521372BF254DA73EDB
:10BBA0008CF271BF1F0BA83E9FD171BFFEC8A83E8B
:10BBB0008EB071BFC486A93E578F71BF6F44AA3E35
:10BBC000FB6D71BF0102AB3E7A4C71BF77BFAB3EDC
:10BBD000D42A71BFD47CAC3E080971BF153AAD3E82
:10BBE00017E770BF3CF7AD3E02C570BF49B4AE3E2B
:10BBF000C6A270BF3A71AF3E668070BF102EB03ED5
:10BC0000E15D70BFCBEAB03E373B70BF6BA7B13E82
:10BC1000671870BFEF63B23E73F56FBF5820B33E35
:10BC20005AD26FBFA5DCB33E1BAF6FBFD698B43EF0
:10BC3000B88B6FBFEC54B53E30686FBFE610B63EB0
:10BC400083446FBFC3CCB63EB0206FBF8488B73E7D
:10BC5000BAFC6EBF2A44B83E9ED86EBFB2FFB83E53
:10BC60005DB46EBF1EBBB93EF88F6EBF6E76BA3E36
:10BC70006D6B6EBFA031BB3EBE466EBFB6ECBB3E29
:10BC8000EB216EBFAFA7BC3EF2FC6DBF8B62BD3E29
:10BC9000D5D76DBF4A1DBE3E93B26DBFEBD7BE3E3A
:10BCA0002D8D6DBF6F92BF3EA1676DBFD54CC03E5D
:10BCB000F2416DBF1E07C13E1D1C6DBF48C1C13E94
:10BCC00024F66CBF557BC23E07D06CBF4435C33EE3
:10BCD000C5A96CBF15EFC33E5E836CBFC8A8C43E48
:10BCE000D45C6CBF5C62C53E24366CBFD21BC63EC2
:10BCF000500F6CBF29D5C63E58E86BBF628EC73E59
:10BD00003BC16BBF7C47C83EFB996BBF7700C93E08
:10BD100095726BBF53B9C93E0C4B6BBF1072CA3ED4
:10BD20005E236BBFAE2ACB3E8CFB6ABF2CE3CB3EBF
:10BD300095D36ABF8B9BCC3E7BAB6ABFCA53CD3ECB
:10BD40003C836ABFEA0BCE3ED95A6ABFEAC3CE3EF5
:10BD500052326ABFCA7BCF3EA7096ABF8A33D03E40
:10BD6000D7E069BF2AEBD03EE4B769BFAAA2D13EB3
:10BD7000CC8E69BF095AD23E916569BF4811D33E46
:10BD8000323C69BF67C8D33EAE1269BF647FD43E00
:10BD900007E968BF4136D53E3CBF68BFFDECD53EE4
:10BDA0004C9568BF99A3D63E396B68BF135AD73EEE
:10BDB000034168BF6B10D83EA81668BFA3C6D83E23
:10BDC0002AEC67BFB97CD93E87C167BFAD32DA3E86
:10BDD000C19667BF80E8DA3ED86B67BF319EDB3E15
:10BDE000CA4067BFC153DC3E991567BF2E09DD3ECF
:10BDF00045EA66BF79BEDD3ECCBE66BFA273DE3EBD
:10BE0000309366BFA928DF3E716766BF8DDDDF3ED8
:10BE10008E3B66BF4F92E03E880F66BFEE46E13E26
:10BE20005EE365BF6AFBE13E10B765BFC4AFE23EAB
:10BE3000A08A65BFFA63E33E0B5E65BF0E18E43E61
:10BE4000543165BFFECBE43E790465BFCB7FE53E50
:10BE50007BD764BF7533E63E59AA64BFFBE6E63E76
:10BE6000147D64BF5D9AE73EAC4F64BF9C4DE83ED5
:10BE7000212264BFB700E93E73F463BFAEB3E93E6D
:10BE8000A1C663BF8166EA3EAC9863BF3019EB3E42
:10BE9000956A63BFBBCBEB3E5A3C63BF217EEC3E51
:10BEA000FC0D63BF6330ED3E7BDF62BF80E2ED3EA1
:10BEB000D7B062BF7994EE3E108262BF4C46EF3E2F
:10BEC000265362BFFBF7EF3E1A2462BF85A9F03EFE
:10BED000EAF461BFEA5AF13E98C561BF290CF23E0F
:10BEE000229661BF43BDF23E8A6661BF386EF33E63
:10BEF000D03661BF071FF43EF20661BFB1CFF43EFA
:10BF0000F2D660BF3580F53ECFA660BF9330F63ED7
:10BF1000897660BFCBE0F63E214660BFDC90F73EFD
:10BF2000961560BFC840F83EE9E45FBF8EF0F83E6A
:10BF300019B45FBF2DA0F93E27835FBFA54FFA3E1E
:10BF400012525FBFF7FEFA3EDB205FBF22AEFB3E20
:10BF500081EF5EBF275DFC3E05BE5EBF040CFD3E6B
:10BF6000678C5EBFBBBAFD3EA65A5EBF4A69FE3E05
:10BF7000C3285EBFB217FF3EBEF65DBFF3C5FF3EEE
:10BF800097C45DBF063A003F4D925DBFFF90003FF2
:10BF9000E15F5DBFE4E7003F532D5DBFB53E013F6C
:10BFA000A3FA5CBF7395013FD1C75CBF1CEC013F96
:10BFB000DD945CBFB142023FC7615CBF3299023F72
:10BFC0008E2E5CBF9FEF023F34FB5BBFF845033F03
:10BFD000B8C75BBF3D9C033F1A945BBF6DF2033F44
:10BFE0005A605BBF8948043F792C5BBF919E043F38
:10BFF00075F85ABF84F4043F50C45ABF624A053FE3
:10C0000009905ABF2CA0053FA05B5ABFE2F5053F3F
:10C0100016275ABF824B063F6AF259BF0EA1063F50
:10C020009CBD59BF86F6063FAD8859BFE84B073F18
:10C030009C5359BF36A1073F6A1E59BF6FF6073F91
:10C0400017E958BF924B083FA1B358BFA1A0083FC2
:10C050000B7E58BF9BF5083F534858BF7F4A093FA6
:10C06000791258BF4E9F093F7FDC57BF09F4093F43
:10C0700063A657BFAD480A3F267057BF3D9D0A3F94
:10C08000C73957BFB7F10A3F480357BF1C460B3F9C
:10C09000A7CC56BF6B9A0B3FE59556BFA5EE0B3F5D
:10C0A000025F56BFC9420C3FFE2756BFD7960C3FD2
:10C0B000D9F055BFD0EA0C3F93B955BFB33E0D3F01
:10C0C0002C8255BF81920D3FA44A55BF38E60D3FE3
:10C0D000FB1255BFDA390E3F31DB54BF658D0E3F81
:10C0E00047A354BFDBE00E3F3B6B54BF3B340F3FD5
:10C0F0000F3354BF84870F3FC3FA53BFB8DA0F3FE3
:10C1000055C253BFD52D103FC78953BFDC80103FA8
:10C11000185153BFCDD3103F491853BFA726113F25
:10C1200059DF52BF6B79113F49A652BF19CC113F5D
:10C13000186D52BFB01E123FC63352BF3071123F4E
:10C1400054FA51BF9AC3123FC2C051BFEE15133FFC
:10C15000108751BF2A68133F3D4D51BF50BA133F5E
:10C160004A1351BF5F0C143F37D950BF585E143F7C
:10C17000039F50BF39B0143FAF6450BF0402153F56
:10C180003B2A50BFB753153FA8EF4FBF54A5153FEB
:10C19000F4B44FBFD9F6153F1F7A4FBF4748163F3B
:10C1A0002B3F4FBF9F99163F17044FBFDFEA163F43
:10C1B000E4C84EBF073C173F908D4EBF188D173F08
:10C1C0001C524EBF12DE173F89164EBFF52E183F88
:10C1D000D5DA4DBFC07F183F029F4DBF73D0183FC7
:10C1E00010634DBF0F21193FFD264DBF9471193FBC
:10C1F000CBEA4CBF00C2193F79AE4CBF55121A3F73
:10C2000008724CBF93621A3F78354CBFB8B21A3FE0
:10C21000C7F84BBFC6021B3FF8BB4BBFBB521B3F0F
:10C22000097F4BBF99A21B3FFA414BBF5FF21B3FF7
:10C23000CC044BBF0C421C3F7FC74ABFA2911C3F9E
:10C24000138A4ABF1FE11C3F874C4ABF84301D3F01
:10C25000DC0E4ABFD17F1D3F12D149BF06CF1D3F23
:10C26000299349BF221E1E3F215549BF266D1E3FFF
:10C27000FA1649BF12BC1E3FB3D848BFE50A1F3F9C
:10C280004E9A48BF9F591F3FCA5B48BF41A81F3FF6
:10C29000271D48BFCBF61F3F65DE47BF3B45203F0C
:10C2A000849F47BF9393203F856047BFD2E1203FE3
:10C2B000672147BFF92F213F2AE246BF067E213F73
:10C2C000CEA246BFFBCB213F546346BFD719223FC6
:10C2D000BB2346BF9967223F03E445BF43B5223FD6
:10C2E0002DA445BFD302233F396445BF4B50233FA4
:10C2F000262445BFA99D233FF5E344BFEEEA233F33
:10C30000A5A344BF1A38243F376344BF2C85243F7C
:10C31000AB2244BF25D2243F00E243BF041F253F88
:10C3200038A143BFCB6B253F516043BF77B8253F52
:10C330004C1F43BF0A05263F29DE42BF8451263FDA
:10C34000E89C42BFE39D263F895B42BF2AEA263F25
:10C350000B1A42BF5636273F70D841BF6882273F2D
:10C36000B79641BF61CE273FE15441BF401A283FF5
:10C37000EC1241BF0566283FDAD040BFB0B1283F7C
:10C38000A98E40BF41FD283F5C4C40BFB848293FC3
:10C39000F00940BF1594293F67C73FBF57DF293FCA
:10C3A000C0843FBF802A2A3FFC413FBF8E752A3F91
:10C3B0001BFF3EBF82C02A3F1BBC3EBF5B0B2B3F17
:10C3C000FF783EBF1B562B3FC5353EBFBFA02B3F5E
:10C3D0006EF23DBF4AEB2B3FF9AE3DBFB9352C3F66
:10C3E000676B3DBF0F802C3FB8273DBF49CA2C3F2C
:10C3F000ECE33CBF69142D3F03A03CBF6F5E2D3FB3
:10C40000FC5B3CBF59A82D3FD9173CBF29F22D3FFB
:10C4100098D33BBFDE3B2E3F3B8F3BBF78852E3F03
:10C42000C14A3BBFF7CE2E3F29063BBF5B182F3FCB
:10C4300075C13ABFA5612F3FA47C3ABFD3AA2F3F55
:10C44000B7373ABFE6F32F3FACF239BFDE3C303F9F
:10C4500085AD39BFBB85303F426839BF7CCE303FA8
:10C46000E12239BF2217313F65DD38BFAD5F313F73
:10C47000CB9738BF1DA8313F165238BF71F0313FFE
:10C48000430C38BFAA38323F55C637BFC780323F4A
:10C490004A8037BFC9C8323F233A37BFAF10333F56
:10C4A000DFF336BF7A58333F7FAD36BF29A0333F25
:10C4B000046736BFBCE7333F6C2036BF342F343FB0
:10C4C000B8D935BF8F76343FE79235BFCFBD343F03
:10C4D000FB4B35BFF304353FF30435BFFB4B353F12
:10C4E000CFBD34BFE792353F8F7634BFB8D9353FE3
:10C4F000342F34BF6C20363FBCE733BF0467363F70
:10C5000029A033BF7FAD363F7A5833BFDFF3363FC4
:10C51000AF1033BF233A373FC9C832BF4A80373FD5
:10C52000C78032BF55C6373FAA3832BF430C383FA9
:10C5300071F031BF1652383F1DA831BFCB97383F3D
:10C54000AD5F31BF65DD383F221731BFE122393F92
:10C550007CCE30BF4268393FBB8530BF85AD393FA7
:10C56000DE3C30BFACF2393FE6F32FBFB7373A3F7E
:10C57000D3AA2FBFA47C3A3FA5612FBF75C13A3F14
:10C580005B182FBF29063B3FF7CE2EBFC14A3B3F6A
:10C5900078852EBF3B8F3B3FDE3B2EBF98D33B3F82
:10C5A00029F22DBFD9173C3F59A82DBFFC5B3C3F5A
:10C5B0006F5E2DBF03A03C3F69142DBFECE33C3FF1
:10C5C00049CA2CBFB8273D3F0F802CBF676B3D3F4A
:10C5D000B9352CBFF9AE3D3F4AEB2BBF6EF23D3F64
:10C5E000BFA02BBFC5353E3F1B562BBFFF783E3F3C
:10C5F0005B0B2BBF1BBC3E3F82C02ABF1BFF3E3FD5
:10C600008E752ABFFC413F3F802A2ABFC0843F3F2E
:10C6100057DF29BF67C73F3F159429BFF009403F47
:10C62000B84829BF5C4C403F41FD28BFA98E403F20
:10C63000B0B128BFDAD0403F056628BFEC12413FB9
:10C64000401A28BFE154413F61CE27BFB796413F12
:10C65000688227BF70D8413F563627BF0B1A423F2A
:10C660002AEA26BF895B423FE39D26BFE89C423F02
:10C67000845126BF29DE423F0A0526BF4C1F433F97
:10C6800077B825BF5160433FCB6B25BF38A1433FEF
:10C69000041F25BF00E2433F25D224BFAB22443F05
:10C6A0002C8524BF3763443F1A3824BFA5A3443FD9
:10C6B000EEEA23BFF5E3443FA99D23BF2624453F6F
:10C6C0004B5023BF3964453FD30223BF2DA4453FC0
:10C6D00043B522BF03E4453F996722BFBB23463FD2
:10C6E000D71922BF5463463FFBCB21BFCEA2463FA2
:10C6F000067E21BF2AE2463FF92F21BF6721473F2F
:10C70000D2E120BF8560473F939320BF849F473F7E
:10C710003B4520BF65DE473FCBF61FBF271D483F87
:10C7200041A81FBFCA5B483F9F591FBF4E9A483F51
:10C73000E50A1FBFB3D8483F12BC1EBFFA16493FD7
:10C74000266D1EBF2155493F221E1EBF2993493F1A
:10C7500006CF1DBF12D1493FD17F1DBFDC0E4A3F1E
:10C7600084301DBF874C4A3F1FE11CBF138A4A3FDC
:10C77000A2911CBF7FC74A3F0C421CBFCC044B3F59
:10C780005FF21BBFFA414B3F99A21BBF097F4B3F92
:10C79000BB521BBFF8BB4B3FC6021BBFC7F84B3F8A
:10C7A000B8B21ABF78354C3F93621ABF08724C3F3B
:10C7B00055121ABF79AE4C3F00C219BFCBEA4C3FAD
:10C7C000947119BFFD264D3F0F2119BF10634D3FD6
:10C7D00073D018BF029F4D3FC07F18BFD5DA4D3FC1
:10C7E000F52E18BF89164E3F12DE17BF1C524E3F62
:10C7F000188D17BF908D4E3F073C17BFE4C84E3FC2
:10C80000DFEA16BF17044F3F9F9916BF2B3F4F3FDC
:10C81000474816BF1F7A4F3FD9F615BFF4B44F3FB4
:10C8200054A515BFA8EF4F3FB75315BF3B2A503F44
:10C83000040215BFAF64503F39B014BF039F503F8F
:10C84000585E14BF37D9503F5F0C14BF4A13513F95
:10C8500050BA13BF3D4D513F2A6813BF1087513F57
:10C86000EE1513BFC2C0513F9AC312BF54FA513FD5
:10C87000307112BFC633523FB01E12BF186D523F07
:10C8800019CC11BF49A6523F6B7911BF59DF523FF6
:10C89000A72611BF4918533FCDD310BF1851533F9E
:10C8A000DC8010BFC789533FD52D10BF55C2533F01
:10C8B000B8DA0FBFC3FA533F84870FBF0F33543F1B
:10C8C0003B340FBF3B6B543FDBE00EBF47A3543FED
:10C8D000658D0EBF31DB543FDA390EBFFB12553F79
:10C8E00038E60DBFA44A553F81920DBF2C82553FBB
:10C8F000B33E0DBF93B9553FD0EA0CBFD9F0553FB9
:10C90000D7960CBFFE27563FC9420CBF025F563F69
:10C91000A5EE0BBFE595563F6B9A0BBFA7CC563FD4
:10C920001C460BBF4803573FB7F10ABFC739573FF3
:10C930003D9D0ABF2670573FAD480ABF63A6573FCB
:10C9400009F409BF7FDC573F4E9F09BF7912583F5A
:10C950007F4A09BF5348583F9BF508BF0B7E583F9D
:10C96000A1A008BFA1B3583F924B08BF17E9583F99
:10C970006FF607BF6A1E593F36A107BF9C53593F48
:10C98000E84B07BFAD88593F86F606BF9CBD593FAF
:10C990000EA106BF6AF2593F824B06BF16275A3FC7
:10C9A000E2F505BFA05B5A3F2CA005BF09905A3F96
:10C9B000624A05BF50C45A3F84F404BF75F85A3F19
:10C9C000919E04BF792C5B3F894804BF5A605B3F4E
:10C9D0006DF203BF1A945B3F3D9C03BFB8C75B3F3A
:10C9E000F84503BF34FB5B3F9FEF02BF8E2E5C3FD9
:10C9F000329902BFC7615C3FB14202BFDD945C3F28
:10CA00001CEC01BFD1C75C3F739501BFA3FA5C3F2B
:10CA1000B53E01BF532D5D3FE4E700BFE15F5D3FE1
:10CA2000FF9000BF4D925D3F063A00BF97C45D3F47
:10CA3000F3C5FFBEBEF65D3FB217FFBEC3285E3F23
:10CA40004A69FEBEA65A5E3FBBBAFDBE678C5E3F1A
:10CA5000040CFDBE05BE5E3F275DFCBE81EF5E3F60
:10CA600022AEFBBEDB205F3FF7FEFABE12525F3FF5
:10CA7000A54FFABE27835F3F2DA0F9BE19B45F3FD3
:10CA80008EF0F8BEE9E45F3FC840F8BE9615603FFF
:10CA9000DC90F7BE2146603FCBE0F6BE8976603F72
:10CAA0009330F6BECFA6603F3580F5BEF2D6603F2C
:10CAB000B1CFF4BEF206613F071FF4BED036613F2E
:10CAC000386EF3BE8A66613F43BDF2BE2296613F77
:10CAD000290CF2BE98C5613FEA5AF1BEEAF4613F03
:10CAE00085A9F0BE1A24623FFBF7EFBE2653623FD2
:10CAF0004C46EFBE1082623F7994EEBED7B0623FE3
:10CB000080E2EDBE7BDF623F6330EDBEFC0D633F34
:10CB1000217EECBE5A3C633FBBCBEBBE956A633FC4
:10CB20003019EBBEAC98633F8166EABEA1C6633F95
:10CB3000AEB3E9BE73F4633FB700E9BE2122643FA0
:10CB40009C4DE8BEAC4F643F5D9AE7BE147D643FE8
:10CB5000FBE6E6BE59AA643F7533E6BE7BD7643F69
:10CB6000CB7FE5BE7904653FFECBE4BE5431653F23
:10CB70000E18E4BE0B5E653FFA63E3BEA08A653F14
:10CB8000C4AFE2BE10B7653F6AFBE1BE5EE3653F3E
:10CB9000EE46E1BE880F663F4F92E0BE8E3B663F99
:10CBA0008DDDDFBE7167663FA928DFBE3093663F2B
:10CBB000A273DEBECCBE663F79BEDDBE45EA663FEF
:10CBC0002E09DDBE9915673FC153DCBECA40673FE1
:10CBD000319EDBBED86B673F80E8DABEC196673F07
:10CBE000AD32DABE87C1673FB97CD9BE2AEC673F58
:10CBF000A3C6D8BEA816683F6B10D8BE0341683FD5
:10CC0000135AD7BE396B683F99A3D6BE4C95683F7F
:10CC1000FDECD5BE3CBF683F4136D5BE07E9683F55
:10CC2000647FD4BEAE12693F67C8D3BE323C693F51
:10CC30004811D3BE9165693F095AD2BECC8E693F77
:10CC4000AAA2D1BEE4B7693F2AEBD0BED7E0693FC4
:10CC50008A33D0BEA7096A3FCA7BCFBE52326A3F31
:10CC6000EAC3CEBED95A6A3FEA0BCEBE3C836A3FC6
:10CC7000CA53CDBE7BAB6A3F8B9BCCBE95D36A3F7C
:10CC80002CE3CBBE8CFB6A3FAE2ACBBE5E236B3F50
:10CC90001072CABE0C4B6B3F53B9C9BE95726B3F45
:10CCA0007700C9BEFB996B3F7C47C8BE3BC16B3F59
:10CCB000628EC7BE58E86B3F29D5C6BE500F6C3F89
:10CCC000D21BC6BE24366C3F5C62C5BED45C6C3FD2
:10CCD000C8A8C4BE5E836C3F15EFC3BEC5A96C3F38
:10CCE0004435C3BE07D06C3F557BC2BE24F66C3FB3
:10CCF00048C1C1BE1D1C6D3F1E07C1BEF2416D3F44
:10CD0000D54CC0BEA1676D3F6F92BFBE2D8D6D3FEC
:10CD1000EBD7BEBE93B26D3F4A1DBEBED5D76D3FA9
:10CD20008B62BDBEF2FC6D3FAFA7BCBEEB216E3F78
:10CD3000B6ECBBBEBE466E3FA031BBBE6D6B6E3F58
:10CD40006E76BABEF88F6E3F1EBBB9BE5DB46E3F45
:10CD5000B2FFB8BE9ED86E3F2A44B8BEBAFC6E3F42
:10CD60008488B7BEB0206F3FC3CCB6BE83446F3F4C
:10CD7000E610B6BE30686F3FEC54B5BEB88B6F3F5F
:10CD8000D698B4BE1BAF6F3FA5DCB3BE5AD26F3F7F
:10CD90005820B3BE73F56F3FEF63B2BE6718703FA4
:10CDA0006BA7B1BE373B703FCBEAB0BEE15D703FD1
:10CDB000102EB0BE6680703F3A71AFBEC6A2703F03
:10CDC00049B4AEBE02C5703F3CF7ADBE17E7703F39
:10CDD000153AADBE0809713FD47CACBED42A713F70
:10CDE00077BFABBE7A4C713F0102ABBEFB6D713FAA
:10CDF0006F44AABE578F713FC486A9BE8EB0713FE3
:10CE0000FEC8A8BE9FD1713F1F0BA8BE8CF2713F18
:10CE1000254DA7BE5213723F128FA6BEF433723F48
:10CE2000E5D0A5BE7054723F9F12A5BEC774723F75
:10CE30003F54A4BEF894723FC595A3BE04B5723F9B
:10CE400033D7A2BEEBD4723F8718A2BEACF4723FB8
:10CE5000C259A1BE4714733FE59AA0BEBE33733FCB
:10CE6000EEDB9FBE0E53733FDF1C9FBE3972733FD4
:10CE7000B85D9EBE3F91733F789E9DBE1FB0733FCD
:10CE800020DF9CBED9CE733FAF1F9CBE6EED733FBB
:10CE900027609BBEDD0B743F86A09ABE272A743F95
:10CEA000CEE099BE4B48743FFE2099BE4966743F60
:10CEB000166198BE2284743F17A197BED5A1743F16
:10CEC00000E196BE62BF743FD22096BEC9DC743FBB
:10CED0008D6095BE0BFA743F31A094BE2717753F45
:10CEE000BFDF93BE1D34753F351F93BEED50753FB8
:10CEF000945E92BE976D753FDD9D91BE1C8A753F15
:10CF000010DD90BE7BA6753F2C1C90BEB3C2753F52
:10CF1000325B8FBEC6DE753F229A8EBEB3FA753F76
:10CF2000FCD88DBE7A16763FC0178DBE1B32763F79
:10CF30006E568CBE974D763F07958BBEEC68763F5C
:10CF40008AD38ABE1B84763FF8118ABE249F763F1F
:10CF5000505089BE07BA763F938E88BEC4D4763FC0
:10CF6000C1CC87BE5BEF763FDA0A87BECC09773F3C
:10CF7000DF4886BE1724773FCE8685BE3C3E773F8E
:10CF8000AAC484BE3A58773F700284BE1372773FBA
:10CF9000224083BEC58B773FC07D82BE51A5773FBF
:10CFA0004ABB81BEB7BE773FC0F880BEF7D7773F98
:10CFB000223680BE10F1773FE1E67EBE040A783F5C
:10CFC00056617DBED122783FA4DB7BBE773B783FA4
:10CFD000CB557ABEF853783FCCCF78BE526C783FB1
:10CFE000A64977BE8684783F5AC375BE939C783F26
:10CFF000E83C74BE7BB4783F51B672BE3BCC783F00
:10D00000942F71BED6E3783FB2A86FBE4AFB783F3B
:10D01000AB216EBE9812793F7F9A6CBEBF29793FD3
:10D020002F136BBEC040793FBA8B69BE9A57793FC8
:10D03000220468BE4E6E793F667C66BEDC84793F12
:10D0400086F464BE439B793F836C63BE83B1793FB2
:10D050005CE461BE9DC7793F135C60BE91DD793FA2
:10D06000A8D35EBE5EF3793F1A4B5DBE04097A3FDA
:10D070006AC25BBE841E7A3F97395ABEDD337A3F5F
:10D08000A4B058BE10497A3F8F2757BE1C5E7A3F26
:10D09000589E55BE02737A3F011554BEC1877A3F30
:10D0A000898B52BE599C7A3FF10151BECBB07A3F79
:10D0B00038784FBE16C57A3F60EE4DBE3AD97A3FFA
:10D0C00067644CBE37ED7A3F4FDA4ABE0E017B3FB4
:10D0D000185049BEBE147B3FC2C547BE48287B3F9F
:10D0E0004D3B46BEAB3B7B3FB9B044BEE74E7B3FBA
:10D0F000072643BEFC617B3F379B41BEEA747B3F02
:10D10000491040BEB2877B3F3E853EBE539A7B3F6F
:10D1100015FA3CBECDAC7B3FCF6E3BBE20BF7B3F04
:10D120006CE339BE4DD17B3FEC5738BE53E37B3FB8
:10D1300050CC36BE31F57B3F984035BEE9067C3F8A
:10D14000C4B433BE7A187C3FD42832BEE5297C3F74
:10D15000C99C30BE283B7C3FA2102FBE444C7C3F74
:10D1600061842DBE3A5D7C3F04F82BBE086E7C3F87
:10D170008D6B2ABEB07E7C3FFCDE28BE318F7C3FAB
:10D18000515227BE8A9F7C3F8CC525BEBDAF7C3FD8
:10D19000AD3824BEC9BF7C3FB6AB22BEAECF7C3F0C
:10D1A000A51E21BE6CDF7C3F7B911FBE03EF7C3F41
:10D1B00038041EBE73FE7C3FDE761CBEBC0D7D3F78
:10D1C0006BE91ABEDD1C7D3FE05B19BED82B7D3FAD
:10D1D0003DCE17BEAC3A7D3F834016BE59497D3FD8
:10D1E000B2B214BEDE577D3FCA2413BE3D667D3FFA
:10D1F000CC9611BE74747D3FB70810BE85827D3F0A
:10D200008B7A0EBE6E907D3F4AEC0CBE309E7D3F09
:10D21000F35D0BBECCAB7D3F86CF09BE40B97D3FF1
:10D22000054108BE8CC67D3F6EB206BEB2D37D3FBF
:10D23000C22305BEB1E07D3F029503BE88ED7D3F70
:10D240002E0602BE38FA7D3F457700BEC2067E3FFD
:10D2500092D0FDBD24137E3F73B2FABD5E1F7E3FA8
:10D260002C94F7BD722B7E3FC075F4BD5E377E3FB8
:10D270002E57F1BD23437E3F7638EEBDC14E7E3F33
:10D280009A19EBBD385A7E3F9AFAE7BD88657E3F12
:10D2900076DBE4BDB0707E3F2EBCE1BDB17B7E3F4E
:10D2A000C49CDEBD8B867E3F377DDBBD3D917E3FDE
:10D2B000895DD8BDC99B7E3FB93DD5BD2DA67E3FBA
:10D2C000C81DD2BD69B07E3FB7FDCEBD7FBA7E3FDF
:10D2D00086DDCBBD6DC47E3F36BDC8BD34CE7E3F3E
:10D2E000C69CC5BDD4D77E3F397CC2BD4CE17E3FD4
:10D2F0008D5BBFBD9DEA7E3FC33ABCBDC7F37E3F99
:10D30000DD19B9BDC9FC7E3FDAF8B5BDA4057F3F84
:10D31000BBD7B2BD580E7F3F80B6AFBDE4167F3F8E
:10D320002B95ACBD491F7F3FBA73A9BD87277F3FAF
:10D330003052A6BD9D2F7F3F8C30A3BD8D377F3FE0
:10D34000CF0EA0BD543F7F3FF9EC9CBDF4467F3F1C
:10D350000ACB99BD6D4E7F3F05A996BDBF557F3F56
:10D36000E78693BDE95C7F3FB46490BDEC637F3F8B
:10D370006A428DBDC76A7F3F0A208ABD7B717F3FAD
:10D3800094FD86BD08787F3F0ADB83BD6D7E7F3FBD
:10D390006CB880BDAB847F3F742B7BBDC28A7F3F5E
:10D3A000E9E574BDB1907F3F38A06EBD78967F3FB0
:10D3B000625A68BD189C7F3F681462BD91A17F3F8F
:10D3C0004CCE5BBDE3A67F3F0E8855BD0DAC7F3FC5
:10D3D000AF414FBD0FB17F3F2FFB48BDEAB57F3F47
:10D3E00091B442BD9EBA7F3FD56D3CBD2ABF7F3F01
:10D3F000FC2636BD8FC37F3F07E02FBDCCC77F3FE4
:10D40000F69829BDE2CB7F3FCC5123BDD1CF7F3FE2
:10D41000880A1DBD98D37F3F2CC316BD37D77F3FE9
:10D42000B87B10BDAFDA7F3F2F340ABD00DE7F3FEF
:10D4300090EC03BD29E17F3FB949FBBC2BE47F3F62
:10D440002DBAEEBC05E77F3F7B2AE2BCB8E97F3FFF
:10D45000A69AD5BC43EC7F3FB00AC9BCA7EE7F3F7C
:10D460009B7ABCBCE3F07F3F69EAAFBCF8F27F3F38
:10D470001C5AA3BCE6F47F3FB6C996BCACF67F3F0E
:10D4800038398ABC4AF87F3F4B517BBCC1F97F3F9A
:10D49000003062BC11FB7F3F900E49BC39FC7F3FDE
:10D4A00002ED2FBC39FD7F3F59CB16BC13FE7F3FE9
:10D4B0003053FBBBC4FE7F3F890FC9BB4EFF7F3F8C
:10D4C000C1CB96BBB1FF7F3FC70F49BBECFF7F3F8E
:10D4D000D40FC9BA040000080000000000000002D8
:10D4E000000100001000000002400000000000A049
:10D4F0000000000005400000000000C8000000001F
:10D500000C4000000000409C00000000194000009A
:10D510000020BCBE0000000034400000BFC91B8ECC
:10D5200000000004B5400000504BCFD06607E2CFAA
:10D53000010000006C4100003E8251AADFEEA734DA
:10D5400001000000D9420000DCB5A0E23A301F978C
:10D55000FFFFFFFFB4450000FD25A0C8E9A3C14FB0
:10D56000FFFFFFFFFF3F0000000000800000000001
:10D57000FF3F00000000008000000000B8D5000858
:10D580000000002024000000C4010008DCD50008D1
:10D59000240000206C370000E00100081C0000009F
:10D5A00043000000F8FFFFFF0C0000000E00000029
:10D5B0000F0000002E00000000000000010000002D
:10D5C0000000000000000000000000000000010258
:0CD5D00003040102030406070809000020
:040000050800018965
:00000001FF
