:020000040800F2
:10000000A80B00203D240008210500082305000856
:10001000270500082B0500082F0500080000000038
:100020000000000000000000000000003305000890
:1000300035050008000000003705000839050008F4
:1000400057240008572400085724000857240008A4
:100050005724000857240008572400085724000894
:100060005724000857240008572400085724000884
:100070005724000857240008572400085724000874
:100080005724000857240008572400085724000864
:10009000EFDD000857240008572400085724000803
:1000A0005724000857240008572400085724000844
:1000B00029E00008572400085724000857240008A6
:1000C0005724000857240008572400085724000824
:1000D00057240008931A0008D51E0008D71B0008F3
:1000E0005724000857240008572400085724000804
:1000F00057240008572400085724000857240008F4
:1001000057240008572400085724000857240008E3
:1001100057240008572400085724000857240008D3
:1001200057240008572400085724000857240008C3
:1001300057240008572400085724000857240008B3
:1001400057240008572400085724000857240008A3
:100150005724000857240008572400085724000893
:100160005724000857240008572400085724000883
:100170005724000857240008572400085724000873
:10018000572400085724000800F002F800F06AF82D
:100190000AA090E8000C82448344AAF10107DA45E2
:1001A00001D100F05FF8AFF2090EBAE80F0013F0CA
:1001B000010F18BFFB1A43F001031847D0ED0000F0
:1001C000F0ED00000A444FF0000C10F8013B13F072
:1001D000070408BF10F8014B1D1108BF10F8015BA0
:1001E000641E05D010F8016B641E01F8016BF9D193
:1001F00013F0080F1EBF10F8014BAD1C0C1B09D1EA
:100200006D1E58BF01F801CBFAD505E014F8016B5B
:1002100001F8016B6D1EF9D59142D6D370470000ED
:100220000023002400250026103A28BF78C1FBD8FF
:10023000520728BF30C148BF0B60704764290DF0DA
:10024000718775290DF06E8778290DF0A7877329BE
:100250000EF09B81002070471FB50EF034FA1FBDD1
:1002600010B510BD0EF0F6F91146FFF7F5FF00F0DE
:1002700009F80EF014FA03B4FFF7F2FF03BC01F023
:1002800091FB00004FF4407002F0F8F8A82001F054
:1002900007FB01F08FF94A494A480DF0EDFC0DF0DB
:1002A00057FE4FF4E13001F09BFB4FF4165001F084
:1002B0002CFC012143480DF062F9002141480DF06A
:1002C000F6F805213F480DF0F2F801F09AF93EA04A
:1002D0000DF0CCFE46480DF0C9FE46A00DF0C6FE5E
:1002E0004EA00DF0C3FE4FF47A7001F03BFB82226A
:1002F0000021344804F0F8FF51A00DF0B7FE4FF490
:10030000FA7001F02FFB05212E480DF0D0F855A012
:100310000DF0ACFE5AA00DF0A9FE01F011FA60A09C
:100320000DF0A4FE00206249087047E001F02FFAAA
:100330006048007848B100205E49087001F0ACF9CF
:1003400000F0C6FD01F03EFA38E001F09CFB0446E7
:10035000002C2AD0214658A00DF088FE012C02D096
:10036000022C18D10BE05248007838B901F068F936
:1003700001204F49087057A00DF078FE14E04C485A
:10038000007838B901F073F902204949087058A083
:100390000DF06CFE08E0204601F01DFA18B1214670
:1003A00059A00DF063FE00BF00BF4148007808B1BE
:1003B00000F070FD0A2001F0D5FA00BFB6E700009A
:1003C00040420F00940100200D0A3D3D3D3D3D3D62
:1003D0003D3D3D3D2053544D33322052656164799B
:1003E000203D3D3D3D3D3D3D3D3D3D0D0A00000074
:1003F00090E700083D3D3D3D3D3D3D3D3D3D3D3DA2
:100400003D3D3D3D3D3D3D3D3D3D3D3D3D3D3D3D1C
:100410003D3D3D3D3D3D0D0A000000005B4E4D540D
:100420005D205761697420313030306D7320626512
:10043000666F72652072657365742E2E2E0D0A002C
:100440005B4E4D545D20526573657420436F6D6D36
:10045000756E69636174696F6E2073656E740D0AE1
:10046000000000005B4E4D545D204261636B2074C0
:100470006F204F7065726174696F6E616C0D0A0058
:100480005B574845454C5D205253343835207768DA
:1004900065656C20696E69742E2E2E0D0A000000B1
:1004A0005B574845454C5D2052656164790D0A00F3
:1004B00014000020250000205B434D445D20526560
:1004C0006365697665643A203078253032580D0AC4
:1004D000000000005B4D4F54494F4E5D2053746146
:1004E0007274206472696E6B696E670D0A00000099
:1004F0005B4D4F54494F4E5D2053746172742065BB
:100500006C626F770D0A0000556E6B6E6F776E2010
:10051000636D643A203078253032580D0A000000AF
:10052000704700BFFEE700BFFEE700BFFEE700BF69
:10053000FEE7704770477047704700000CB5002019
:10054000019000907648006840F48030744908605B
:1005500000BF7348006800F4003000900198401C10
:100560000190009818B90198B0F5A04FF1D16C48EE
:10057000006800F4003010B10120009001E000207C
:1005800000900098012846D165484030006840F04E
:1005900080506349403108606248006840F4404040
:1005A000604908605E48083000685D4908310860AD
:1005B0000846006840F4004008600846006840F4BF
:1005C000A05008605848091F0860081F006840F0E4
:1005D0008070091F086000BF5148006800F000707B
:1005E0000028F9D040F20570504908604C480830A6
:1005F000006820F003004A49083108600846006896
:1006000040F00200086000BF45480830006800F074
:100610000C000828F8D10CBD10B54548006840F41E
:100620007000434908603E48006840F001003C49C2
:10063000086000203A4908310860394800683D499F
:100640000840374908603C48091D0860081F0068D9
:1006500020F48020091F0860002031490C31086017
:10066000FFF76CFF4FF0006031498039086010BD22
:1006700070B500200022022300240221284D0835F5
:100680002D6805F00C0020B1042806D0082834D1CC
:1006900007E02A4D2A4E356033E02A4D284E35605A
:1006A0002FE01F4D2D1D2D68C5F380541C4D2D1DB1
:1006B0002D6805F03F0154B1224DB5FBF1F5184E00
:1006C000361D3668C6F3881605FB06F209E01B4D99
:1006D000B5FBF1F5124E361D3668C6F3881605FBDC
:1006E00006F20F4D2D1D2D68C5F301456D1C6B00E5
:1006F000B2FBF3F5124E356003E0104D104E35603D
:1007000000BF00BF064D08352D68C5F303150E4E1A
:10071000705D0B4D2D68C540094E356070BD000001
:10072000003802400070004008544007003C02407E
:1007300088ED00E0FFFFF6FE103000240024F400F6
:100740000000002000127A000400002010B50120F3
:1007500000F074FD022000F071FD032000F06EFD3A
:10076000042000F06BFD0020DA4908720870DAA05E
:100770000DF07CFC10BD10B5012000F05FFD0220E3
:1007800000F05CFD032000F059FD042000F056FD50
:100790000020D04908720870D5A00DF067FC10BD8C
:1007A00070B50546CB48407A401CCA494872084695
:1007B000407A052810DB0020487201240AE0601E00
:1007C000012101FA00F0284010B1204600F06AFE35
:1007D000601CC4B2042CF2DD70BD70B506460C4638
:1007E0000DF01FFCBB494968451A304600F0ADFECC
:1007F00008B1012070BDA54205D92946C7A00DF05A
:1008000035FC0220F6E70020F4E770B50DF009FC96
:100810000546B0480078002850D10120AD49087045
:100820000872084645600020487242F210731A466A
:100830006421012000F05FFD42F210731A4664212A
:10084000022000F058FD42F210731A4619460320A8
:1008500000F051FD42F210731A46C821042000F046
:100860004AFD022000F052FC032000F04FFC04205F
:1008700000F04CFC6FF06301022000F0FDFD6FF012
:10088000C701032000F0F8FD4EF66021042000F0BF
:10089000F3FD642001F066F8022000F0E1FC032083
:1008A00000F0DEFC042000F0DBFC41F2883001F0B7
:1008B00059F8A8A00DF0DAFB012070BD854800783A
:1008C00001284FD10E20FFF76BFF42F210710E206E
:1008D000FFF783FF0446012C3BD1A9A00DF0C6FB16
:1008E00002207C49087008464560002048720120BB
:1008F00000F00CFC022000F009FC042000F006FCD3
:100900006FF06301012000F0B7FD6FF0C701022016
:1009100000F0B2FDA149032000F0AEFDA049042083
:1009200000F0AAFD642001F01DF8012000F098FC01
:10093000022000F095FC032000F092FC042000F05F
:100940008FFC42F2107001F00DF896A00DF08EFBB6
:1009500006E0022C04D102205E490870084645607A
:100960000120AAE75B480078022850D10B20FFF74E
:1009700017FF42F210710B20FFF72FFF0446012CE6
:100980003CD193A00DF072FB032052490870084639
:10099000456000204872012000F0B8FB022000F002
:1009A000B5FB042000F0B2FB0021012000F064FD43
:1009B0006FF06301022000F05FFD6FF0C7010320BC
:1009C00000F05AFD49F64041042000F055FD642036
:1009D00000F0C8FF012000F043FC022000F040FCC2
:1009E000032000F03DFC042000F03AFC41F2883086
:1009F00000F0B8FF7DA00DF039FB06E0022C04D119
:100A000003203449087008464560012055E7314805
:100A10000078032846D10B20FFF7C2FE42F2107186
:100A20000B20FFF7DAFE0446012C32D17AA00DF03C
:100A30001DFB0420274908700846456000204872C5
:100A4000022000F063FB032000F060FB042000F0B4
:100A50005DFB0021022000F00FFD0021032000F0CB
:100A60000BFD0021042000F007FD642000F07AFF58
:100A7000022000F0F5FB032000F0F2FB042000F060
:100A8000EFFB41F2883000F06DFF6AA00DF0EEFA46
:100A900006E0022C04D104200E4908700846456087
:100AA00001200AE70B480078042810D10E20FFF738
:100AB00077FE42F210710E20FFF78FFE0446012CE4
:100AC00003DBFFF758FE0020F7E60120F5E60120E2
:100AD000F3E60000E40300205B4452494E4B494ECC
:100AE000475D2053746F707065640D0A000000004C
:100AF0005B4452494E4B494E475D20434F4D504C4D
:100B0000455445202D20616C6C206D6F746F72739D
:100B10002064697361626C65640D0A005B4452492C
:100B20004E4B494E475D2054696D656F7574206169
:100B30006674657220256C756D7320286269743146
:100B400030206D617920626520737469636B792947
:100B50000D0A00005B4452494E4B494E475D2053FD
:100B6000746570313A205265616368206F75742036
:100B7000286E6F64657320322C332C34290D0A00E3
:100B80005B4452494E4B494E475D2053746570316A
:100B900020726561636865640D0A000070FEFFFFE6
:100BA000C063FFFF5B4452494E4B494E475D2053A3
:100BB000746570323A204C6966742061726D202829
:100BC0006E6F64657320312C322C34290D0A0000BD
:100BD0005B4452494E4B494E475D20537465703219
:100BE00020726561636865640D0A00005B445249C8
:100BF0004E4B494E475D2053746570333A204C6F1D
:100C00007765722061726D20286E6F646573203184
:100C10002C322C34290D0A005B4452494E4B494E6C
:100C2000475D205374657033207265616368656445
:100C30000D0A00005B4452494E4B494E475D20531C
:100C4000746570343A205265747261637420286E42
:100C50006F64657320322C332C34290D0A00000098
:100C600010B5042000F0EAFA002054490872087018
:100C700053A00DF0FBF910BD10B5042000F0DEFA12
:100C800000204E490872087052A00DF0EFF910BD17
:100C900010B54A48407A401C484948720846407A94
:100CA000052804DB00204872042000F0FBFB10BD87
:100CB00070B504460DF0B5F940494968451A04205D
:100CC00000F004FC08B1012070BDA54205D92946F9
:100CD00049A00DF0CBF90220F6E70020F4E770B54B
:100CE0000DF09FF905463548007808BB01203349CF
:100CF00008700872084645600020487242F210737E
:100D00001A464FF47A71042000F0F5FA042000F03E
:100D1000FDF94649042000F0AFFB642000F022FEFC
:100D2000042000F09DFA42A00DF0A0F9012070BD52
:100D30002248007801282CD1FFF7AAFF42F2107058
:100D4000FFF7B6FF0446012C1AD141A00DF08EF931
:100D500002201A49087008464560002048720420A5
:100D600000F0D4F90021042000F086FB642000F09C
:100D7000F9FD042000F074FA3BA00DF077F906E0CD
:100D8000022C04D102200D4908700846456001205C
:100D9000CDE70A48007802280ED1FFF779FF42F22A
:100DA0001070FFF785FF0446012C03DBFFF764FF9B
:100DB0000020BCE70120BAE70120B8E7F0030020DB
:100DC0005B454C424F575D2053746F707065640DE6
:100DD0000A0000005B454C424F575D20434F4D5089
:100DE0004C455445202D206D6F746F7220646973DB
:100DF00061626C65640D0A005B454C424F575D2093
:100E000054696D656F757420616674657220256C18
:100E1000756D7320286269743130206D61792062AC
:100E20006520737469636B79290D0A00C063FFFF45
:100E30005B454C424F575D2053746570313A2042F8
:100E4000656E6420286E6F64652034290D0A0000E9
:100E50005B454C424F575D2053746570312072657D
:100E600061636865640D0A005B454C424F575D2025
:100E700053746570323A20457874656E6420746FDF
:100E8000207A65726F20286E6F64652034290D0A00
:100E90000000000010B51B480078012809D1FFF7B9
:100EA000B4FC04460CB1601C10B900201549087050
:100EB0000DE014480078022809D1FFF710FF04461E
:100EC0000CB1601C10B900200E49087000BF10BDA5
:100ED00010B5012000F0B2F9022000F0AFF90320B4
:100EE00000F0ACF9042000F0A9F9FFF72FFCFFF7A0
:100EF000B7FE00200349087000F064FC02A00DF06A
:100F0000B5F810BD140000205B53544F505D2041D4
:100F10006C6C206D6F74696F6E732061626F727498
:100F200065640D0A000000000146FC4850F82100ED
:100F300018B1FA4850F8210070474FF47A70FBE777
:100F40000146F74850F8210018B1F54850F8210043
:100F500070474CF25030FBE70146F24850F8210050
:100F600018B1F04850F8210070474CF25030FBE7C0
:100F7000FEB506460D4617461C460020009001901F
:100F8000029006F5C060ADF8000008208DF803005F
:100F900000208DF8020023208DF80400E9B28DF8BE
:100FA0000510290A8DF806108DF80770E1B28DF84A
:100FB0000810210A8DF80910210C8DF80A10200E56
:100FC0008DF80B00694600200CF0DEFE23462A4611
:100FD0003146D5A00DF04AF8FEBDFEB505460C46DB
:100FE00017461E46002000900190029005F5C06053
:100FF000ADF8000006208DF8030000208DF80200F7
:101000002B208DF80400E1B28DF80510210A8DF82F
:1010100006108DF80770F1B28DF80810310A8DF8BE
:101020000910694600200CF0AFFE334622462946DF
:10103000C9A00DF01BF8FEBDFEB505460C461646D0
:101040001F46002000900190029005F5C060ADF8A9
:10105000000005208DF8030000208DF802002F20ED
:101060008DF80400E1B28DF80510210A8DF8061004
:101070008DF807608DF80870694600200CF084FE3A
:101080003B4622462946C0A00CF0F0FFFEBDFEB54F
:1010900006460C461546002000900190029006F589
:1010A000C060ADF8000004208DF8030000208DF82A
:1010B000020040208DF80400E1B28DF80510210AED
:1010C0008DF806108DF80750694600200CF05CFE84
:1010D000FEBD2DE9F04106460C4615461F46234647
:1010E000002246F281013046FFF742FF2B460022E4
:1010F00046F283013046FFF73BFF3B46002246F2B3
:1011000084013046FFF734FFBDE8F081F8B50446AE
:101110000020A94921F814002046FFF71DFF0546CD
:101120002046FFF70DFF06462046FFF7FDFE074667
:101130002B46324639462046FFF7CBFF01230022DB
:1011400046F260012046FFF777FF0623002246F2B1
:1011500040012046FFF741FF032000F003FC072376
:10116000002246F240012046FFF737FF032000F03F
:10117000F9FB0F23002246F240012046FFF72DFF26
:101180002046FFF7E9FE05462046FFF7D9FE064652
:101190002046FFF7C9FE074633463A46214687A058
:1011A00000950CF063FFF8BD2DE9F84F04460D469D
:1011B00016461F460DB1284601E04FF47A7080466E
:1011C0000EB1304601E04CF2503081460FB1384646
:1011D00001E04CF25030824653464A464146204692
:1011E000FFF777FF0123002246F260012046FFF758
:1011F00023FF0623002246F240012046FFF7EDFEC2
:10120000032000F0AFFB0723002246F240012046F6
:10121000FFF7E3FE032000F0A5FB0F23002246F2B8
:1012200040012046FFF7D9FE4B46424621466FA0BB
:10123000CDF800A00CF01AFFBDE8F88F10B50446F9
:1012400000205D4921F814000623002246F24001E7
:101250002046FFF7C2FE214671A00CF007FF10BD2B
:1012600010B50446544830F8140020F48060524908
:1012700021F814000F23002246F240012046FFF718
:10128000ACFE012000F06EFB3F23002246F240013D
:101290002046FFF7A2FE214668A00CF0E7FE10BD35
:1012A00010B504465F23002246F240012046FFF7B6
:1012B00094FE10BD70B505460C462346002246F24A
:1012C00081012846FFF754FE70BD70B505460C46F7
:1012D0002346002246F283012846FFF749FE70BDEF
:1012E00070B505460C462346002246F28401284686
:1012F000FFF73EFE70BDF8B504460D4616461F4684
:10130000064840F82450064840F82460054840F854
:1013100024700FB138469DE09AE0000008040020D8
:101320001C040020300400205B43414E5D205344E8
:101330004F205752495445206E6F64653D25642007
:101340006964783D3078253034582076616C3D25CD
:101350006C750D0A000000005B43414E5D20534454
:101360004F205752495445206E6F64653D256420D7
:101370006964783D3078253034582076616C3D3092
:1013800078253034580D0A005B43414E5D205344AC
:101390004F205752495445206E6F64653D256420A7
:1013A0006964783D3078253034582076616C3D3062
:1013B00078253032580D0A00FC0300205B45504F61
:1013C000535D20456E61626C65206E6F64653D25DE
:1013D000642076656C3D256C75206163633D256CEA
:1013E00075206465633D256C750D0A005B45504FA3
:1013F000535D20456E61626C654578206E6F646553
:101400003D25642076656C3D256C75206163633DE8
:10141000256C75206465633D256C750D0A00000020
:101420005B45504F535D2044697361626C65206E6B
:101430006F64653D25640D0A000000005B45504F58
:10144000535D20474F206E6F64653D25640D0A0093
:101450004CF2503000900EB1304601E04CF250306A
:1014600003460DB1284601E04FF47A70024621464A
:1014700041A00CF0FBFDF8BD70B505460C462346B7
:10148000002246F27A012846FFF772FD70BD70B562
:1014900005460C462346002246F260012846FFF727
:1014A000CBFD70BD10B50446002246F24101204636
:1014B000FFF7EDFD10BD0146012905DB042903DC22
:1014C0003B4830F8110070470020FCE700B50246A9
:1014D0001046FFF7F0FF0346C3F3802000BD00B5C0
:1014E00002461046FFF7E7FF0346C3F3800000BD46
:1014F00000B502461046FFF7DEFF0346C3F3C00007
:1015000000BD70B5054601240AE0601E012101FA04
:1015100000F0284010B12046FFF7F8FD601CC4B26F
:10152000042CF2DD70BD70B5054601240AE0601E92
:10153000012101FA00F0284010B12046FFF77EFE9D
:10154000601CC4B2042CF2DD70BD30B50546012428
:101550000DE0601E012101FA00F0284028B120466C
:10156000FFF7B4FF08B9002030BD601CC4B2042CE2
:10157000EFDD0120F8E700005B45504F535D20434D
:101580006F6E6669674D6F74696F6E206E6F64650C
:101590003D25642076656C3D256C75206163633D57
:1015A000256C75206465633D256C750D0A0000008F
:1015B000FC0300201CB50121092001F0F3FA0120F1
:1015C0008DF8040000208DF8060003208DF805003A
:1015D00001208DF807000002009069463E4801F0A6
:1015E00043F80420009069463C4801F03DF84FF470
:1015F0008071394801F0B4F80421384801F0B0F89E
:101600001CBD10B5002418E04FF48071324801F081
:10161000A9F80421314801F0A5F8C82000F0A2F98A
:101620004FF480712C4801F09BF804212B4801F005
:1016300097F8C82000F096F9641C032CE4DB10BD79
:1016400010B5002410E04FF48071234801F08AF8AF
:10165000642000F087F94FF480711F4801F080F892
:10166000642000F07FF9641C032CECDB10BD10B586
:1016700000240EE00421194801F074F8642000F001
:1016800071F90421154801F06BF8642000F06AF943
:10169000641C032CEEDB10BD10B5002418E04FF4E1
:1016A00080710D4801F05EF804210C4801F05AF8F1
:1016B000642000F057F94FF48071074801F050F8AA
:1016C0000421064801F04CF8642000F04BF9641C3A
:1016D000032CE4DB10BD000000000240000C0240BF
:1016E00070B50446012C01D1C82001E06FF0C7009D
:1016F0000546AAB24021012000F0D9FAAAB2402141
:10170000022000F039FD012041490870012C01D16F
:1017100040A000E040A001462A4640A00CF0A6FCF4
:1017200070BD10B500224021012000F0C0FA002257
:101730004021022000F020FD41A00CF097FC10BDDC
:1017400010B54FF4165000F0E0F94FF4165000F0C9
:101750005CFB00228021012000F0A9FA00228021F8
:10176000022000F009FD322000F0FCF801224421A3
:10177000104600F09CFA01224421022000F0FCFCFB
:10178000322000F0EFF832A00CF070FC10BD10B564
:101790001F48007800B910BD394800680A30384940
:1017A000086008460068B0F5FA6F09D3FFF7B9FF83
:1017B0000020174908703249086032A00CF056FC2E
:1017C00000BFE8E710B5FFF7ACFF00201049087034
:1017D0002B49086010BD10B50446032C02D0042C20
:1017E00012D108E00A48007820B90120FFF778FFFD
:1017F000002010BD08E00648007820B90220FFF75D
:101800006FFF0020F5E700BF00BF0120F1E70000F7
:101810001800002046574400425744005B57484593
:10182000454C5D2053746172743A206469723D25A1
:10183000732073706565643D25640D0A0000000027
:101840005B574845454C5D2053746F700D0A00008E
:101850005B574845454C5D20496E697420646F6E46
:10186000653A206D6F64653D647574795F63796373
:101870006C652C2072656C65617365640D0A0000EF
:101880001C0000205B574845454C5D204175746F36
:101890002073746F7020646F6E650D0A0000000085
:1018A00010B504466FF0040000F03AFEE11704EBB7
:1018B0005171C1F3C701394A11701046007800EB2D
:1018C0004001C1EBC0104FF6FF7101EAC00034497E
:1018D000088010BD0146314A12784A434FF0E02398
:1018E0005A6100229A611A46126942F001021A6195
:1018F00000BF4FF0E022106900F001021AB100F4BD
:101900008032002AF5D04FF0E022126922F0010265
:101910004FF0E0231A6100229A6170470146204A85
:1019200012884A434FF0E0235A6100229A611A4616
:10193000126942F001021A6100BF4FF0E022106903
:1019400000F001021AB100F48032002AF5D04FF005
:10195000E022126922F001024FF0E0231A61002216
:101960009A61704770B504464FF4077094FBF0F02D
:10197000C6B24FF4077094FBF0F100FB114085B242
:1019800005E04FF40770FFF7C9FF701EC6B2002EC6
:10199000F7D115B12846FFF7C1FF70BD2000002028
:1019A0002200002000BF704700BF454A128802F0A5
:1019B0004002002AF9D0C2B2414B9A80704710B55C
:1019C0000120FFF73BFC0220FFF738FC0320FFF764
:1019D00035FC0420FFF732FC01203A49087010BDA5
:1019E00010B588B004460121084601F0DBF801215A
:1019F000102001F031F907220921334800F0BFFE21
:101A000007220A21304800F0BAFE4FF4C060069069
:101A100002208DF81C008DF81D0000208DF81E009E
:101A200001208DF81F0006A9274800F01DFE029432
:101A30000020ADF80C00ADF80E00ADF81000ADF8C8
:101A400014000C20ADF8120002A91D4801F065FA3F
:101A500001211B4801F0E9FA012240F22551184802
:101A600001F099FB25208DF8040005208DF8050074
:101A700000208DF8060001208DF8070001A800F075
:101A800002FD08B010BD1149087800210F4A1170FD
:101A9000704710B540F22551094801F0B7FB68B115
:101AA000074801F0F1FAC4B224B9FFF788FF0448EF
:101AB000848010BD054804700148848000BFF8E7A9
:101AC00000100140250000200000024024000020FA
:101AD00030B502460B464FF6FF70002112E0555C10
:101AE000684000240AE000F0010525B14AF2010532
:101AF00085EA600000E04010651CECB2082CF2DBC7
:101B00004D1CE9B29942EADB30BD10B588B00446FD
:101B10000121022001F046F80121880401F08BF830
:101B200007220A21F74800F02AFE07220B21F54878
:101B300000F025FE00208DF81E0001208DF81F000A
:101B400003208DF81D004FF48060069002208DF870
:101B50001C0006A9EB4800F087FD4FF400600690DA
:101B600002208DF81C0006A9E64800F07DFD0294D5
:101B70004FF48050ADF80C000020ADF80E004FF48B
:101B80008060ADF810000020ADF814000C20ADF816
:101B9000120002A9DC4801F0C0F90121DA4801F085
:101BA00044FA012240F22551D74801F0F4FA2720E7
:101BB0008DF8040005208DF8050001208DF8060041
:101BC0008DF8070001A800F05EFC2146CFA00CF0C4
:101BD0004DFA08B010BD10B540F22551CA4801F0C9
:101BE00015FB78B1C84801F04FFAC4B2D348007869
:101BF000202806DAD1490878411CD04A1170D04912
:101C00000C5400BF10BD70B505460E4600240CE014
:101C100000BF4021BC4801F0E3FA0028F9D0295D5B
:101C2000B94801F02DFA601C84B2B442F0DB00BF69
:101C30004021B54801F0D4FA0028F9D070BD002049
:101C4000BE49087070472DE9F04106460D4617461B
:101C50004FF00008C820FFF73DFE00BF1CE0B7486A
:101C60000078A84212DB002404E0B548005D30553E
:101C7000601CC4B2B1480078844201DAAC42F4DBA3
:101C8000FFF7DDFFAD480078BDE8F0814FF4FA7052
:101C9000FFF720FE08F5FA7807EB4700C0EBC71006
:101CA000B8EBC00FDBD3FFF7CAFF0020ECE72DE94C
:101CB000FF4105460E4614468DF8085006208DF863
:101CC000090030128DF80A00F0B28DF80B002012D6
:101CD0008DF80C00E0B28DF80D00062102A8FFF788
:101CE000F7FE0746F8B28DF80E00380A8DF80F009F
:101CF000FFF7A5FF082102A8FFF785FFC8220821EA
:101D00006846FFF7A0FF8046B8F1000F09D123B263
:101D1000324629468BA00CF0A9F9012004B0BDE899
:101D2000F0819DF80000A84203D19DF8010006282B
:101D30000FD09DF80100862805D19DF80220294684
:101D40008DA00CF093F9294697A00CF08FF9022092
:101D5000E4E723B2324629469EA00CF087F9002022
:101D6000DCE72DE9FF4105460C4616468DF8085084
:101D700003208DF8090020128DF80A00E0B28DF8DA
:101D80000B0000208DF80C0001208DF80D000621BD
:101D900002A8FFF79DFE0746F8B28DF80E00380A3C
:101DA0008DF80F00FFF74BFF082102A8FFF72BFF6C
:101DB000C82206216846FFF746FF8046B8F1000FAB
:101DC00008D1224629468FA00CF050F9012004B01A
:101DD000BDE8F0819DF80100832807D19DF802201D
:101DE000294693A00CF042F90220F0E79DF8040088
:101DF0009DF8031040EA01203080338822462946AE
:101E000097A00CF033F90020E1E710B588B0044644
:101E10000121084600F0C6FE0121480400F00BFF36
:101E2000072202219A4800F0AAFC072203219848C1
:101E300000F0A5FC00208DF81E0001208DF81F0089
:101E400003208DF81D000420069002208DF81C0050
:101E500006A98F4800F008FC0820069002208DF8A3
:101E60001C0006A98A4800F0FFFB02944FF4805042
:101E7000ADF80C000020ADF80E004FF48060ADF816
:101E800010000020ADF814000C20ADF8120002A9DB
:101E9000804801F042F801217E4801F0C6F8012295
:101EA00040F225517B4801F076F926208DF8040098
:101EB00005208DF8050002208DF8060001208DF820
:101EC000070001A800F0DFFA214673A00CF0CEF85D
:101ED00008B010BD10B540F225516E4801F096F9DA
:101EE00078B16C4801F0D0F8C4B277480078202867
:101EF00006DA75490878411C734A117073490C540D
:101F000000BF10BD00040240004800405B52533443
:101F100038355D20496E697420646F6E652C2062CF
:101F20006175643D256C752C203845312C20617518
:101F3000746F2D6469720D0A000000002C000020EF
:101F4000440400205B52533438355D205772697465
:101F5000652074696D656F75742120736C61766599
:101F60003D2564207265673D3078253034582076F1
:101F7000616C3D25640D0A005B52533438355D2099
:101F8000457863657074696F6E2120736C61766546
:101F90003D2564206572726F725F636F64653D30CA
:101FA00078253032580D0A005B52533438355D20A5
:101FB000577269746520726573706F6E7365206502
:101FC00072726F722120736C6176653D25640D0A13
:101FD000000000005B52533438355D20577269743D
:101FE00065204F4B3A20736C6176653D2564207205
:101FF00065673D3078253034582076616C3D256426
:102000000D0A00005B52533438355D20526561641F
:102010002074696D656F75742120736C6176653D00
:102020002564207265673D3078253034580D0A00EC
:102030005B52533438355D205265616420657863A6
:10204000657074696F6E2120736C6176653D2564DF
:10205000206572726F723D3078253032580D0A005B
:102060005B52533438355D2052656164204F4B3AE2
:1020700020736C6176653D2564207265673D30781C
:10208000253034582076616C3D25640D0A0000002F
:1020900000000240004400405B52533438352D327A
:1020A0005D20496E697420646F6E652C20626175D5
:1020B000643D256C752C203845312C206175746F7A
:1020C0002D6469720D0A00002D00002064040020B8
:1020D00070B505460E4600240CE000BF40217D4847
:1020E00001F07EF80028F9D0295D7A4800F0C8FF99
:1020F000601C84B2B442F0DB00BF4021754801F09F
:102100006FF80028F9D070BD00207349087070473F
:102110002DE9F04106460D4617464FF00008C8204D
:10212000FFF7D8FB00BF1CE06B480078A84212DB29
:10213000002404E06948005D3055601CC4B2664864
:102140000078844201DAAC42F4DBFFF7DDFF62483D
:102150000078BDE8F0814FF4FA70FFF7BBFB08F59B
:10216000FA7807EB4700C0EBC710B8EBC00FDBD322
:10217000FFF7CAFF0020ECE72DE9FF4105460E46B8
:1021800014468DF8085006208DF8090030128DF89D
:102190000A00F0B28DF80B0020128DF80C00E0B2AE
:1021A0008DF80D00062102A8FFF792FC0746F8B251
:1021B0008DF80E00380A8DF80F00FFF7A5FF0821F3
:1021C00002A8FFF785FFC82208216846FFF7A0FF95
:1021D0008046B8F1000F09D123B23246294640A00B
:1021E0000BF044FF012004B0BDE8F0819DF8000031
:1021F000A84203D19DF8010006280FD09DF80100E8
:10220000862805D19DF80220294643A00BF02EFF19
:1022100029464DA00BF02AFF0220E4E723B2324604
:10222000294654A00BF022FF0020DCE72DE9FF41F6
:1022300005460C4616468DF8085003208DF8090017
:1022400020128DF80A00E0B28DF80B0000208DF806
:102250000C0001208DF80D00062102A8FFF738FCC4
:102260000746F8B28DF80E00380A8DF80F00FFF718
:102270004BFF082102A8FFF72BFFC8220621684662
:10228000FFF746FF8046B8F1000F08D122462946E5
:1022900045A00BF0EBFE012004B0BDE8F0819DF8F5
:1022A0000100832807D19DF8022029464AA00BF09F
:1022B000DDFE0220F0E79DF804009DF8031040EADF
:1022C0000120308033882246294650A00BF0CEFEF4
:1022D0000020E1E7004400402D00002064040020BD
:1022E0005B52533438352D325D2057726974652046
:1022F00074696D656F75742120736C6176653D2519
:1023000064207265673D3078253034582076616CE2
:102310003D25640D0A0000005B52533438352D32E0
:102320005D20457863657074696F6E2120736C6100
:1023300076653D2564206572726F723D3078253078
:1023400032580D0A000000005B52533438352D32EC
:102350005D20577269746520726573706F6E736566
:10236000206572726F722120736C6176653D256401
:102370000D0A00005B52533438352D325D20577200
:10238000697465204F4B3A20736C6176653D256416
:10239000207265673D3078253034582076616C3D79
:1023A00025640D0A000000005B52533438352D328D
:1023B0005D20526561642074696D656F75742120BC
:1023C000736C6176653D2564207265673D307825C4
:1023D0003034580D0A0000005B52533438352D322A
:1023E0005D205265616420657863657074696F6E05
:1023F0002120736C6176653D2564206572726F7271
:102400003D3078253032580D0A0000005B525334BD
:1024100038352D325D2052656164204F4B3A207370
:102420006C6176653D2564207265673D30782530A6
:1024300034582076616C3D25640D0A0009488047B8
:1024400009480047FEE7FEE7FEE7FEE7FEE7FEE796
:10245000FEE7FEE7FEE7FEE704480549054A064BAE
:10246000704700001906000889010008A80500202F
:10247000A80B0020A8070020A8070020324901432C
:10248000324A1160704770B5002100230F22C478D2
:102490001CB32E4C246804F4E064C4F5E064C4F377
:1024A0000721C1F10404E3B20A4144789C40E1B23F
:1024B0008478144021430C07210E254C0578615582
:1024C000047804F01F050124AC4005786D11AD00BF
:1024D00005F1E025C5F8004109E0047804F01F0586
:1024E0000124AC401B4D0678761145F8264070BD9E
:1024F000194A0A400243154B1B1F1A60704739B135
:10250000124A121D12680243104B1B1D1A6006E08E
:102510000E4A121D126882430C4B1B1D1A60704735
:10252000042808D14FF0E021096941F004014FF07F
:10253000E022116107E04FF0E021096921F0040178
:102540004FF0E022116170470000FA050CED00E049
:1025500000E400E080E100E080FFFF1F10B50446CA
:102560009848844208D10121084600F086FB0021EA
:10257000012000F082FB76E09348844208D10121DB
:10258000022000F07AFB0021022000F076FB6AE0D6
:102590008E48844208D10121042000F06EFB002106
:1025A000042000F06AFB5EE08948844208D10121E2
:1025B000082000F062FB0021082000F05EFB52E0E2
:1025C0008448844208D10121102000F056FB0021EC
:1025D000102000F052FB46E07F48844208D10121E0
:1025E000202000F04AFB0021202000F046FB3AE0CA
:1025F0007A48844208D10121402000F03EFB0021AE
:10260000402000F03AFB2EE07548844208D10121B9
:10261000802000F032FB0021802000F02EFB22E021
:102620007048844208D10121801500F026FB00216A
:10263000A01500F022FB16E06B48844208D101216E
:10264000401500F01AFB0021601500F016FB0AE0AF
:102650006648844207D10121001500F00EFB0021DD
:10266000201500F00AFB10BDF0B50A46002100233A
:10267000002400BF3DE0012505FA01F3156805EAD5
:1026800003049C4234D105684F000326BE40B54385
:10269000056015794E00B54006683543056015792B
:1026A000012D02D01579022D16D185684F00032621
:1026B000BE40B543856055794E00B54086683543C8
:1026C0008560456801268E40B5434560456896792A
:1026D0008E40B6B235434560C5684F000326BE4004
:1026E000B543C560D5794E00B540C6683543C56071
:1026F000491C1029BFD3F0BD4FF6FF7101600021C6
:10270000017141718171C171704708B54FF4803218
:102710000092009A0A430092009AC261C161009A35
:10272000C261C2690092C269009208BD02460020DF
:1027300013690B400BB1012000E0002070470146F7
:10274000086980B270470246002053690B400BB104
:10275000012000E0002070470146486980B27047C0
:1027600001837047418370470AB1018300E04183D0
:1027700070474161704742694A4042617047F0B515
:10278000002300244D07ED0E02FA05F3CE1000F1F0
:10279000200555F826504E07F70E0F26BE40B543CC
:1027A000CF1000F1200646F82750CE1000F120058A
:1027B00055F8265045EA0304CE1000F1200545F8EF
:1027C0002640F0BD00000240000402400008024024
:1027D000000C0240001002400014024000180240A9
:1027E000001C024000200240002402400028024059
:1027F000F948006840F00100F74908600020F649F8
:1028000008310860F4480068F4490840F24908605B
:10281000F348091D0860F348EF4984310860F04827
:102820001038091D0860EC48006820F48020EA494F
:1028300008600020E8490C310860E7498C310860E5
:1028400070470021E44A921C1170114608707047CD
:1028500010B501460022002300204A11012A02D1AE
:10286000DD4C236808E0022A03D1DB4C7034236876
:1028700002E0D94C7434236801F01F020124944013
:102880001C400CB1012000E0002010BD38B5002034
:1028900000900024002500BF3120FFF7D9FF054636
:1028A0000098401C00900098B0F5A04F01D0002D7A
:1028B000F2D03120FFF7CCFF08B1012400E0002462
:1028C000204638BD01460020C34A106820F0F800B9
:1028D00040EAC10010607047C3490860704700219A
:1028E000BD4A703211701170012802D004280AD13B
:1028F00004E00121B84A7032117005E00521B64AA2
:102900007032117000E000BF00BF7047B749086027
:10291000704770B5049C41EA82150126C6EB530648
:1029200045EA0645054345EA0465AB4E361D35606C
:1029300070BDAD4908667047820142EA0172A64B3C
:1029400084331A607047A8498866704710B58301C0
:1029500043EA016343EA02739F4C8834236010BD4D
:10296000A14908677047A049C86470470246002023
:10297000994B0833186820F0EC6042EA01031843D1
:10298000954B08331860704702460020924B08337D
:10299000186820F0784042EA010318438E4B083350
:1029A00018607047014600208B4A0832106820F0FA
:1029B000030008431060704787480830006800F043
:1029C0000C00704701460020834A0832106820F04E
:1029D000F000084310607047014600207E4A08322C
:1029E000106820F4E0500843106070470146002052
:1029F000794A0832106820F4604040EAC100106053
:102A00007047F0B500210022002402250026022391
:102A1000714F08373F6807F00C0121B1042905D038
:102A2000082937D105E0724F076036E0714F076023
:102A300033E0694F3F1D3F68C7F38056664F3F1D27
:102A40003F6807F03F036EB16A4FB7FBF3F7DFF85B
:102A500088C10CF1040CDCF800C0CCF3881C07FB27
:102A60000CF40CE0624FB7FBF3F7DFF86CC10CF12C
:102A7000040CDCF800C0CCF3881C07FB0CF4564FA8
:102A80003F1D3F68C7F301477F1C7D00B4FBF5F78E
:102A9000076002E0564F076000BF00BF4E4F083787
:102AA0003F6807F0F0010909534F7A5C0768D74087
:102AB0004760494F08373F6807F4E051890A4E4F95
:102AC0007A5C4768D7408760434F08373F6807F410
:102AD0006041490B484F7A5C4768D740C760F0BDFA
:102AE000002100F44072B2F5407F0AD13A4A083220
:102AF000116821F4F811414A02401143364A083264
:102B00001160354A70321268C0F30B031A43324B1E
:102B100070331A607047354944390860704733494B
:102B20004039086070473649086070470146002008
:102B3000294A8C32106820F01F004A1E1043264A92
:102B40008C321060704701460020234A8C32106896
:102B500020F4F8504A1E40EA02201F4A8C321060CE
:102B60007047014600201C4A8C32106820F4401047
:102B700008431060704701460020174A8C321068E5
:102B800020F4400008431060704701460020124ABC
:102B90008C32106820F440300843106070471949A7
:102BA0000860704739B10C4A3032126802430A4B50
:102BB00030331A6006E0084A303212688243064B0E
:102BC00030331A607047F9B1034A34321268024355
:102BD000014B34331A601CE000380240FFFFF6EA74
:102BE000103000240030002000004742800E474291
:102BF0000024F40000127A002E000020FFFCFF0FDA
:102C00005C014742E01147428F4A126882438E4B73
:102C10001A60704739B18C4A121D126802438A4B00
:102C20001B1D1A6006E0884A121D12688243864BFB
:102C30001B1D1A60704739B1834A0C321268024377
:102C4000814B0C331A6006E07F4A0C3212688243D3
:102C50007D4B0C331A60704739B17B4A10321268D1
:102C60000243794B10331A6006E0774A103212683B
:102C70008243754B10331A60704739B1724A243A57
:102C800012680243704B243B1A6006E06E4A243AF5
:102C9000126882436C4B243B1A60704739B16A4A10
:102CA000203A12680243684B203B1A6006E0664AED
:102CB000203A12688243644B203B1A60704739B156
:102CC000614A1C3A126802435F4B1C3B1A6006E0E3
:102CD0005D4A1C3A126882435B4B1C3B1A6070478A
:102CE00039B1594A143A12680243574B143B1A60DF
:102CF00006E0554A143A12688243534B143B1A605B
:102D0000704739B1504A103A126802434E4B103B9B
:102D10001A6006E04C4A103A126882434A4B103B54
:102D20001A60704739B1484A1C3212680243464B58
:102D30001C331A6006E0444A1C3212688243424B3C
:102D40001C331A60704739B13F4A2032126802437F
:102D50003D4B20331A6006E03B4A20321268824322
:102D6000394B20331A60704739B1374A2432126820
:102D70000243354B24331A6006E0334A243212688A
:102D80008243314B24331A60704739B12E4A2C32BA
:102D9000126802432C4B2C331A6006E02A4A2C326C
:102DA00012688243284B2C331A60704739B1264A87
:102DB000303212680243244B30331A6006E0224A54
:102DC000303212688243204B30331A60704701283A
:102DD00008D11D493C31096841F008011A4A3C32CA
:102DE000116007E018493C31096821F00801164AD2
:102DF0003C321160704739B1134A273A12780243C6
:102E0000114B273B1A7006E00F4A273A127882438B
:102E10000D4B273B1A7070470B484030006840F05C
:102E20008070094940310860704701460020064A19
:102E3000283A12680A400AB1012000E000207047D9
:102E400001492639087070473438024010B50446ED
:102E5000FA48844208D101211020FFF752FF0021D7
:102E60001020FFF74EFF57E0F548844209D10121B9
:102E70004804FFF735FF00214FF40030FFF730FF23
:102E80004AE0F048844209D101218804FFF728FF75
:102E900000214FF48020FFF723FF3DE0EA48844201
:102EA00009D10121C804FFF71BFF00214FF40020C6
:102EB000FFF716FF30E0E548844209D101210805FB
:102EC000FFF70EFF00214FF48010FFF709FF23E00A
:102ED000DF48844208D101212020FFF712FF0021A2
:102EE0002020FFF70EFF17E0DA48844209D10121C4
:102EF0008807FFF7F5FE00214FF08040FFF7F0FE56
:102F00000AE0D548844207D101214005FFF7E8FED9
:102F100000216005FFF7E4FE10BD2DE9FF470546DF
:102F20000E460024A14600BFA046B08900B100BFF4
:102F30002C8A24F44054F08804432C82AC8941F25A
:102F40000C608443B0883189084371890843044385
:102F5000AC81AC8A24F44074B0890443AC826846E6
:102F6000FFF74FFDB548854202D0B948854202D1EE
:102F7000DDF80C9001E0DDF80890A88900F400402D
:102F800040B109EBC90000EB091031684900B0FB02
:102F9000F1F707E009EBC90000EB0910316889007F
:102FA000B0FBF1F76420B7FBF0F0040120096421C5
:102FB00001FB1078A88900F4004040B1322000EBFA
:102FC000C800B0FBF1F000F00700044308E0322035
:102FD00000EB08106421B0FBF1F000F00F00044397
:102FE0002C81BDE8FF874FF41651016000218180DC
:102FF000C18001810C21418100218181704710B580
:1030000002460020108A20F470600B884C8823430D
:103010008C882343CC8823431843108210BD0021A1
:10302000018041808180C180704721B1828942F452
:103030000052828104E082894DF6FF731A4082813A
:103040007047028B02F47F420283028B0A430283A1
:10305000704721B1828942F40042828103E0828973
:10306000C2F30E028281704721B1828A42F400626B
:10307000828204E0828A4FF2FF731A408282704794
:10308000C1F308028280704701468888C0F30800B7
:103090007047028A4FF6F0731A400282028A0A438E
:1030A0000282704721B1828942F00202828104E0EB
:1030B00082894FF6FD731A408281704782894FF2F0
:1030C000FF731A40828182890A4382817047028A93
:1030D0004FF6DF731A400282028A0A430282704767
:1030E00021B1028A42F48042028204E0028A4BF655
:1030F000FF731A4002827047818941F0010181818A
:10310000704721B1828A42F00802828204E0828AFA
:103110004FF6F7731A4082827047028BD2B2028355
:10312000028B42EA01220283704721B1828A42F077
:103130002002828204E0828A4FF6DF731A40828284
:10314000704721B1828A42F01002828204E0828AB2
:103150004FF6EF731A4082827047828A4FF6FB73F4
:103160001A408282828A0A438282704721B1828A0F
:1031700042F00202828204E0828A4FF6FD731A4016
:10318000828270471AB1838A0B43838202E0838A6A
:103190008B4383827047F0B5034600240026002548
:1031A000002040F66A17B94200D100BF1846C1F3AB
:1031B000421401F01F06012707FA06F5012C01D180
:1031C0000C3004E0022C01D1103000E014301AB1B0
:1031D00007682F43076002E00768AF430760F0BD50
:1031E00002460020B1F5007F00D100BF13880B40DC
:1031F0000BB1012000E00020704701F40072B2F52D
:10320000007F00D100BFCA430280704770B50246FC
:10321000002400230025002040F66A16B14200D1A8
:1032200000BFC1F3421501F01F03012606FA03F3A4
:10323000012D13D19689334017E0000000100140A2
:103240000044004000480040004C00400050004056
:103250000014014000780040007C0040022D02D1A3
:10326000168A334001E0968A33400C12012606FA92
:1032700004F41688344013B10CB1012000E00020A2
:1032800070BD10B50022002340F66A14A14200D19F
:1032900000BF0A1201249440A3B2DC43048010BD95
:1032A00010B50446FE48844209D101214806FFF7C3
:1032B00017FD00214FF00070FFF712FD08E001211B
:1032C0008806FFF70DFD00214FF08060FFF708FD35
:1032D00010BD30B5024600200023146824F002041B
:1032E0001460146844F00104146000E05B1C54682E
:1032F00004F001041CB94FF6FF74A342F6D15468E0
:1033000004F001040CB900206CE08C79012C04D18C
:10331000146844F08004146003E0146824F080040E
:103320001460CC79012C04D1146844F0400414607A
:1033300003E0146824F0400414600C7A012C04D1DA
:10334000146844F02004146003E0146824F020049E
:1033500014604C7A012C04D1146844F010041460F9
:1033600003E0146824F0100414608C7A012C04D15A
:10337000146844F00804146003E0146824F008049E
:103380001460CC7A012C04D1146844F00404146055
:1033900003E0146824F0040414608C78A407CD784A
:1033A00044EA05640D7944EA05444D7944EA05543C
:1033B0000D886D1E2C43D461146824F00104146040
:1033C000002300E05B1C546804F001041CB14FF6BC
:1033D000FF74A342F6D1546804F001040CB100203C
:1033E00000E0012030BD10B50021837A012202FAED
:1033F00003F1AC4A126842F00102AA4B1A60A94AD2
:103400001C3212688A43A74B1C331A60027BCAB96C
:10341000A44A0C3212688A43A24B0C331A604288C9
:10342000C38842EA03439F4A4032847A42F83430E8
:103430000288838842EA03439A4A4032847A02EB44
:10344000C4025360027B012A19D1964A0C321268D9
:103450000A43944B0C331A604288038842EA0343C0
:10346000904A4032847A42F83430C288838842EAF3
:1034700003438C4A4032847A02EBC4025360C27A1E
:103480003AB9884A121D12688A43864B1B1D1A607E
:1034900006E0844A121D12680A43824B1B1D1A6003
:1034A000028932B97F4A143212688A437D4B143341
:1034B0001A600289012A06D17A4A143212680A4334
:1034C000784B14331A60427B012A06D1754A1C32AC
:1034D00012680A43734B1C331A60724A126822F056
:1034E0000102704B1A6010BD00218171C17101721F
:1034F00041728172C1728170C17003210171022118
:1035000041710121018070476649096841F001015C
:10351000644A11601146096843F60E729143614A8C
:1035200011601146096841EA0021116011460968DD
:1035300021F001011160704721B1026842F480322C
:10354000026003E0026822F4803202607047E1B159
:10355000026842F0800202604FF4C272125842F4D4
:1035600080734FF4C27213504FF4CA72125842F46F
:1035700080734FF4CA7213504FF4D272125842F44F
:1035800080734FF4D27213501BE0026822F0800265
:1035900002604FF4C272125822F480734FF4C27268
:1035A00013504FF4CA72125822F480734FF4CA7247
:1035B00013504FF4D272125822F480734FF4D27227
:1035C0001350704710B502460020936803F08063E3
:1035D000B3F1806F00D110E0936803F00063B3F1A2
:1035E000006F01D1012008E0936803F08053B3F12C
:1035F000805F01D1022000E00420042879D002F588
:10360000C07303EB00131B6803F0010402F5C073E1
:1036100003EB00131C600B7A7BB94B7A0C8843EAEE
:10362000445302F5C07404EB00142468234302F5EC
:10363000C07404EB0014236010E00B7A4C6843EA7A
:10364000C4034C7A234302F5C07404EB00142468CD
:10365000234302F5C07404EB001423608B7A03F05B
:103660000F038B7202F5C07303EB00135B6823F04A
:103670000F0402F5C07303EB00135C6002F5C07326
:1036800003EB00135B688C7A234302F5C07404EBF0
:10369000001463608B7B1C064B7B44EA034403E00D
:1036A00000640040006600400B7B44EA0323CC7AB0
:1036B000234302F5C07404EB0014A3608B7C1C064A
:1036C0004B7C44EA03440B7C44EA0323CC7B234336
:1036D00002F5C07404EB0014E36002F5C07303EB61
:1036E00000131B6843F0010402F5C07303EB0013E1
:1036F0001C6010BD10B50246002321B1012907D07E
:1037000002290FD109E09068F94C00EA04030BE0AC
:103710009068F84C00EA040306E09068F64C00EA72
:10372000040301E0002300BF00BFF44C181BA342B8
:1037300016D007DC83B16FF08060184470B10228A6
:1037400018D111E0B0F5007F10D0ED4C204448B105
:10375000B0F5003F0ED10BE002230DE000230BE09B
:10376000002309E0002307E0012305E0012303E033
:10377000012301E0002300BF00BFD8B210BD21B17A
:10378000012907D002290FD109E0826842F08002A6
:1037900082600AE0826842F40042826005E082684A
:1037A00042F40002826000E000BF00BF704710B525
:1037B00000F5D87303EB01131B6803F004031372C5
:1037C000137A53B900F5D87303EB01131B6840F269
:1037D000FF7404EA5353136009E000F5D87303EB58
:1037E00001131B686FF0604404EAD303536000F5D3
:1037F000D87303EB01131B6803F00203537200F547
:10380000D87303EB01135B6803F00F03937200F5A9
:10381000D87303EB01135B681B0AD37400F5D873EC
:1038200003EB01139B68D37200F5D87303EB01130C
:103830009B681C0A147300F5D87303EB01139B6893
:103840001C0C547300F5D87303EB01139B681B0E1B
:10385000937300F5D87303EB0113DB68D37300F5A2
:10386000D87303EB0113DB681C0A147400F5D873DA
:1038700003EB0113DB681C0C547400F5D87303EBE5
:103880000113DB681B0E937421B9C36843F0200356
:10389000C36003E0036943F02003036110BD21B955
:1038A000C26842F02002C26003E0026942F02002D6
:1038B000026170470246002019B9D36803F0030083
:1038C00006E0012903D1136903F0030000E00020A2
:1038D000704710B502460B4600204FF6FF71BBB98A
:1038E000146824F0020444F00104146000E0491E4E
:1038F000546804F00304012C01D00029F7D1546866
:1039000004F00304012C01D0002032E0012030E05B
:10391000012B13D1146824F00304146000E0491E45
:10392000546804F003040CB10029F8D1546804F081
:1039300003040CB100201CE001201AE0022B17D177
:10394000146824F0010444F00204146000E0491EED
:10395000546804F00304022C01D00029F7D1546804
:1039600004F00304022C01D0002002E0012000E05A
:10397000002010BD014600200A6822F0010242F03A
:1039800002020A604A6802F00302022A00D1012002
:10399000704701464FF6FF7200200B6823F00203C8
:1039A0000B6000E0521E4B6803F00203022B01D1B2
:1039B000002AF7D14B6803F00203022B00D001204C
:1039C0007047014600208A6902F070007047014686
:1039D00000208A69100E7047014600208A69C2F3F0
:1039E000074070471AB143690B43436102E04369E2
:1039F0008B434361704710B50246002001F4700309
:103A000043B19369C1F3130423400BB101202DE0AE
:103A100000202BE001F0807343B15368C1F313041D
:103A200023400BB1012021E000201FE001F00063E2
:103A300043B19368C1F3130423400BB1012015E097
:103A4000002013E001F0007343B1D368C1F3130405
:103A500023400BB1012009E0002007E01369C1F306
:103A6000130423400BB1012000E0002010BD002210
:103A7000244B994202D10023836111E0C1F3130268
:103A800001F000730BB1C2600AE001F080630BB17A
:103A9000026105E001F000630BB1826000E042606A
:103AA00070470246002002EA01030BB1012000E04A
:103AB0000020704770B504460D4600266069284016
:103AC000002872D0B5F5807F69D01DDC082D42D06A
:103AD00006DC012D2DD0022D31D0042D7FD134E014
:103AE000102D3ED0202D42D0402D78D145E0000051
:103AF0000300000400030008000003100001000898
:103B00000001FFF77000F030B5F5004F61D009DC1F
:103B1000B5F5007F4AD0B5F5806F4DD0B5F5006F93
:103B20005DD150E0B5F5803F2DD0B5F5003F56D1C1
:103B30002FE0A0685549FFF7B4FF064651E0E06862
:103B40000321FFF7AEFF06464BE0E0680821FFF7D0
:103B5000A8FF064645E0E0681021FFF7A2FF0646F1
:103B60003FE020690321FFF79CFF064639E020690A
:103B70000821FFF796FF064633E020691021FFF782
:103B800090FF06462DE060680821FFF78AFF064691
:103B900027E060681021FFF784FF064621E0A06956
:103BA0000121FFF77EFF06461BE01BE0A069022112
:103BB000FFF777FF064614E0A0690421FFF771FFC5
:103BC00006460EE00BE0A0697021FFF76AFF06468B
:103BD00007E060680421FFF764FF064601E0002665
:103BE00000BF00E00026304670BDB1F5007F3AD03E
:103BF0000FDC202928D006DC01291CD004291DD087
:103C0000082940D11DE0402921D0B1F5807F3AD16B
:103C100026E0B1F5004F31D006DCB1F5806F25D03C
:103C2000B1F5006F2FD124E0B1F5803F12D0B1F58E
:103C3000003F28D111E0154A826025E00822C260C9
:103C400022E01022C2601FE0082202611CE0102264
:103C5000026119E00822426016E01022426013E07F
:103C60000422426010E0042242600DE0042242601F
:103C70000AE0002282610422426005E000228261A3
:103C80000422426000E000BF00BF70470101010054
:103C900010B50446FE48844208D101210846FFF7CA
:103CA00030F800210120FFF72CF89DE0B4F1804F9F
:103CB00008D101210846FFF713F800210120FFF782
:103CC0000FF891E0F348844208D101210220FFF768
:103CD00007F800210220FFF703F885E0EE48844250
:103CE00008D101210420FEF7FBFF00210420FEF78C
:103CF000F7FF79E0E948844208D101210820FEF766
:103D0000EFFF00210820FEF7EBFF6DE0E44884425E
:103D100008D101211020FEF7E3FF00211020FEF75B
:103D2000DFFF61E0DF48844208D101212020FEF757
:103D3000D7FF00212020FEF7D3FF55E0DA48844268
:103D400008D101210220FEF7DCFF00210220FEF74E
:103D5000D8FF49E0D548844209D101210804FEF783
:103D6000D0FF00214FF48030FEF7CBFF3CE0D0487D
:103D7000844209D101214804FEF7C3FF00214FF41A
:103D80000030FEF7BEFF2FE0CA48844209D101216E
:103D90008804FEF7B6FF00214FF48020FEF7B1FF44
:103DA00022E0C548844208D101214020FEF798FF57
:103DB00000214020FEF794FF16E0C048844208D15D
:103DC00001218020FEF78CFF00218020FEF788FF74
:103DD0000AE0BB48844207D101218015FEF780FF2D
:103DE0000021A015FEF77CFF10BD00220288A84B21
:103DF00098420ED0AC4B98420BD0B0F1804F08D017
:103E0000A44B984205D0A44B984202D0A34B9842B1
:103E100004D14FF68F731A404B881A43A04B984237
:103E200007D0A04B984204D04FF6FF431A400B89AD
:103E30001A4302804B68C3620B880385944B9842F7
:103E400002D0994B984201D18B7A03860123838259
:103E500070474FF0FF3141600021018001814180B6
:103E6000817270470185828270470A46002101886D
:103E70004FF68F73194011430180704741627047BC
:103E8000C16270470146486A70470146088D704715
:103E900021B1028842F00202028004E002884FF65B
:103EA000FD731A400280704721B1028842F004027B
:103EB000028004E002884FF6FB731A4002807047CC
:103EC00021B1028842F08002028004E002884FF6AD
:103ED0007F731A400280704702884FF6F7731A40CA
:103EE000028002880A430280704702884FF6FF432F
:103EF0001A40028002880A430280704721B102887A
:103F000042F00102028004E002884FF6FE731A407C
:103F10000280704770B5002400220023058C4FF604
:103F2000FE7635400584028C8388048B4FF68F75AE
:103F30002C40B51E2C400D882C43751E2A408D89BF
:103F40002A434D882A43524DA84202D0564DA842DA
:103F500013D14FF6F7752A40CD892A434FF6FB75EA
:103F60002A408D882A434FF6FF652B404FF6FF55B8
:103F70002B400D8A2B434D8A2B43838004838D680D
:103F80004563028470BD70B5002400220023058CB7
:103F90004FF6EF7635400584028C8388048B48F613
:103FA000FF752C404FF6FF452C400D884FF6FF76ED
:103FB00006EA05252C434FF6DF752A408D8906EA6F
:103FC00005152A434D8806EA05152A43304DA842B7
:103FD00002D0354DA8421DD14FF67F752A40CD89BC
:103FE0004FF6FF7606EA05152A434FF6BF752A40BD
:103FF0008D8806EA05152A434FF6FF352B404FF210
:10400000FF752B400D8A06EA85052B434D8A06EA8B
:1040100085052B43838004838D688563028470BD8E
:1040200070B5002400220023058C4FF6FF66354052
:104030000584028C8388848B4FF68F752C404FF655
:10404000FC752C400D882C434FF6FF552A408D8976
:104050004FF6FF7606EA05252A434D8806EA052530
:104060002A430B4DA84202D00F4DA84238D14FF23F
:10407000FF752A40CD894FF6FF7606EA05252A43CB
:104080004FF6FF352A408D8806EA05252A4319E0B8
:10409000000001400004004000080040000C004007
:1040A00000100040001400400004014000400140A6
:1040B000004401400048014000180040001C00403E
:1040C000002000404EF6FF752B404DF6FF752B404B
:1040D0000D8A06EA05152B434D8A06EA05152B4382
:1040E000838084838D68C563028470BD70B50022AF
:1040F00000230024058C4EF6FF7635400584038CA2
:104100008488828B48F6FF752A404FF6FF452A4087
:104110000D884FF6FF7606EA05252A434DF6FF7512
:104120002B408D8906EA05352B434D8806EA053577
:104130002B43FE4DA84202D0FD4DA84208D14BF6BC
:10414000FF752C400D8A4FF6FF7606EA85152C4345
:10415000848082838D680564038470BD00210180A2
:104160004180818081608181C1810182418270476B
:1041700070B50346002000241846183001258D40F4
:10418000ACB21D8CA5431D8409B108290AD100EBEE
:10419000610005684FF68F76354005600568154368
:1041A00005600FE00D1FC5F34E052844056848F66D
:1041B000FF763540056005684FF6FF7606EA022671
:1041C0003543056070BD4163704781637047C163CB
:1041D0007047016470470A460021018B4FF68F73C8
:1041E00019401143018370470A460021018B48F6AC
:1041F000FF7319404FF6FF7303EA0223194301834B
:1042000070470A460021818B4FF68F731940114386
:10421000818370470A460021818B48F6FF7319405D
:104220004FF6FF7303EA02231943818370470A465E
:104230000021018B4FF6F77319401143018370473A
:104240000A460021018B4FF2FF7319404FF6FF73AE
:1042500003EA02231943018370470A460021818B38
:104260004FF6F77319401143818370470A460021C6
:10427000818B4FF2FF7319404FF6FF7303EA02235D
:104280001943818370470A460021018B4FF6FB7367
:1042900019401143018370470A460021018B4FF6F4
:1042A000FF3319404FF6FF7303EA022319430183DA
:1042B00070470A460021818B4FF6FB73194011436A
:1042C000818370470A460021818B4FF6FF331940E6
:1042D0004FF6FF7303EA02231943818370470A46AE
:1042E0000021018B4FF67F73194011430183704702
:1042F0000A460021018BC1F30E014FF6FF7303EA5A
:1043000002231943018370470A460021818B4FF62F
:104310007F7319401143818370470A460021818BC6
:10432000C1F30E014FF6FF7303EA022319438183A1
:1043300070470A460021018C4FF6FD731940114366
:10434000018470470A460021018C4FF6F77319402B
:104350001143018470470A460021018C4FF6DF7338
:1043600019404FF6FF7303EA0213194301847047A3
:104370000A460021018C4FF67F7319404FF6FF73F8
:1043800003EA02131943018470470A460021018C95
:104390004FF6FF5319404FF6FF7303EA0223194308
:1043A000018470470A460021018C4FF2FF731940C7
:1043B0004FF6FF7303EA02231943018470470A464C
:1043C0000021018C4DF6FF7319404FF6FF7303EA8D
:1043D000023319430184704730B5002301248C4017
:1043E000A3B2048C9C430484048C02FA01F5ADB2A0
:1043F0002C43048430BD30B5002304248C40A3B288
:10440000048C9C430484048C02FA01F5ADB22C4365
:10441000048430BD828B4FF2FF331A408283828B3B
:104420004FF6FF7303EA01231A4382837047F0B506
:104430000C461546002100220026078C4EF6FF7C14
:1044400007EA0C070784818B028C4FF6FF7707EA97
:10445000043640F6FF4739404FF6FF7707EA052755
:1044600039434FF6FF7707EA0337394345F6FF77BD
:104470003A4046F480573A4381830284F0BD828BF0
:104480004FF6F3731A408283828B0A43828370470C
:10449000F0B50C461546002100220026078C4FF689
:1044A000FF6C07EA0C070784818B028C4FF6FF77BD
:1044B00007EA04264FF60C7739404FF6FF7707EAF4
:1044C00003172F4339434FF2FF573A4046F48077A2
:1044D0003A4381830284F0BD028B4FF2FF331A40CE
:1044E0000283028B4FF6FF7303EA01231A43028310
:1044F0007047F0B50C461546002100220026078CB7
:104500004FF6EF7C07EA0C070784018B028C4FF60D
:10451000FF7707EA041640F6FF4739404FF6FF776A
:1045200007EA033739434FF6FF7703E00000014005
:104530000004014007EA052739434FF65F773A4008
:1045400046F010073A4301830284F0BD028B4FF618
:10455000F3731A400283028B0A4302837047F0B55B
:104560000C46154600210022068C4FF6FE773E4091
:104570000684018B028C4FF60C7631407E1C06EAD5
:1045800003162E4331434FF6F576324044F00106D0
:10459000324301830284F0BD70B505460C46208885
:1045A00050B92389A28861882846FFF7D8FFE1889F
:1045B0002846FFF7CBFF25E0208804280AD123896D
:1045C000A28861882846FFF794FFE1882846FFF714
:1045D00083FF17E0208808280AD12389A2886188F0
:1045E0002846FFF755FFE1882846FFF748FF09E016
:1045F0002389A28861882846FFF719FFE1882846A9
:10460000FFF708FF70BD00210180418001218180FA
:104610000021C180018170472DE9F04105460C461B
:1046200000260127608808B9022600E00026A0883D
:10463000012801D1022700E001272088A0B92389A1
:10464000A28861882846FFF78AFFE1882846FFF79D
:104650007DFF23893A4631462846FFF74AFFE18825
:104660002846FFF739FF13E02389A288618828468E
:10467000FFF73FFFE1882846FFF72EFF23893A46E0
:1046800031462846FFF76BFFE1882846FFF75EFFBB
:10469000BDE8F0810146486B70470146886B704762
:1046A0000146C86B70470146086C70470A884B8802
:1046B0001A438B881A43CB881A430B891A434B89B8
:1046C0001A438B891A43A0F84420704700210180C7
:1046D00041808180C180018141818181704731B1F8
:1046E000B0F8442042F40042A0F8442005E0B0F8BD
:1046F0004420C2F30E02A0F84420704721B1828802
:1047000042F00402828004E082884FF6FB731A4074
:104710008280704721B1828842F00102828004E0E9
:1047200082884FF6FE731A40828070471AB18389DF
:104730000B43838102E083898B43838170478182AD
:10474000704702460020138A0B400BB1012000E0A5
:1047500000207047CA430282704730B502460020ED
:1047600000230024158A05EA0103958905EA01045E
:1047700013B10CB1012000E0002030BDCA43028219
:10478000704741EA0203A0F8483070471AB18389A4
:104790000B43838102E083898B438381704721B17E
:1047A000828842F00802828004E082884FF6F77324
:1047B0001A408280704701894FF6F87211400181DA
:1047C00070470A46002101894FF68F731940114343
:1047D0000181704730B504460D4629462046FFF753
:1047E000F0FF208940F00700208130BD2DE9F04125
:1047F00004460D4616461F46602D06D13B46012253
:1048000031462046FFF775FE05E03B460122314662
:104810002046FFF7A4FE29462046FFF7D2FF208955
:1048200040F007002081BDE8F08130B50C46002142
:104830000189C9B24FF6FF7505EA032515432543E3
:104840002943018130BD2DE9F04105460E4617464A
:104850009846002443463A4631462846FFF7E5FF8E
:104860002C894FF6F870044044F007044FF68F701F
:10487000044044F070042C81BDE8F081F0B504469A
:104880000D4616461F463B46324629462046FFF750
:10489000CCFF208940F480402081F0BD82884FF613
:1048A0008F731A40828082880A438280704702890F
:1048B0004FF6F8731A40028102890A430281704759
:1048C00002894FF67F731A40028102890A430281EE
:1048D0007047F0B50C4615461E4600210022002305
:1048E0000189028B038C4FF6F877394021434FF64C
:1048F000FC473A4040F201173A434FF6DD773B4020
:104900004FF6FF7707EA06172F433B4301810283E7
:104910000384F0BD21B1828842F08002828004E0ED
:1049200082884FF67F731A4082807047A0F850103B
:104930007047000030B503460C46D3F80C020078EF
:1049400060B9002106E00020D3F8105245F821009C
:10495000481CC1B293F809028842F4DC002030BD43
:1049600010B50446AFF23303002241F203012046A2
:1049700001F0CDF80020D4F80C12087010BD70477B
:10498000F0B585B004460D4617461E460020B4A17A
:1049900043F251036E22CDE90010B4A1B9A009F091
:1049A00065FBD4F81802008880B2ADF8080000203A
:1049B0008DF80A0008208DF80B00E8B28DF80C0085
:1049C000290A8DF80D108DF80E702EB90021CDF842
:1049D0000F108DF8131005E03168CDF80F10317904
:1049E0008DF8131002A9D4F8E40109F0CDF905B04F
:1049F000F0BD2DE9FC4704460E4690469946002539
:104A000022E004F5077030F82500B0421AD104F511
:104A1000077000EB8500C07868B100209FA143F2C9
:104A200052039322CDE9001090A196A009F01EFB3D
:104A30000020BDE8FC87012104F5077000EB85002C
:104A4000C17003E0681CC5B2082DDADB00BF082D79
:104A50000DD1002508E004F5077000EB8500C07853
:104A600000B903E0681CC5B2082DF4DB00BF082DB7
:104A70000CD1002090A143F253039F22CDE90010F6
:104A80007AA180A009F0F2FA0120D2E704F50770BC
:104A900020F8256000EB850080F80280012104F5F4
:104AA000077000EB8500C170012084F80802002522
:104AB00000270EE004F5077000EB8500C0780128A0
:104AC00005D104F5077000EB850080780743681C6A
:104AD000C5B2082DEEDBD4F81402077094F8090271
:104AE000401EC5B20BE0D4F8100200EB850050F870
:104AF000040CD4F8101241F82500681EC5B2002D30
:104B0000F1DC46EA0940D4F810120860D4F80C022F
:104B1000007894F80912884206DAD4F80C0200787A
:104B2000401CD4F80C1208707F20005D40B1D4F80E
:104B300014020278002331462046FFF721FF78E770
:104B4000012076E72DE9FC4105460F464FF00008AD
:104B5000002408E005F5077030F82400B84200D1C1
:104B600003E0601CC4B2082CF4DB00BF082C34D076
:104B700005F5077000EB8400C07801282DD10021D5
:104B800005F5077000EB8400C170002400260FE0DB
:104B900005F5077000EB8400C078012806D1804637
:104BA00005F5077000EB840080780643601CC4B2F2
:104BB000082CEDDBB8F1000F0BD1002085F80802BE
:104BC0007F20405D28B100231A4619462846FFF78A
:104BD000D7FED5F8140206700AE000203AA143F28D
:104BE0005403E222CDE9001020A126A009F03EFAEC
:104BF000BDE8FC812DE9FC4105460C4600203AA1A8
:104C000043F25503F422CDE9001018A11DA009F0CC
:104C10002DFAE07808280CD020883AA141F25603FA
:104C2000F822CDE9001011A116A009F01FFABDE885
:104C3000FC81207800F07F062179607941EA002725
:104C400094F80680E01D009043463A4631462846D7
:104C5000D5F83CC2E04700BFE9E710B5029C10BDA3
:104C600073656E64454D4359000000002E2E5C4371
:104C7000414E6F70656E5C7372635C656D63792E17
:104C80006300000025732C2564203A2030582578D5
:104C90002025732030582578200D0A00454D4359B2
:104CA000206D65737361676520616C7265616479FD
:104CB0002073656E740000006572726F725F6461CC
:104CC00074612066756C6C007265636F76657265E1
:104CD00064206572726F7220776173206E6F74202A
:104CE0006163746976650000454D435920726563C0
:104CF00065697665642E2050726F636565642E2049
:104D0000000000004572726F722073697A65204559
:104D10004D43592E20436F62496420203A20000001
:104D200002460F20802902DA02F1B403585C704772
:104D300070B504460D46D4F8A00050F82500C0F325
:104D400007464FF0FF30D4F8A41021F815000121D8
:104D500004F1B400815531462046D4F8B020904784
:104D600070BD2DE9F04786B004460F46387800F054
:104D70007F05B878012835D120680078A84230D165
:104D80002068007800F5E066ADF80C6001208DF831
:104D90000F0000208DF80E0094F87C008DF81000B4
:104DA00094F8E00148B19DF8100040F080008DF8C3
:104DB0001000002084F8E00102E0012084F8E00106
:104DC00094F87C00EFA143F230137222CDE9001079
:104DD000F7A1FEA009F04AF903A9D4F8E40108F00C
:104DE000D3FF67E0387900F07F08FEA043F210138C
:104DF0007A22EFA1CDE90005F4A009F037F9D4F843
:104E00004001017804F5A27041559038405D40455D
:104E100009D0424629462046D4F8DC31984704F1AF
:104E2000B40000F8058004F1B400405D70B9F3A04F
:104E30004FF444539022DEA1CDE90005E3A009F030
:104E400015F929462046D4F8D821904704F1B4003A
:104E5000405D0F282DD0002625E0D4F8A00050F8A2
:104E60002600C0F307494D451BD1D4F8A00030F807
:104E700026001FFA80FAD4F8A41031F9160008F0C1
:104E80001AFE0020009064200AFB00F3AFF25F12CC
:104E90003146204608F0BAFDD4F8A41021F81600D7
:104EA00000BF701CC6B2D4F89C000078B042D4DCBD
:104EB00000BF00BF06B0BDE8F08770B586B00446FD
:104EC0000E46D4F8A8000088002821D02068007879
:104ED00000F5E065ADF80C5001208DF80F000020C2
:104EE0008DF80E0094F87C008DF8100094F87C008A
:104EF000CBA143F23013BE22CDE90010ACA1B3A088
:104F000009F0B4F803A9D4F8E40108F03DFF05E086
:104F1000B4F9AC0008F0CFFDA4F8AC0006B070BD49
:104F20007CB504460E46D4F83C01008800283FD0EA
:104F30000020C1A10346D922CDE900109CA1A3A065
:104F400009F094F8002530E004F1B400405D0F282A
:104F500029D020680078A84225D004F5A270405DD1
:104F6000002814DCBCA00023E62291A1CDE90005B5
:104F700096A009F07BF8D4F8380120B129462046E4
:104F8000D4F838219047012104F1B400415504F5CB
:104F9000A270405D401EC1B204F5A2704155294681
:104FA000204600F0CDF9681CC5B2802DCCDB05E0B1
:104FB000B4F9340108F07FFDA4F834017CBD7CB560
:104FC0000446AD4B002241F20C01204600F09FFD4B
:104FD000A94B002241F20D01204600F098FDD4F8C3
:104FE0003C010088002840D0D4F840010078002817
:104FF0003BD0D4F83C010688642106FB01F006FB97
:1050000001F3AFF2E30200210090204608F0FEFC1D
:10501000A4F8340199A000234FF4A77264A1CDE94C
:1050200000066AA009F022F8002510E004F1B4009F
:10503000405D0F2809D020680078A84205D0D4F838
:105040004001017804F5A2704155681CC5B2802D5D
:10505000ECDB00208CA1034640F25712CDE9001092
:1050600053A15AA009F002F800BF7CBD10B5044658
:10507000B4F9340108F01FFDA4F8340110BD70B577
:1050800004460D4616462046FFF7F0FF2046FFF780
:1050900096FF002070BDF8B504460E461746A834AA
:1050A000B4F9040008F007FDA08054F8A8090088AE
:1050B00080B1D4F8A8000588642105FB01F0002325
:1050C000AFF2092219460090204608F09FFCA4F890
:1050D000AC0000BF0020F8BDF8B50446AFF24903AC
:1050E000002241F21701204600F011FD002084F853
:1050F000E001002516E0D4F8A00030F8250086B2C3
:1051000076B100200090642006FB00F3AFF2DF329E
:105110002946204608F07AFCD4F8A41021F815009E
:10512000681CC5B2D4F89C000078A842E3DCD4F82F
:10513000A800008888B1D4F8A8000688642106FB7E
:1051400001F006FB01F3AFF28D2200210090204612
:1051500008F05CFCA4F8AC0000BFF8BD70B50446D4
:1051600000250BE0D4F8A41031F9150008F0A3FCD9
:10517000D4F8A41021F81500681CC5B2D4F89C001E
:10518000007891E053656E64696E67204E4D54203F
:105190004E6F6465677561726420746F206D617312
:1051A0007465722C2073746174653A2000000000ED
:1051B0002E2E5C43414E6F70656E5C7372635C6C47
:1051C0006966656772642E630000000025732C25F4
:1051D00064203A20305825782025732030582578CF
:1051E000200D0A005265636569766564204E4D5452
:1051F000206E6F64654964203A2000005468652081
:105200004E4D54206973206120626F6F7475702059
:1052100066726F6D206E6F6465203A20000000009A
:1052200050726F647563696E67206865617274623D
:105230006561743A2000000050726F647563696E96
:1052400067206E6F646567756172642D7265717534
:10525000657374733A2000004E6F64652047756172
:10526000726420616C61726D20666F72206E6F6473
:10527000654964203A2000007F500008477561723C
:105280006454696D653A200054696D657220666FDB
:1052900072206E6F64652D6775617264696E672038
:1052A0007374617274657400A8423FF75BAFB4F920
:1052B000AC0008F000FCA4F8AC0070BD10B50446CA
:1052C0002046FFF709FF2046FFF779FE10BD10B515
:1052D00004462046FFF742FF2046FFF7C7FE10BDF9
:1052E000704770477047704770B586B006460C46E9
:1052F00015462FA043F20153322231A1CDE900051A
:1053000036A008F0B3FE3BA043F2025333222CA197
:10531000CDE9000431A008F0A9FE0020ADF80C0092
:105320008DF80E0002208DF80F008DF810508DF8CA
:10533000114003A9D6F8E40108F026FD06B070BDBF
:1053400070B586B005460C4644F4E066ADF80C60D6
:1053500001208DF80E0000208DF80F0029A043F2E7
:105360000353512216A1CDE900041CA008F07EFED3
:1053700003A9D5F8E40108F007FD06B070BD70B5CB
:1053800004460D460F2104F1B40041555DB90020DB
:1053900000BF05E00F2204F1B4010A54411CC8B259
:1053A0008028F7DB00BF29462046FFF7C9FF70BD04
:1053B00053656E645F4E4D54206373203A200000A5
:1053C0002E2E5C43414E6F70656E5C7372635C6E33
:1053D0006D744D61737465722E63000025732C2506
:1053E00064203A20305825782025732030582578BD
:1053F000200D0A0020202020746F206E6F6465202D
:105400003A20000053656E645F4E4F44455F475538
:1054100041524420746F206E6F6465203A20000072
:105420007CB504460D4694F87C007F2807D094F89C
:105430007C00052803D094F87C0004286AD16879A0
:1054400047A14FF450533222CDE900104BA152A096
:1054500008F00CFE687920B16879216809788842E3
:1054600058D12879802824D004DC012807D00228CC
:105470004FD111E0812829D082284AD132E094F816
:105480007C007F2803D094F87C00042803D10521F8
:10549000204608F00CF83CE094F87C007F2803D00C
:1054A00094F87C00052803D10421204607F0FFFF73
:1054B0002FE094F87C00052803D094F87C000428A1
:1054C00003D17F21204607F0F2FF22E0D4F89400B8
:1054D00018B12046D4F8941088470021204607F0E0
:1054E000E6FF16E0204608F046F80646D4F8980095
:1054F00018B12046D4F898108847FF20216808701A
:105500003146204608F03BF80021204607F0CFFF47
:1055100000BF00BF7CBD10B586B00446002024A1AA
:1055200043F207437E22CDE9001014A11AA008F02F
:105530009DFD2168097841F4E060ADF80C00002081
:105540008DF80E0001208DF80F0000208DF810005E
:1055500003A9D4F8E40108F017FC06B010BD000060
:105560004E4D542072656365697665642E20666FC2
:1055700072206E6F6465203A202000002E2E5C435E
:10558000414E6F70656E5C7372635C6E6D74536CCC
:105590006176652E6300000025732C2564203A2077
:1055A000305825782025732030582578200D0A00A2
:1055B00053656E64206120426F6F742D5570206DAD
:1055C000736720002DE9FC4104460E4617469846B5
:1055D000089DD8A042F609333122DBA1CDE90004B1
:1055E000E0A008F043FDE5A042F610333222D6A138
:1055F000CDE90006DBA008F039FDE649681A8D42C6
:1056000038D00DDCE4482844002828D0A0F57F409D
:10561000FE3870B1A0F500304138002860D13EE07E
:105620006FF40031084478B1202843D0212857D1A5
:105630004BE0DAA042F611333522C3A1CDE90004D4
:10564000C8A008F013FD56E0D9A042F61233382264
:10565000BDA1CDE90006C3A008F008FD4BE0D9A02C
:1056600042F613333B22B8A1CDE90004BDA008F0F7
:10567000FDFC40E0DDA042F614333E22B2A1CDE9AC
:105680000007B8A008F0F2FCE3A042F615333F2271
:10569000ADA1CDE90008B3A008F0E8FC2BE0E6A03E
:1056A00042F616334222A8A1CDE90004ADA008F0CD
:1056B000DDFC20E0EBA042F617334522A2A1CDE9A4
:1056C0000005A8A008F0D2FC15E0F2A042F61833BD
:1056D00048229DA1CDE90005A2A008F0C7FC0AE080
:1056E000F8A042F620334B2297A1CDE900059DA0FA
:1056F00008F0BCFC00BF00BF0020BDE8FC812DE924
:10570000FE4F81468A4614469846DDE90C6B02AA94
:1057100051464846D9F8E83198470546029810B1F5
:105720000298BDE8FE8F2879A04209DCEB480023EF
:105730001A46214600905046FFF744FFE748F0E73D
:105740000E9800B3286800EB0410007800F0010008
:10575000C8B1286800EB04100078E1A142F63033AC
:105760006C22CDE9001078A17EA008F07FFC8A4869
:10577000C04300231A46214600905046FFF722FFFF
:105780008548C043CDE7B8F1000F02D14FF000606B
:10579000C7E7286800EB041040683168884206D9E2
:1057A000286800EB041040683060D148B9E72868E9
:1057B00000EB041040788BF80000286800EB041020
:1057C0004768286800EB04103A468168404608F0B4
:1057D00001FE9BF80000092801D037600DE0286821
:1057E00000EB041040683168884205D2002008F8B8
:1057F0000700781C306000E03760002091E72DE959
:10580000FF4F83B080468B461446109D02AA59462E
:105810004046D8F8E83198470646029818B10298F1
:1058200007B0BDE8F08F3079A04209DCAB480090AA
:105830000022214658462B68FFF7C4FEA748EFE731
:105840001198F8B1306800EB04100078022819D1E3
:10585000306800EB04100078A1A142F62533BD2288
:10586000CDE9001038A13FA008F000FC4A484042B2
:1058700000900022214658462B68FFF7A3FE4648B9
:105880004042CDE7306800EB041090F8019030689A
:1058900000EB04104768306800EB0410D0F80CA04F
:1058A000286810B12868B84242D8D8F82420484661
:1058B000069990470290029848B1029800903A46A3
:1058C000214658462B68FFF77DFE0298A8E731680D
:1058D00001EB041188682A68069908F07BFDB9F18C
:1058E000090F09D12868B84206D20020316801EBBF
:1058F000041189682A6888542F60BAF1000F08D013
:10590000224631464046D0470290029808B102989C
:1059100086E7306800EB0410007800F0040030B136
:10592000224659464046D8F8EC31984778E7E1E0FE
:10593000E2E0000044696374696F6E617279206906
:105940006E646578203A20002E2E5C43414E6F70C5
:10595000656E5C7372635C6F626A61636365732E0C
:105960006300000025732C2564203A2030582578E8
:105970002025732030582578200D0A002020202073
:1059800020202020202020737562696E64657820B5
:105990003A20000010000706FEFFFEF9496E64651C
:1059A00078206E6F7420666F756E642000000000B2
:1059B000537562496E646578206E6F7420666F75EA
:1059C0006E6420005772697465206E6F7420616C7C
:1059D0006C6F7765642C2064617461206973207238
:1059E000656164206F6E6C7920000000436F6E6605
:1059F0006C6963742073697A6520646174612E2018
:105A000053686F756C6420626520286279746573D1
:105A10002920203A2000000042757420796F7520FB
:105A20006861766520676976656E207468652073A5
:105A3000697A6520203A20004E6F74206D61707085
:105A400061626C65206461746120696E2061205020
:105A5000444F20617420696E646578202020203ACC
:105A60002000000056616C75652072616E676520CC
:105A70006572726F72203A2076616C756520746F62
:105A80006F206C6F772E2053444F61626F727420C9
:105A90003A20000056616C75652072616E67652062
:105AA0006572726F72203A2076616C756520746F32
:105AB0006F20686967682E2053444F61626F72746B
:105AC000203A2000556E6B6E6F776E206572726F94
:105AD0007220636F6465203A2000000011000906FF
:105AE0004163636573732054797065203A20000028
:105AF00005000405002093E62F60134800903A4605
:105B0000214658462B68FFF75DFD0F4888E62DE9D2
:105B1000F8430546884614461E466A4641462846CE
:105B2000D5F8E83198470746009830B93879A0424F
:105B300003DD386800EB0410C6600098BDE8F88308
:105B40000346002070470000100007062DE9FF4FB4
:105B5000DDE90D456CE0A5EB020A4FFA8AF3002B54
:105B600004DD91F800A00AFA03FA05E091F800A01C
:105B7000C3F1000B4AFA0BFA0AF0FF0C002B02DD0E
:105B8000C5F1080A01E0C2F1080A0AF0FF088045E1
:105B900001DD824600E0C246564605EB060B4FF09B
:105BA000FF0A0AFA0BFAC5F1080E4FF0FF0B4BFA89
:105BB0000EFB4AEA0B0A0AF0FF072CEA070994F8E1
:105BC00000A00AEA070A84F800A094F800A04AEAB4
:105BD000090A84F800A002EB060A0AF0FF0A5246FE
:105BE000BAF1070F0BDD0022DDF80CA0BAF1000FAF
:105BF00002D04FF0FF3A01E04FF0010A514405EBAB
:105C0000060A0AF0FF0A5546BAF1070F0BDD002518
:105C1000DDF83CA0BAF1000F02D04FF0FF3A01E0EE
:105C20004FF0010A5444A0EB060A0AF0FF0000BF3F
:105C3000002890DCBDE8FF8F2DE9F04F8DB00446C1
:105C40008A46154661690989606800EBC10000EB6E
:105C5000CA000C9061694989606800EBC10000EBE3
:105C6000CA0B4FF000090026DBF8000080680B909B
:105C70000C98006880690088C0F30A002880002022
:105C8000A8700C98006880690068F2A143F20903CB
:105C90003D22CDE90010F4A1F9A008F0E7F90B9836
:105CA0000078FDA143F20D033F22CDE90010EEA1E3
:105CB000F3A008F0DBF900BF00200890099009F17B
:105CC0000100DBF8001001EB001087683868000C59
:105CD000079097F80080B8F1000F60D006EB08003D
:105CE00040285CD8A8F10100012101EBD00006900A
:105CF0003888C0F307200590EFA1386843F20F03FE
:105D00005322CDE90010D8A1DDA008F0AFF9BBF80F
:105D10000600F0A143F250035422CDE90010D2A1B5
:105D2000D7A008F0A3F909F10100EEA143F2510355
:105D30005522CDE90010CCA1D1A008F097F901209F
:105D400000210AAA06ABCDE90032CDE9021008AB6A
:105D50002046059A0799FFF7D2FC00280ED0E6A14D
:105D6000386841F213035A22CDE90010BEA1C4A045
:105D700008F07CF9FF200DB0BDE8F08F002206F09E
:105D80000700291D01EBD601CDE90102009108F0C1
:105D9000FF00134608A9FFF7D9FE464400BF09F1EA
:105DA000010000F0FF090B980078484584DC701E64
:105DB000012101EBD000E8700020DEA143F21503C1
:105DC0006B22CDE90010A8A1ADA008F04FF900208A
:105DD000D1E72DE9FE4304460D4660698688A06937
:105DE000B0F804808220005D10B90020BDE8FE8379
:105DF000D7A043F6301388229BA1CDE90005A0A0CF
:105E000008F034F9002E28D0B5F5A05F25DBA5F504
:105E1000A050304486B246451EDC606850F836001B
:105E20008769D3A1386843F630139222CDE9001078
:105E30008DA193A008F01AF9388880B2ADF800005F
:105E400001208DF8020000208DF803006946D4F887
:105E5000E40107F099FFC9E700BFCCA041F6311378
:105E60009C2281A1CDE9000585A008F0FFF8FF2064
:105E7000BCE77CB505460E46144606EBC601A8688D
:105E800000EB4100216840F8061F61684160A1688D
:105E900081602088C8A143F66D1340F2E712CDE976
:105EA000001071A176A008F0E1F8E078C6A143F6F1
:105EB0006E134FF4F472CDE900106BA170A008F0DE
:105EC000D5F82146D5F8E40107F05EFF7CBD70B53A
:105ED00005460C464FF0FF3004EBC402A96801EB05
:105EE0004201888004EBC401A86810F8110020F07A
:105EF000010004EBC402A96801F81200E1B22846CF
:105F000000F001F870BD2DE9F04385B004460D4660
:105F10008220005D38B105EBC501A06810F81100C2
:105F200000F0010018B1002005B0BDE8F083606901
:105F30000089284486B2606850F83600806900689D
:105F400000F0004008B10020EEE7606850F836002D
:105F5000806A0078A1A143F6681340F20F22CDE9D0
:105F6000001041A146A008F081F8002002900390A3
:105F7000049002AA29462046FFF75EFE60B1A0A069
:105F800043F6071340F2152237A1CDE900053CA0E6
:105F900008F06CF80020C7E705EBC501A06800EB2E
:105FA0004100C088BDF80810884217D105EBC50133
:105FB000A06800EB4100407A9DF80B1088420DD19B
:105FC00005EBC502A16801EB420101F10A000822BC
:105FD00003A908F0D3F908B90020A5E790A043F27F
:105FE0006A0340F22A2220A1CDE9000524A008F08E
:105FF0003DF8606850F83600806D0788606850F89A
:106000003600806BB0F80080C7B105EBC502A1680F
:1060100001EB4201B1F9020007F04DFD00200090B4
:10602000642007FB00F3844A2946204607F0EEFC73
:1060300005EBC502A16801EB42014880B8F1000FF1
:1060400007D005EBC502A16801EB4201B1F90400DC
:10605000F4E016E1202050444F20436F6249642051
:106060006973203A200000002E2E5C43414E6F7071
:10607000656E5C7372635C70646F2E630000000079
:1060800025732C2564203A2030582578202573204C
:1060900030582578200D0A0020204E756D626572FB
:1060A000206F66206F626A65637473206D61707023
:1060B0006564203A200000002020676F74206D6125
:1060C0007070696E6720706172616D6574657220B1
:1060D0003A20000020202020617420696E646578D9
:1060E000203A2000202020207375622D696E64659F
:1060F00078203A200000000020436F756C646E2702
:10610000742066696E64206D6170706564207661CC
:10611000726961626C6520617420696E6465782DB6
:10612000737562696E6465782D73697A65203A20AB
:10613000000000002020456E64207363616E206DB6
:106140006170706564207661726961626C650000DF
:1061500073656E6450444F72657175657374205237
:1061600050444F20496E646578203A2000000000BA
:1061700073656E6450444F72657175657374206306
:106180006F624964206973203A20000073656E6471
:1061900050444F72657175657374203A20525044B3
:1061A0004F20496E646578206E6F7420666F756E3F
:1061B00064203A200000000073656E6450444F2054
:1061C000636F624964203A0020202020204E622024
:1061D0006F637465747320203A20000020205044BF
:1061E0004F206973206F6E204556454E542E205423
:1061F00072616E732074797065203A20000000008F
:1062000020436F756C646E2774206275696C64201E
:106210005450444F206E756D626572203A20000024
:106220004368616E676573205450444F206E756DEE
:10623000626572203A2000009362000807F03BFC80
:10624000642008FB00F00A21B0FBF1F900204B4666
:10625000AFF2853229460090204607F0D7FB05EBC8
:10626000C502A16801EB4201888005EBC501A06869
:1062700010F8110040F0010005EBC502A16801F81B
:10628000120002AA29462046FFF7F3FD00BF0120B5
:106290004AE670B505460C464FF0FF3004EBC402E9
:1062A000A96801EB42014880002004EBC402A96800
:1062B00001EB4201C880E1B22846FFF724FE70BD21
:1062C0002DE9F04F8DB004460F4600200C9080461B
:1062D0000B900A90022009903888C0F30A00F7A1B9
:1062E00043F63513C022CDE90010AFF28421AFF29E
:1062F000702007F0BBFEC1460025AB46B8780028E9
:106300007ED160698688A06980880790002E78D049
:1063100029E10998022802D004281AD121E06068F6
:1063200050F8360080690A900A98006839888842D7
:1063300010D10420099005F5A050E6A143F63613CC
:10634000D522CDE90010AFF2E021AFF2CC2007F06A
:106350008DFE07E1681CC5B2701C86B20220099050
:1063600000E16069C688A069C0880790606800EB9A
:10637000C60050F8350080680C904FF0000BCCE060
:10638000002005900690606800EBC60050F83510BC
:106390000BF1010001EB0010D0F80880B8F1000FFC
:1063A00011D10BF10100D1A141F63713F422CDE94F
:1063B0000010AFF24C31AFF2383007F057FEFF203B
:1063C0000DB0BDE8F08F98F800A0BAF1000F7DD0B5
:1063D00009EB0A00F978B0EBC10F77DC002005AAC1
:1063E000CDE90020CDE902094FEAE97009EB5070D0
:1063F000C010A9EBC000C2B2381D00EBE90101E0FA
:10640000B6E021E200235046FFF7A0FBAAF101000D
:10641000012101EBE00004900120002104AACDE954
:1064200000210290B8F80000C0F30722D8F800005D
:10643000010C05AB2046FFF7E2F908900898002808
:1064400031D00BF10100B2A141F638134FF489723B
:10645000CDE90010AFF2F031AFF2DC3007F006FE0C
:10646000D8F80000000CB4A142F6391340F215121E
:10647000CDE90010AFF21041AFF2FC3007F0F6FDAD
:10648000B8F80000C0F30720B2A14FF4255340F242
:106490001712CDE90010AFF23041AFF21C4007F007
:1064A000E5FDFF208CE73888B1A143F642134FF495
:1064B0008E72CDE90010AFF25041AFF23C4007F0D0
:1064C000D5FDD8F80000000C9BA100E020E043F6C9
:1064D000431340F21F12CDE90010AFF27441AFF246
:1064E000604007F0C3FDB8F80000C0F3072099A191
:1064F00043F6441340F22112CDE90010AFF2984167
:10650000AFF2844007F0B2FD09EB0A0000F0FF098A
:106510000BF1010000F0FF0B00BF0C98007858450C
:106520003FF72EAFE068D8B1606850F83600806D54
:1065300000880690069890B1E16831F9150007F0DF
:10654000BAFA002000906421069800FB01F3294666
:106550002046226907F05AFAE16821F8150000BFC9
:1065600000202DE700BF079886427FF7D2AE6BE18F
:10657000B8780128FBD1388886A143F6461340F24B
:106580003712CDE90010AFF22051AFF20C5007F0F6
:106590006DFD0120099060690689A0690089079056
:1065A000002EE4D04CE10998012804D0042816D02C
:1065B00005280CD126E1606850F8360080690A9001
:1065C0000A9800683988884202D10420099036E18F
:1065D000681CC5B2701C86B2012009902FE160686A
:1065E00050F83600806A0B900B980078FD2802D195
:1065F0000520099023E10B980078FC2824D105EBB5
:10660000C501A06810F8110000F0010058B105EBB9
:10661000C503A26802EB4302911DD4F8E40107F020
:10662000B3FB0020CCE6388862A141F6471340F264
:106630006F12CDE90010AFF2D051AFF2BC5007F0AD
:1066400015FD05200990FAE00B980078FF2803D08B
:106650000B980078FE282FD105EBC502A16801EB4D
:106660004201B1F9020007F026FA05EBC502A16864
:1066700001EB4201488005EBC502A16801EB420134
:10668000B1F9040007F017FA05EBC502A16801EBA8
:106690004201888005EBC501A06810F8110020F0C8
:1066A000010005EBC502A16801F812002946204649
:1066B000FFF7EFFD002083E694E0000070726F6347
:1066C00065656450444F2C20636F624944203A2032
:1066D00000000000636F62496420666F756E64207D
:1066E000617420696E64657820000000436F756CEA
:1066F000646E277420676574206D617070696E67C1
:1067000020706172616D65746572203A200000002E
:106710006572726F7220616363657373696E67205F
:10672000746F20746865206D617070656420766197
:1067300072203A200000000020202020202020206D
:10674000204D617070656420617420696E646578A5
:10675000203A20002020202020202020202020203F
:1067600020202020737562696E646578203A2000CD
:106770005661726961626C652075706461746564EC
:106780002062792050444F20636F626964203A2070
:106790000000000052656365697665206120504401
:1067A0004F207265717565737420636F6249642050
:1067B0003A2000004E6F7420726561647920525453
:1067C000525F53594E43205450444F2073656E64BA
:1067D0002063757272656E742064617461203A2062
:1067E000000000003888F8A142F6471340F28912F1
:1067F000CDE90010AFF29071AFF27C7007F036FC7B
:10680000FF20DDE504AA29462046FFF715FA78B1F6
:10681000AFF2146041F6481340F29312AFF2B87130
:10682000CDE90005AFF2A87007F020FCFF20C7E516
:1068300004A9D4F8E40107F0A7FA0020C0E500BFDE
:10684000079886427FF7AFAE0020B9E52DE9F04FFB
:1068500085B004460F46002500264FF00309606905
:10686000B0F808806069B0F80AA0A069B0F808B074
:106870008220005D18B9002005B0BDE8F08FB8F1A6
:10688000000F7DD0002002900390049019E1B9F12F
:10689000030F06D0B9F1050F73D0B9F10B0F71D109
:1068A000E5E0606850F838008069006800F000405A
:1068B00088B105F5C050CDA143F6601340F2912296
:1068C000CDE90010AFF66001AFF64C0007F0CEFB4B
:1068D0004FF00B09F4E0606850F83800866A05F55F
:1068E000C050C7A143F6621340F29922CDE90010CF
:1068F000AFF68C01AFF6780007F0B8FB002F4AD056
:106900003078012847DB3078F02844DC05EBC501FE
:10691000A06810F81100401CC0B205EBC502A168C8
:1069200001F812003178884235D1002005EBC5020C
:10693000A16801F812003078B7A143F6641340F261
:10694000A522CDE90010AFF6E001AFF6CC0007F0CC
:106950008DFB002002900390049002AA2946204655
:10696000FFF76AF9A0B1AFF2687041F6061340F282
:10697000AE22AFF60C11CDE90005AFF6FC0002E047
:10698000A3E06CE08DE007F071FB4FF00B0997E09E
:106990004FF0050962E0002F37D03078FC2834D161
:1069A00005EBC501A06800EB4100821D2946204689
:1069B000FFF742F9D0B1AFF2B87041F6661340F27A
:1069C000BB22AFF65C11CDE90005AFF64C1007F025
:1069D0004DFB05EBC501A06810F8110020F0010087
:1069E00005EBC502A16801F812000BE005EBC5013B
:1069F000A06810F8110040F0010005EBC502A16885
:106A000001F812004FF00B095AE00FB1307870B165
:106A1000A7B93078FF2802D03078FE280ED105EBD8
:106A2000C501A06810F8110000F0010030B9294636
:106A30002046FFF768FA4FF00B090FE030787F49E6
:106A400043F26C034FF43572CDE90010AFF6E81154
:106A5000AFF6D41007F00AFB4FF00B0930E002AAA2
:106A600029462046FFF705FA4FF00B0928E0681C7D
:106A7000C5B208F101001FFA80F80AF101001FFAFF
:106A800080FA6FA043F6701340F2E222AFF628219D
:106A9000CDE90005AFF6182007F0E8FA4FF003093A
:106AA0000EE06CA041F6721340F2E722AFF64821E7
:106AB000CDE90009AFF6382007F0D8FAFF20DBE671
:106AC00000BFD8457FF7E3AE00BF0020D4E610B585
:106AD000044600212046FFF7B9FE10BD70472DE99E
:106AE000F04104460E4617468220005DE0B3022FB7
:106AF00004D0032F03D0052F37D101E000BF00BF22
:106B000061690989606800EBC108A6EB0800C0F361
:106B1000C70505EBC502A16801EB4201B1F902000E
:106B200006F0C9FF05EBC502A16801EB42014880F0
:106B300005EBC502A16801EB4201B1F9040006F0C2
:106B4000BAFF05EBC502A16801EB42018880002075
:106B500005EBC502A16801F8120029462046FFF79F
:106B600098FB0020BDE8F08101E000BF00BF0020DD
:106B7000F8E72DE9F84304464FF4C05760690589EA
:106B8000A069B0F80880C5B115E06A4639462046CC
:106B9000D4F8E83198470646009838B9AFF2C101F9
:106BA0003068C1623068C1633068C165781C87B2E3
:106BB000681C85B200BF4545E7DD00212046FFF790
:106BC00045FEBDE8F883000050444F206973206EF5
:106BD0006F7420746F2073656E64206F6E20726511
:106BE0007175657374203A20000000004E6F7420A8
:106BF000612076616C69642050444F2000000000E1
:106C000052656164696E672050444F206174206949
:106C10006E646578203A2000202050444F2069732C
:106C2000206F6E2053594E4348524F2E20547261AC
:106C30006E732074797065203A200000D8E7000850
:106C40006E6578742070646F20696E646578203A90
:106C500020000000556E6B6E6F776E207374617448
:106C60006520686173206265656E20726561636886
:106C70006564203A000000002DE9F041044600253B
:106C800060690689A069078986B32DE005EBC50216
:106C9000A16801EB4201B1F9020006F00CFF05EB1F
:106CA000C502A16801EB4201488005EBC502A1685D
:106CB00001EB4201B1F9040006F0FDFE05EBC5024F
:106CC000A16801EB42018880002005EBC502A168A4
:106CD00001F8120005EBC502A16801EB4201C88072
:106CE000681CC5B2701C86B2BE42CFDDBDE8F08123
:106CF00010B50A4643691B8903B910BD43691B8956
:106D0000134499B2436853F831309B691B6823F0F0
:106D10000044436853F831309B691C6000BFECE7C6
:106D200010B50A4643691B8903B910BD43691B8925
:106D3000134499B2436853F831309B691B6843F0A0
:106D40000044436853F831309B691C6000BFECE796
:106D50002DE9FC4705460C4617469846DDE90A969C
:106D6000F5A043F625234FF4EE72F8A1CDE9000417
:106D7000FCA007F07BF9022E05D0032E03D0042ED1
:106D800001D0052E1DD1FDA043F6062340F2DF12EF
:106D9000EEA1CDE90004F3A007F068F90020FE4B56
:106DA000FE4A21460090284606F030FEC4EBC4019E
:106DB00001EB410205F1280101EB8201A1F84C0031
:106DC00020E0F7A043F6052340F2E112DFA1CDE970
:106DD0000004E4A007F04AF9C4EBC40101EB41024E
:106DE00005F1280101EB8201B1F94C0006F063FEC8
:106DF000C4EBC40101EB410205F1280101EB820162
:106E0000A1F84C00C4EBC40000EB400105F12800E0
:106E100000F82170C4EBC40000EB400105F128002C
:106E200000EB8100A0F80880C4EBC40000EB400137
:106E300005F1280000EB810080F80A90C4EBC40043
:106E400000EB400105F1280000EB81008670002175
:106E5000C4EBC40000EB400205F1280000EB820007
:106E6000C170C4EBC40000EB400205F1280000EB48
:106E70008200C160C4EBC40000EB400205F12800B1
:106E800000EB82000161C4EBC40000EB400205F19D
:106E9000280000EB820080F83410C4EBC40000EB43
:106EA000400205F1280000EB820080F83510C4EBA9
:106EB000C40000EB400205F1280000EB820080F8DE
:106EC0003610C4EBC40000EB400205F1280000EBD3
:106ED00082008163C4EBC40000EB400205F128008E
:106EE00000EB8200C163C4EBC40000EB400205F17B
:106EF000280000EB820080F84010C4EBC40000EBD7
:106F0000400205F1280000EB820080F84110C4EB3C
:106F1000C40000EB400205F1280000EB820080F87D
:106F20004210C4EBC40000EB400205F1280000EB66
:106F3000820080F84B10C4EBC40000EB400205F166
:106F4000280000EB820001650020BDE8FC877CB5CD
:106F500005460C4699A043F625234FF4E3727BA126
:106F6000CDE900047FA007F081F8002000900346DF
:106F70000246214601902846FFF7EAFE00260BE074
:106F80000021C4EBC40000EB400205F1280000EB37
:106F9000820014308155761C202EF1D30021C4EBE1
:106FA000C40000EB400205F1280000EB82004170B4
:106FB000C4EBC40000EB400205F1280000EB8200A6
:106FC00041607CBD2DE9F04385B0044688461646F5
:106FD000994600207FA143F6382340F29F22CDE955
:106FE00000105AA15FA007F041F894F87C00052832
:106FF00014D094F87C007F2810D094F87C0077A1FE
:1070000042F6392340F2A122CDE900104FA155A04C
:1070100007F02CF8FF2005B0BDE8F083B8F1010FB0
:107020002CD16069058825B1A819A1690988884211
:107030000DDD002076A141F6422340F2A922CDE9E0
:10704000001042A147A007F011F8FF20E3E7A919BB
:10705000606850F83100806A008880B2ADF808009E
:10706000BDF8080072A143F6412340F2AD22CDE9FC
:10707000001036A13BA006F0F9FF2BE060694588BF
:1070800025B1A819A169498888420DDD00206EA1AB
:1070900041F6422340F2B322CDE900102BA131A0EA
:1070A00006F0E4FFFF20B6E7A919606850F8310048
:1070B0008069008880B2ADF80800BDF808006AA1B8
:1070C00043F6412340F2B722CDE900101FA125A0CD
:1070D00006F0CCFF00208DF80A0008208DF80B0088
:1070E000002705E019F8071003A8C155781CC7B29E
:1070F000082FF7DB02A9D4F8E40106F045FE8AE781
:107100002DE9FF4706460F4690461D46DDE90C94E3
:107110005BA042F650234FF435720CA1CDE9000478
:1071200010A006F0A3FF80208DF80800E8B28DF8CB
:107130000900280AAEE00000696E69742053444FCC
:10714000206C696E65206E62203A20002E2E5C4312
:10715000414E6F70656E5C7372635C73646F2E6317
:107160000000000025732C2564203A203058257833
:107170002025732030582578200D0A005374617241
:107180007453444F5F54494D455220666F72206CD2
:10719000696E65203A20000020A10700CB7200082C
:1071A00053746F7053444F5F54494D455220666F7E
:1071B00072206C696E65203A20000000726573656C
:1071C000742053444F206C696E65206E62203A2013
:1071D0000000000073656E6453444F00756E616279
:1071E0006C6520746F2073656E642074686520532D
:1071F000444F20286E6F7420696E206F70206F726C
:10720000207072652D6F70206D6F64650000000046
:1072100053656E6453444F203A2053444F207365A6
:1072200072766572206E6F7420666F756E640000F2
:107230004920616D207365727665722054782063F1
:107240006F624964203A200053656E6453444F20B6
:107250003A2053444F20636C69656E74206E6F74DE
:1072600020666F756E6400004920616D20636C6953
:10727000656E7420547820636F624964203A200060
:1072800053656E64696E672053444F2061626F726C
:10729000742000008DF80A008DF80B90E0B28DF894
:1072A0000C00200A8DF80D00200C8DF80E00200E29
:1072B0008DF80F0002AB424639463046FFF782FE9A
:1072C0008246504604B0BDE8F0872DE9FC410446F3
:1072D0000D466069468866B1C5EBC50000EB40010C
:1072E00004F1280010F821003044A169498888423F
:1072F00001DDBDE8FC81C5EBC50000EB400204F1F7
:10730000280010F822003044616851F83000806B8A
:1073100007780020EBA141F601239522CDE900106A
:10732000AFF2D811AFF2C41006F0A0FEEFA042F603
:1073300002239622AFF2EC11CDE90007AFF2DC1088
:1073400006F094FEC5EBC50000EB400104F12800F7
:1073500000EB81000089EAA142F602239722CDE9E1
:107360000010AFF21821AFF2042006F07FFEC5EB4B
:10737000C50000EB400104F1280000EB8100807A99
:10738000E4A142F602239822CDE90010AFF2442195
:10739000AFF2302006F06AFE4FF0FF31C5EBC500BA
:1073A00000EB400204F1280000EB8200A0F84C1032
:1073B0008521C5EBC50000EB400204F1280000EB7D
:1073C00082008170D849C5EBC50000EB400204F192
:1073D000280000EB8200807ACDE90001C5EBC500F2
:1073E00000EB400C04F1280000EB8C000389C5EB96
:1073F000C50000EB400C04F1280010F82C20C5EB70
:10740000C50000EB400C04F1280000EB8C00417833
:107410002046FFF775FEC449C5EBC50000EB4002EE
:1074200004F1280000EB82004160C5EBC50000EBD1
:10743000400104F1280000EB8100006D58B1C5EB5C
:10744000C50000EB400104F1280000EB8100394643
:10745000026D20469047C5EBC50000EB400104F1EA
:10746000280000EB81004068AF49884203D1E9B2AF
:107470002046FFF76CFD00BF3BE770B505460024D2
:1074800005E021462846FFF762FD601CC4B2012CCE
:10749000F7DB70BD2DE9FF4105460C46A3A043F67E
:1074A0000823D122AFF25C31CDE90004AFF24C30B9
:1074B00006F0DCFDC4EBC40000EB400105F1280040
:1074C00000EB8100C06888B9C4EBC40000EB400148
:1074D00005F1280000EB81000169C4EBC40000EB5A
:1074E000400205F1280000EB8200C160C4EBC4003B
:1074F00000EB400105F1280000EB8100C06803901B
:10750000012003AACDE900200290C4EBC40000EBE7
:10751000400705F1280000EB870000F11403C4EBDD
:10752000C40000EB400705F1280000EB8700827AD9
:10753000C4EBC40000EB400705F1280000EB870016
:1075400001892846FEF75BF906461EB1304604B0B5
:10755000BDE8F0817CA043F60823E922AFF2144194
:10756000CDE90004AFF2044006F080FD0020EEE714
:10757000F0B587B004460D4620200690C5EBC50047
:1075800000EB400104F1280000EB8100008975A1A7
:1075900043F60523FC22CDE90010AFF25041AFF2D3
:1075A0003C4006F063FDC5EBC50000EB400104F173
:1075B000280000EB8100807A57A143F60623FD22C4
:1075C000CDE90010AFF27C41AFF2684006F04EFD0D
:1075D000012005AA06ABCDE9012000930390C5EB7D
:1075E000C50000EB400704F1280000EB870000F124
:1075F0001403C5EBC50000EB400704F1280000EBC5
:107600008700827AC5EBC50000EB400704F1280033
:1076100000EB870001892046FEF771F8064616B197
:10762000304607B0F0BDC5EBC50000EB400204F1E9
:10763000280000EB82000699C1600021C5EBC5005F
:1076400000EB400204F1280000EB82000161002001
:10765000E7E72DE9FC4704460D4616469846C5EB7C
:10766000C50000EB400104F1280000EB8100006937
:10767000304420280FD941A041F610234FF49B72CB
:10768000AFF23851CDE90006AFF2285006F0EEFC1B
:10769000FF20BDE8FC87C5EBC50000EB400104F10D
:1076A000280000EB810000698119C5EBC50000EBE3
:1076B000400204F1280000EB8200C068814200D93A
:1076C0007AE088E053444F2074696D656F75742EBD
:1076D0002053444F20726573706F6E7365206E6F18
:1076E000742072656365697665642E0073657276D1
:1076F0006572206E6F6465206964203A2000000086
:10770000202020202020202020696E646578203AE7
:1077100020000000202020202020737562496E6424
:107720006578203A2000000000000405456E74656D
:107730007220696E2053444F6C696E65546F4F62BE
:107740006A6469637420000065786974206F66203C
:1077500053444F6C696E65546F4F626A6469637419
:10776000200000006F626A646963742D3E6C696E6C
:107770006520696E646578203A20000053444F20EC
:1077800053697A65206F66206461746120746F6F3D
:10779000206C617267652E204578636565642053AF
:1077A000444F5F4D41585F4C454E4754485F5452DB
:1077B000414E534645520000F2A041F611234FF4CA
:1077C0009E72AFF27861CDE90006AFF2686006F014
:1077D0004DFCFF205DE7C5EBC50000EB400104F167
:1077E000280000EB8100D0F8109000270FE0C5EBD7
:1077F000C50000EB400104F1280000EB81001430CB
:1078000009EB0701405C08F80700781CC7B2B742D3
:10781000EDD3C5EBC50000EB400104F1280000EBFF
:10782000810000698119C5EBC50000EB400204F13D
:10783000280000EB8200016100202AE72DE9FC47C7
:1078400004460D4616469846C5EBC50000EB4001C0
:1078500004F1280000EB810000693044202810D991
:10786000AFF2E80041F615234FF4B472AFF2247181
:10787000CDE90006AFF2147006F0F8FBFF20BDE87A
:10788000FC87C5EBC50000EB400104F1280000EBCC
:107890008100D0F8109000270FE018F80710C5EB12
:1078A000C50000EB400204F1280000EB8200143018
:1078B00009EB07028154781CC7B2B742EDD3C5EB80
:1078C000C50000EB400104F1280000EB81000069D5
:1078D0008119C5EBC50000EB400204F1280000EB64
:1078E000820001610020CAE770B504460D46002100
:1078F0002FE0C1EBC10000EB400604F1280000EBD3
:107900008600807818B3C1EBC10000EB400604F19B
:10791000280000EB86008078852818D0C1EBC100D4
:1079200000EB400604F1280010F82600A8420ED112
:10793000C1EBC10000EB400604F1280000EB86001B
:107940004078904203D103B11970002070BD481CEB
:10795000C1B20129CDDBFF20F8E72DE9FE4F044637
:107960000F4615469946DDE90CA802AB2A46394672
:107970002046FFF7B9FF064676B99DF808008CA1AE
:1079800043F6202340F2A912CDE90010AFF64401DE
:10799000AFF6300006F06AFBAEB9012D13D19DF8A9
:1079A00008102046FFF7D3FA9DF8080087A143F698
:1079B000212340F2AD12CDE90010AFF67001AFF611
:1079C0005C0006F053FB002E43D1022D41D19DF8FF
:1079D0000800AFF6340143F605234FF4D872CDE921
:1079E0000010AFF69801AFF6840006F03FFB9DF85B
:1079F0000810C1EBC10101EB410204F1280101EBC8
:107A00008201B1F94C0006F056F89DF80810C1EB60
:107A1000C10101EB410204F1280101EB8201A1F84F
:107A20004C0085219DF80800C0EBC00000EB40022F
:107A300004F1280000EB820081709DF80800C0EB83
:107A4000C00000EB400104F1280000EB8100C0F809
:107A500004800020AFF2D87143F622234FF4DA728B
:107A6000CDE90010AFF61C11AFF6081006F0FEFAD3
:107A70004B463A4629462046CDE900A8FFF740FB91
:107A8000064686B1002059A143F6232340F2B712DF
:107A9000CDE90010AFF64C11AFF6381006F0E6FA5B
:107AA000FF20BDE8FE8F0020FBE72DE9FC410546E5
:107AB0000E461746002418E0C4EBC40000EB40015A
:107AC00005F1280000EB8100807860B93C70C4EBC0
:107AD000C40000EB400105F1280000EB8100467076
:107AE0000020BDE8FC81601CC4B2012CE4DB47A08F
:107AF00041F6252340F21122AFF6B011CDE9000482
:107B0000AFF6A01006F0B2FAFF20EAE770B504461F
:107B10000D46002124E0C1EBC10000EB400604F15A
:107B2000280000EB86008078C0B1C1EBC10000EBFB
:107B3000400604F1280010F82600A8420ED1C1EB3F
:107B4000C10000EB400604F1280000EB86004078FD
:107B5000904203D103B11970002070BD481CC1B21E
:107B60000129D8DBFF20F8E72DE9FC4705460F4641
:107B70004FF0000968694688A869B0F802A006B904
:107B800056E065E053444F2053697A65206F6620C4
:107B90006461746120746F6F206C617267652E2060
:107BA00045786365656420636F756E74000000003E
:107BB0004661696C656453444F203A206C696E6578
:107BC00020666F756E64203A200000004661696C83
:107BD000656453444F203A206C696E652072656C71
:107BE0006561736564203A2000000000556E616293
:107BF0006C6520746F2073656E6420746865205313
:107C0000444F2061626F727400000000546F6F2057
:107C10006D616E792053444F20696E2070726F67DA
:107C2000726573732E2041626F727465642E00005A
:107C3000FBA041F6C62340F23C72AFF6F021CDE93D
:107C40000007AFF6E02006F011FAFF20BDE8FC8740
:107C5000002441E0686800EBC6000079032810DCCE
:107C600004F59450F8A141F6C82340F24272CDE9E0
:107C70000010AFF62831AFF6143006F0F7F9FF2008
:107C8000E4E7686850F83600806B90F8008004F5EF
:107C90009450F5A141F6D22340F24772CDE900108D
:107CA000AFF65831AFF6443006F0E0F9F1A041F6F6
:107CB000D3234FF4E962AFF66C31CDE90008AFF69B
:107CC0005C3006F0D3F9B84502D14FF0010905E068
:107CD000701C86B2601CC4B25645BBDD00BFB9F152
:107CE000000F0ED1E7A041F6C92340F25272AFF661
:107CF000A431CDE90007AFF6943006F0B7F9FE20C5
:107D0000A4E704F59450EDA143F6D02340F2557258
:107D1000CDE90010AFF6CC31AFF6B83006F0A6F9D9
:107D2000204693E72DE9FE4306460F469046394626
:107D30003046FFF719FF0546FE2D02DB8520BDE822
:107D4000FE8302AB424629463046FFF7DFFE04467B
:107D50007CB10020E3A142F6302340F25F22CDE95E
:107D60000010AFF61841AFF6044006F07FF9FF208F
:107D7000E5E79DF808103046FFF7E9F80020DEE758
:107D800030B50346C1EBC10000EB400403F128000D
:107D900000EB8400C06810B90020106013E0C1EB54
:107DA000C10000EB400403F1280000EB8400C4682C
:107DB000C1EBC10000EB400503F1280000EB85009A
:107DC0000069201A1060002030BD7CB506460D46C3
:107DD0001446202C0FD9AFF25C6041F6352340F2F7
:107DE0008622AFF69841CDE90004AFF6884006F050
:107DF0003DF9FF207CBDC5EBC50000EB400106F15D
:107E0000280000EB8100C4600020F3E703B599B0BF
:107E10000020169014900320129000200990B9A120
:107E200043F6602340F20532CDE90010AFF6E4419D
:107E3000AFF6D04006F01AF9032012901998406965
:107E400000880890199880690088079000200A909F
:107E5000089800284AD044E019984168089801EB36
:107E6000C0000079012812DC0A9800F59050A8A102
:107E700041F6612340F20E32CDE90010AFF63451E5
:107E8000AFF6205006F0F2F8FF201BB000BD1998A5
:107E90004168089851F83000806909900998016894
:107EA0001A980088814214D1012012900A9800F596
:107EB00090509FA143F6622340F21532CDE90010A5
:107EC000AFF67851AFF6645006F0D0F80A981390E8
:107ED0000BE00A98401CC0B20A900898401C80B27F
:107EE0000890DDE907108842B6DD00BF129803282C
:107EF0005ED1199840694088089019988069408837
:107F0000079000200A900898002851D04BE019985B
:107F10004168089801EBC0000079032811DC0A9839
:107F200000F5945048A141F663234FF44972CDE91E
:107F30000010AFF6E851AFF6D45006F097F8FF20E6
:107F4000A3E719984168089851F83000806A0990B1
:107F5000099801681A98008881421CD10220129069
:107F60000A9800F594507BA143F6642340F22B322B
:107F7000CDE90010AFF62C61AFF6186006F076F888
:107F80000A98139019984168089851F83000806B4E
:107F9000007814900BE00A98401CC0B20A90089830
:107FA000401C80B20890DDE907108842AFDD00BFB9
:107FB0001298032801D1FF2067E71A98C078082893
:107FC0001AD000206CA141F6672340F23D32CDE982
:107FD0000010AFF68861AFF6746006F047F84FF016
:107FE000006000210B46CDE90010DDE9122119984F
:107FF000FFF7B3FCFF2048E7129802280ED162A1D8
:10800000139843F6682340F24332CDE90010AFF6EF
:10801000C461AFF6B06006F029F8CCE0BEE0000025
:108020004E6F2053444F20636C69656E7420696EF7
:1080300064657820666F756E6420666F72206E6F5F
:108040006465496420000000537562696E64657858
:10805000203320206E6F7420666F756E642061740B
:1080600020696E6465782000696E646578203A2026
:10807000000000006E6F6465496453657276657236
:10808000203A200053444F204E6F20707265736574
:108090007420636C69656E7420666F756E642074FD
:1080A0006F20636F6D6D756E6963617465207769AC
:1080B0007468206E6F6465203A2000002020202024
:1080C0002020202053444F20636C69656E74206427
:1080D0006566696E656420617420696E64657820E8
:1080E000203A20004E6F2053444F20636F6D6D7512
:1080F0006E69636174696F6E20746F20636C6F7357
:108100006500000070726F6365656453444F200022
:10811000537562696E646578203120206E6F74201B
:10812000666F756E6420617420696E6465782000E6
:1081300070726F6365656453444F2E204920616DF2
:10814000207365727665722E20696E646578203AB8
:108150002000000070726F6365656453444F2E20E9
:108160004920616D20636C69656E7420696E646579
:1081700078203A20000000004572726F7220736907
:108180007A652053444F00004920616D20434C49DB
:10819000454E54206E756D6265722000F6A11398ED
:1081A00043F6692340F24632CDE90010F74901F168
:1081B000180005F05BFF16ABDDE912211998FFF7F7
:1081C00093FB1890FF201790189828BB129801284D
:1081D0000CD19DF85800C0EBC00000EB400119988D
:1081E000283000EB8100807804280FD012980228F4
:1081F00015D19DF85800C0EBC00000EB4001199864
:10820000283000EB81008078052808D11A98007981
:10821000802802D10420179001E0062017901798BB
:10822000FF2803D11A980079401117901798072852
:1082300084F05F81DFE810F00700DE03D707640BEE
:108240000D0FC40FB117129801287CD1189880B96E
:108250009DF85800C0EBC00000EB40011998283091
:1082600000EB81008078022801D0012000E000208E
:1082700018901898C0B1C649139841F670234FF46E
:108280005A72CDE90010C14901F1180005F0EEFE67
:10829000C04800210B46CDE90010DDE912211998F4
:1082A000FFF75BFBFF20F0E59DF85800BAA143F60D
:1082B000072340F26E32CDE90010B44901F11800F5
:1082C00005F0D4FE9DF85800C0EBC00000EB400163
:1082D0001998283000EB8100B0F94C00401C0028B0
:1082E00051D09DF85800A949543143F6052340F276
:1082F0006E32CDE90010543901F1180005F0B6FED8
:108300009DF85800C0EBC00000EB400119982830E0
:1083100000EB8100B0F94C00029005F0CCFB014667
:108320009DF85800C0EBC00000EB400219982830BF
:1083300000EB8200A0F84C109DF8580093493031B2
:1083400043F6062300E0A3E140F26E32CDE90010CF
:10835000303901F1180005F089FE0020964B974A4C
:1083600000909DF85810199805F050FB01469DF8B3
:108370005800C0EBC00000EB40021998283000EB19
:108380008200A0F84C108EA1139843F6712340F29E
:108390006F32CDE900107D4901F1180005F066FE4D
:1083A0009DF85800C0EBC00000EB40011998283040
:1083B00000EB810000890E909DF85800C0EBC000D2
:1083C00000EB40011998283000EB8100807A0D9075
:1083D0009DF85800C0EBC00000EB40011998283010
:1083E00000EB8100C1781A980079C0F30010814237
:1083F0001BD01A980079C0F3001080A141F67223B7
:108400004FF45D72CDE90010604901F1180005F0EC
:108410002DFE81490D98CDE900010E9BDDE9122169
:108420001998FFF79AFAFF202FE51A980079C0F300
:108430004200C0F1070015901A98431D9DF858108E
:10844000159A1998FFF7FAF91890189860B14FF03B
:1084500000610D98CDE900010E9BDDE9122119980C
:10846000FFF77BFAFF2010E59DF85800C0EBC00035
:1084700000EB40011998283000EB8100C0782021E2
:1084800041EA0010C0B28DF83C0001200B9006E0DC
:1084900000210FAA0B9811540B98401C0B900B98BD
:1084A0000828F5D35D49139843F673234FF461729E
:1084B000CDE90010354901F1180005F0D7FD0FABEB
:1084C000DDE912121998FEF77DFD9DF85800C0EB0A
:1084D000C00000EB40011998283000EB8100C07803
:1084E00008B9012000E0002000F001019DF85800CB
:1084F000C0EBC00000EB40021998283000EB82006E
:10850000C1701A98007900F00100002832D09DF85F
:1085100058101998FEF7BEFF11901198C0B10020B5
:108520003FA141F6542340F28E32CDE900101749A5
:1085300001F1180005F09AFD11990D98CDE900019F
:108540000E9BDDE912211998FFF707FAFF209CE442
:108550009DF858101998FEF7FAFC41A1139843F6BC
:1085600074234FF46572CDE90010084901F1180039
:1085700005F07CFD3CE200004920616D205345522E
:10858000564552206E756D62657220004C71000870
:10859000B4E80008210000087265737461727453B6
:1085A000444F5F54494D455220666F72206C696E8E
:1085B00065203A200000000020A10700CB720008CF
:1085C00052656365697665642053444F20646F7714
:1085D0006E6C6F6164207365676D656E7420646591
:1085E00066696E656420617420696E646578203008
:1085F0007831323030202B200000000053444F20CF
:108600006572726F72203A20546F67676C652065DF
:1086100072726F72203A20000000030528EC0008F7
:1086200053444F206572726F72203A20556E61621A
:108630006C6520746F20636F7079207468652064A6
:1086400061746120696E20746865206F626A656379
:10865000742064696374696F6E6172790000000050
:1086600053444F2E20456E64206F6620646F776EF2
:108670006C6F616420646566696E65642061742056
:10868000696E64657820307831323030202B2000DC
:10869000189880B99DF85800C0EBC00000EB40016D
:1086A0001998283000EB81008078032801D0012040
:1086B00000E0002018901898C0B1FB49149841F6CA
:1086C000752340F29D32CDE90010F84901F1180000
:1086D00005F0CCFCF64800210B46CDE90010DDE9A1
:1086E00012211998FFF739F9FF2029E49DF8580065
:1086F000AFF25C1143F6072340F2A232CDE900103D
:10870000EA4901F1180005F0B1FC9DF85800C0EBF2
:10871000C00000EB40011998283000EB8100B0F94F
:108720004C00401C00284FD09DF85800DF495431C0
:1087300043F6052340F2A232CDE90010543901F18D
:10874000180005F093FC9DF85800C0EBC00000EB4A
:1087500040011998283000EB8100B0F94C000290DC
:1087600005F0A9F901469DF85800C0EBC00000EBE8
:1087700040021998283000EB8200A0F84C109DF8B8
:108780005800CA49303143F6062340F2A232CDE9FF
:108790000010303901F1180005F068FC0020C54BCD
:1087A000C54A00909DF85810199805F02FF9014618
:1087B0009DF85800C0EBC00000EB4002199828302B
:1087C00000EB8200A0F84C109DF85800C0EBC000F0
:1087D00000EB40011998283000EB810000890E90D1
:1087E0009DF85800C0EBC00000EB400119982830FC
:1087F00000EB8100807A0D909DF85800C0EBC0001E
:1088000000EB40011998283000EB8100C1781A98DC
:108810000079C0F30010814218D0A8A1149841F645
:10882000762340F2A732CDE90010A04901F11800EB
:1088300005F01CFCB1490D98CDE900010E9BDDE966
:1088400012211998FFF789F8FF202CE51A98007972
:10885000C0F34200C0F1070015901A98431D9DF81F
:108860005810159A1998FEF7E9FF1890189860B1FA
:108870004FF000610D98CDE900010E9BDDE912215A
:108880001998FFF76AF8FF200DE59DF85800C0EB36
:10889000C00000EB40011998283000EB8100C0783F
:1088A00008B9012000E0002000F001019DF8580007
:1088B000C0EBC00000EB40021998283000EB8200AA
:1088C000C1701A98007900F0010000285FD09DF86F
:1088D00058107648543043F6052340F2B932CDE9BA
:1088E000000172493C3805F0C1FB9DF85800C0EB0F
:1088F000C00000EB40011998283000EB8100B0F96E
:108900004C00029005F0D7F801469DF85800C0EBE6
:10891000C00000EB40021998283000EB8200A0F85C
:108920004C1001219DF85800C0EBC00000EB400244
:108930001998283000EB820081709DF85800C0EB38
:10894000C00000EB40011998283000EB8100006D59
:1089500078B19DF85800C0EBC00000EB40011998B9
:10896000283000EB8100006D0290029A149919984A
:10897000904763A1149843F6772340F2BD32CDE9C6
:1089800000104A4901F1180005F070FB30E09DF835
:108990005800C0EBC00000EB40011998283000EBF4
:1089A0008100C078602141EA0010C0B28DF83C001F
:1089B00001200B9006E000220FA90B980A540B9897
:1089C000401C0B900B980828F5D30FABDDE9121271
:1089D0001998FEF7F7FA52A1149843F6782340F25B
:1089E000C532CDE90010314901F1180005F03EFB18
:1089F00003F0BBBD1298012854D11A9841798079AF
:108A000041EA00200E901A98C0790D904F491398B2
:108A100043F679234FF47472CDE90010234901F134
:108A2000180005F023FB4AA10E984FF46A5340F258
:108A3000D232CDE900101D4901F1180005F016FBF6
:108A400048A10D984FF46A5340F2D332CDE900109B
:108A5000164901F1180005F009FB1898C0B900206B
:108A600046A141F6812340F2D732CDE900100F49EB
:108A700001F1180005F0FAFA0D490D98CDE9000151
:108A80000E9BDDE912211998FEF767FFFF200AE42B
:108A900016AA12991998FFF708F81890189810B1AB
:108AA00000207FE053E195E0DCED00084C71000808
:108AB0002100000820A10700CB72000853444F207A
:108AC0006572726F72203A205265636569766564DB
:108AD000207365676D656E7420726573706F6E7359
:108AE0006520546F67676C65206572726F722E2007
:108AF00066726F6D206E6F64654964000000030547
:108B000053444F2E20456E64206F662075706C6F45
:108B100061642066726F6D206E6F6465203A20007C
:108B200053444F2073656E642075706C6F616420D0
:108B30007365676D656E74207265717565737420F9
:108B4000746F206E6F6465496400000070EA00086D
:108B500057726974696E6720617420696E64657804
:108B6000203A200057726974696E6720617420731F
:108B70007562496E646578203A20000053444F20A6
:108B80006572726F72203A205472616E736D6973F0
:108B900073696F6E20796574207374617274656493
:108BA0002E000000DFA141F6822340F2DF32CDE942
:108BB0000010EC4901F1180005F058FAEA490D9847
:108BC000CDE900010E9BDDE912211998FEF7C5FEE3
:108BD000FF2029E402210D98CDE900019DF85810ED
:108BE0000E9B139A1998FEF7B3F81A980079C0F300
:108BF0004000002860D01A980079C0F38100C0F1CD
:108C0000040015909DF85800C0EBC00000EB400236
:108C10001998283000EB82001599C1601A9800F16C
:108C200008039DF85810159A1998FEF707FE18903A
:108C3000189860B14FF000610D98CDE900010E9BCE
:108C4000DDE912211998FEF788FEFF200BE40020D1
:108C5000C6A143F6832340F2F332CDE90010C149A7
:108C600001F1180005F002FA9DF858101998FEF766
:108C700011FC11901198C8B10020AFF25C6141F66F
:108C8000842340F2F732CDE90010B64901F1180013
:108C900005F0ECF911990D98CDE900010E9BDDE985
:108CA00012211998FEF759FEFF2050E49DF8581044
:108CB0001998FEF74CF928E01A98007900F00100A5
:108CC00018B31A98017A407A01EB00211A98807A39
:108CD00001EB00411A98C07A01EB006015909DF8F5
:108CE0005810159A1998FFF770F81890189860B1F5
:108CF0004FF000610D98CDE900010E9BDDE91221D6
:108D00001998FEF72AFEFF2021E460208DF83C0030
:108D10000E98C0B28DF83D000E98000A8DF83E0006
:108D20000D988DF83F0004200B9006E000210FAA5B
:108D30000B9811540B98401C0B900B980828F5D3F6
:108D40000FABDDE912121998FEF73CF94AE21898C8
:108D500080B99DF85800C0EBC00000EB40011998A5
:108D6000283000EB81008078022801D0012000E04B
:108D7000002018901898C0B18B49149841F68523AB
:108D800040F21742CDE90010764901F1180005F0D4
:108D90006DF9754800210B46CDE90010DDE912217F
:108DA0001998FEF7DAFDFF209FE49DF85800AFF612
:108DB000180143F6072340F21C42CDE9001069492F
:108DC00001F1180005F052F99DF85800C0EBC00001
:108DD00000EB40011998283000EB8100B0F94C00FD
:108DE000401CE0B39DF858005E49543143F605231A
:108DF00040F21C42CDE90010543901F1180005F091
:108E000035F99DF85800C0EBC00000EB40011998FF
:108E1000283000EB8100B0F94C00029004F04BFECA
:108E200001469DF85800C0EBC00000EB40021998C5
:108E3000283000EB8200A0F84C109DF858004949FA
:108E4000303143F6062340F21C42CDE900103039A0
:108E500001F1180005F00AF90020544B00E013E07E
:108E6000534A00909DF85810199804F0CFFD014620
:108E70009DF85800C0EBC00000EB40021998283064
:108E800000EB8200A0F84C109DF85800C0EBC00029
:108E900000EB40011998283000EB810000890E900A
:108EA0009DF85800C0EBC00000EB40011998283035
:108EB00000EB8100807A0D909DF85800C0EBC00057
:108EC00000EB40011998283000EB8100C1781A9816
:108ED0000079C0F30010814219D0AFF220411498FC
:108EE00041F6862340F22142CDE900101D4901F1EF
:108EF000180005F0BBF82F490D98CDE900010E9B35
:108F0000DDE912211998FEF728FDFF209DE415AA3E
:108F10009DF858101998FEF733FF159800287CD15A
:108F20004AE0000053444F206572726F72203A206D
:108F30004E6F206C696E6520667265652C20746FBB
:108F40006F206D616E792053444F20696E207072DE
:108F50006F67726573732E2041626F727465642E41
:108F6000000000004C7100082100000853444F200D
:108F7000496E69746961746520446F776E6C6F61C6
:108F80006420697320616E2065787065646974651A
:108F900064207472616E736665722E2046696E6914
:108FA000736865642E200000DCED000820A1070036
:108FB000CB72000800000305F2A1149843F6872342
:108FC00040F22942CDE90010FE4901F1180005F0F8
:108FD0004DF89DF85800FB49543143F6052340F203
:108FE0002A42CDE90010543901F1180005F03EF88D
:108FF0009DF85800C0EBC00000EB400119982830E4
:1090000000EB8100B0F94C00029004F054FD0146E1
:109010009DF85800C0EBC00000E031E000EB4002DA
:109020001998283000EB8200A0F84C1001219DF81F
:109030005800C0EBC00000EB40021998283000EB4C
:10904000820081709DF85800C0EBC00000EB400129
:109050001998283000EB8100006D78B19DF8580018
:10906000C0EBC00000EB40011998283000EB8100F4
:10907000006D0290029A149919989047002006E515
:109080001598072842D99DF85800C0EBC00000EBA6
:1090900040011998283000EB8100C07808B9012000
:1090A00000E0002000F001019DF85800C0EBC00076
:1090B00000EB40021998283000EB8200C1709DF847
:1090C0005800C0EBC00000EB40011998283000EBBD
:1090D0008100C0780007000E8DF83C000DF13D03C3
:1090E00007229DF858101998FEF7B3FA18901898AF
:1090F000F0B34FF000610D98CDE900010E9BDDE962
:1091000012211998FEF729FCFF20C0E49DF85800B1
:10911000C0EBC00000EB40011998283000EB810043
:10912000C07808B9012000E0002000F001019DF89E
:109130005800C0EBC00000EB40021998283000EB4B
:109140008200C1709DF85800C0EBC00000EB4001E8
:109150001998283000EB8100C07801011598C0F102
:10916000070041EA4000401CC0B28DF83C0000E01E
:1091700025E00DF13D039DF85810159A1998FEF75A
:1091800068FA1890189860B14FF000610D98CDE919
:1091900000010E9BDDE912211998FEF7DEFBFF208E
:1091A00075E41598401C0B9006E000210FAA0B985F
:1091B00011540B98401C0B900B980828F5D382A1F2
:1091C000149843F688234FF48962CDE900107D4955
:1091D00001F1180004F04AFF0FABDDE912121998F3
:1091E000FDF7F0FE04E4129801287AD11A9841792B
:1091F000807941EA00200E901A98C0790D907C4940
:10920000139843F6892340F25342CDE900106D498B
:1092100001F1180004F02AFF76A10E9843F690237E
:1092200040F25542CDE90010664901F1180004F002
:109230001DFF75A10D9843F6912340F25642CDE9EA
:109240000010604901F1180004F010FF189830BBBD
:109250009DF8580072A141F6922340F25942CDE99F
:109260000010584901F1180004F000FF78A113988C
:1092700043F6932340F25A42CDE90010514901F1DF
:10928000180004F0F3FE76490D98CDE900010E9B1D
:10929000DDE912211998FEF760FBFF2099E416AA78
:1092A00012991998FEF701FC18901898D0B1002077
:1092B000AFF2903141F6712340F26242CDE90010E5
:1092C000404901F1180004F0D1FE65490D98CDE93F
:1092D00000010E9BDDE912211998FEF73EFBFF20ED
:1092E00077E42EE103220D98CDE900029DF8581095
:1092F0000E9B139A1998FDF72BFD9DF8581019989D
:10930000FEF736F911901198C0B15649119841F6FF
:10931000942340F26B42CDE900102A4901F1180074
:1093200004F0A4FE11990D98CDE900010E9BDDE932
:1093300012211998FEF711FBFF204AE415AA9DF8A7
:1093400058101998FEF71CFD1598042818D94120CB
:109350008DF83C000E98C0B28DF83D000E98000AC2
:109360008DF83E000D988DF83F001598C0B28DF82D
:1093700040001598000A8DF841001598000C73E024
:109380008CE0000053444F20456E6420646F776E7C
:109390006C6F61642E207365676D656E74207265F5
:1093A00073706F6E73652072656365697665642E90
:1093B000204F4B2E2066726F6D206E6F646549647E
:1093C000000000004C71000853444F2073656E6428
:1093D000696E6720646F776E6C6F61642073656778
:1093E0006D656E7420746F206E6F64654964000053
:1093F00028EA000852656164696E6720617420691B
:109400006E646578203A200052656164696E672059
:10941000617420737562496E646578203A2000009B
:1094200053444F206572726F72203A205472616EFD
:10943000736D697373696F6E2079657420737461DD
:1094400072746564206174206C696E65203A200036
:10945000536572766572204E6272203D20000000D6
:1094600021000008B0EC00088DF842001598000EAD
:109470008DF84300FE49149843F6952340F27D424F
:10948000CDE90010FB4901F1180004F0EFFD0FAB2E
:10949000DDE912121998FDF795FDE8E11598C0F184
:1094A0000400402141EA8000C01CC0B28DF83C009D
:1094B0000E98C0B28DF83D000E98000A8DF83E005F
:1094C0000D988DF83F0010AB9DF85810159A19981B
:1094D000FEF7BFF81890189860B14FF000610D9832
:1094E000CDE900010E9BDDE912211998FEF735FA4E
:1094F000FF2009E41598001D0B9006E000210FAA3B
:109500000B9811540B98401C0B900B980828F5D31E
:10951000D949139843F6962340F28D42CDE90010C5
:10952000D44901F1180004F0A1FD0FABDDE91212DE
:109530001998FDF747FD9DF858101998FDF707FD9C
:1095400095E1189880B99DF85800C0EBC00000EB79
:1095500040011998283000EB81008078032801D061
:10956000012000E0002018901898C0B1C349149859
:1095700041F6972340F29B42CDE90010BD4901F12D
:10958000180004F073FDBE4900200346CDE9000138
:10959000DDE912211998FEF7E0F9FF2004E49DF8B7
:1095A0005800B84943F607234FF49462CDE9001000
:1095B000B04901F1180004F059FD9DF85800C0EBC6
:1095C000C00000EB40011998283000EB8100B0F991
:1095D0004C00401CF0B39DF85800A649543143F6A6
:1095E00005234FF49462CDE90010543901F11800BD
:1095F00004F03CFD9DF85800C0EBC00000EB4001BA
:109600001998283000EB8100B0F94C00029004F06A
:1096100052FA01469DF85800C0EBC00000EB400232
:109620001998283000EB8200A0F84C109DF85800E3
:109630009049303143F606234FF49462CDE900108F
:10964000303901F1180004F011FD00208E4B8F4AD3
:10965000009000E011E09DF85810199804F0D6F938
:1096600001469DF85800C0EBC00000EB400219987D
:10967000283000EB8200A0F84C109DF85800C0EB99
:10968000C00000EB40011998283000EB81000089F0
:109690000E909DF85800C0EBC00000EB40011998F7
:1096A000283000EB8100807A0D901A980079C0F381
:1096B000400000287ED01A980079C0F38100C0F1E4
:1096C000040015901A9800F108039DF85810159A97
:1096D0001998FEF7B3F81890189860B14FF0006130
:1096E0000D98CDE900010E9BDDE912211998FEF7D6
:1096F00034F9FF200AE466A1149843F6982340F257
:10970000AE42CDE900105B4901F1180004F0AEFC57
:109710009DF858005749543143F6052340F2AF42B3
:10972000CDE90010543901F1180004F09FFC9DF8B8
:109730005800C0EBC00000EB40011998283000EB46
:109740008100B0F94C00029004F0B5F901469DF893
:109750005800C0EBC00000EB40021998283000EB25
:109760008200A0F84C109DF85800C0EBC00000EB40
:1097700040021998283000EB82001599C160012140
:109780009DF85800C0EBC00000EB4002199828304B
:1097900000EB820081709DF85800C0EBC00000EB28
:1097A00040011998283000EB8100006D88B19DF8C8
:1097B000580000E00FE0C0EBC00000EB400119983A
:1097C000283000EB8100006D0290029A14991998DC
:1097D0009047002053E41A98007900F0010018B374
:1097E0001A98017A407A01EB00211A98807A01EBED
:1097F00000411A98C07A01EB006015909DF858104E
:10980000159A1998FEF7E1FA1890189860B14FF080
:1098100000610D98CDE900010E9BDDE91221199838
:10982000FEF79BF8FF202AE460208DF83C00012021
:109830000B9006E000210FAA0B9811540B98401CC6
:109840000B900B980828F5D321A1149843F699237F
:1098500040F2C342CDE90010064901F1180004F0BE
:1098600005FC0FABDDE912121998FDF7ABFBB9E46B
:109870009CEB00084C71000800EB0008B0EE0008FB
:10988000210000089885000820A10700CB7200087D
:1098900053444F2065787065646974656420757001
:1098A0006C6F61642066696E69736865642E20520E
:1098B0006573706F6E736520726563656976656444
:1098C0002066726F6D206E6F6465203A2000000084
:1098D00053444F2E2053656E64696E672075706C1B
:1098E0006F6164207365676D656E74207265717554
:1098F00065737420746F206E6F6465203A200000D9
:10990000129801287DD1189880B99DF85800C0EBB5
:10991000C00000EB40011998283000EB81008078EE
:10992000032801D0012000E0002018901898C0B151
:10993000FD4913984FF4D55340F2D142CDE90010C0
:10994000FA4901F1180004F091FBF949002003469F
:10995000CDE90001DDE912211998FDF7FEFFFF2096
:109960001EE49DF85800F34943F6072340F2D7421E
:10997000CDE90010ED4901F1180004F077FB9DF8E6
:109980005800C0EBC00000EB40011998283000EBF4
:109990008100B0F94C00401CA0B39DF85800E34989
:1099A000543143F6052340F2D742CDE90010543933
:1099B00001F1180004F05AFB9DF85800C0EBC000FC
:1099C00000EB40011998283000EB8100B0F94C0001
:1099D000029004F070F801469DF85800C0EBC000FA
:1099E00000EB40021998283000EB8200A0F84C10E0
:1099F0009DF85800CD49303143F6062340F2D74256
:109A000001E024E11CE0CDE90010303901F118003B
:109A100004F02CFB0020C84BC84A00909DF8581059
:109A2000199803F0F3FF01469DF85800C0EBC00001
:109A300000EB40021998283000EB8200A0F84C108F
:109A4000BFA1139843F6A1234FF49B62CDE9001008
:109A5000B64901F1180004F009FB9DF85800C0EB6D
:109A6000C00000EB40011998283000EB810000890C
:109A70000E909DF85800C0EBC00000EB4001199813
:109A8000283000EB8100807A0D909DF85800C0EBE3
:109A9000C00000EB40011998283000EB8100C1782C
:109AA0001A980079C0F3001081421CD01A980079EE
:109AB000C0F300109F49643141F6A22340F2DD4219
:109AC000CDE90010994901F1180004F0CFFAAA4934
:109AD0000D98CDE900010E9BDDE912211998FDF7E3
:109AE0003CFFFF2029E415AA9DF858101998FEF7AD
:109AF00047F91598072856D99DF85800C0EBC000C3
:109B000000EB40011998283000EB8100C078000775
:109B1000000E8DF83C000DF13D0307229DF8581012
:109B20001998FDF796FD1890189860B14FF00061F4
:109B30000D98CDE900010E9BDDE912211998FDF782
:109B40000CFFFF20D5E49DF85800C0EBC00000EBEF
:109B500040011998283000EB8100C07808B9012035
:109B600000E0002000F001019DF85800C0EBC000AB
:109B700000EB40021998283000EB8200C1707FA1F1
:109B8000139843F6A32340F2EE42CDE90010674953
:109B900001F1180004F06AFA0FABDDE9121219980E
:109BA000FDF710FA54E29DF85800C0EBC00000EB3E
:109BB00040011998283000EB8100C0780101159808
:109BC000C0F1070041EA4000401CC0B28DF83C00E3
:109BD0000DF13D039DF85810159A1998FDF739FDC0
:109BE0001890189860B14FF000610D98CDE9000110
:109BF0000E9BDDE912211998FDF7AFFEFF2078E4F6
:109C00001598401C0B9006E000220FA90B980A54EF
:109C10000B98401C0B900B980828F5D365A113985E
:109C200043F6A42340F2FC42CDE900103F4901F184
:109C3000180004F01BFA0FABDDE912121998FDF7BA
:109C4000C1F99DF858101998FDF781F900E21898AC
:109C500080B99DF85800C0EBC00000EB4001199896
:109C6000283000EB81008078022801D0012000E03C
:109C7000002018901898C0B15D49149841F6A523AA
:109C800040F20952CDE90010284901F1180004F012
:109C9000EDF9274800210B46CDE90010DDE912213E
:109CA0001998FDF75AFEFF2023E49DF8580021493A
:109CB00043F6072340F20E52CDE900101B4901F193
:109CC000180004F0D3F99DF85800C0EBC00000EB79
:109CD00040011998283000EB8100B0F94C00401C7D
:109CE00008B39DF858001149543143F6052340F25A
:109CF0000E52CDE90010543901F1180004F0B6F904
:109D00009DF85800C0EBC00000EB400119982830C6
:109D100000EB8100B0F94C00029003F0CCFE01464C
:109D20009DF8580066E093E000E900084C710008D7
:109D3000210000089885000820A10700CB720008C8
:109D400052656365697665642053444F2075706C75
:109D50006F6164207365676D656E74206465666904
:109D60006E656420617420696E6465782030783196
:109D7000323030202B2000000000030553444F2ECA
:109D80002053656E64696E672075706C6F61642026
:109D90007365676D656E7420646566696E656420C1
:109DA000617420696E6465782030783132303020FB
:109DB0002B20000053444F2E2053656E64696E675C
:109DC000206C6173742075706C6F616420736567BB
:109DD0006D656E7420646566696E656420617420CB
:109DE000696E64657820307831323030202B200065
:109DF00068EE0008C0EBC00000EB40021998283064
:109E000000EB8200A0F84C109DF85800F74943F68B
:109E1000062340F20E52CDE90010303901F118004E
:109E200004F024F90020F24BF24A00909DF85810FB
:109E3000199803F0EBFD01469DF85800C0EBC000F7
:109E400000EB40021998283000EB8200A0F84C107B
:109E50009DF85800C0EBC00000EB40011998283075
:109E600000EB810000890E909DF85800C0EBC00007
:109E700000EB40011998283000EB8100807A0D90AA
:109E800015AA9DF858101998FDF77AFF1598E0BBB0
:109E9000D9A1149843F6A62340F21452CDE900103C
:109EA000D249303901F1180004F0E0F89DF858006B
:109EB000CE49243143F6052340F21552CDE9001076
:109EC000543901F1180004F0D1F89DF85800C0EBA6
:109ED000C00000EB40011998283000EB8100B0F978
:109EE0004C00029003F0E7FD01469DF85800C0EBDE
:109EF000C00000EB40021998283000EB8200A0F867
:109F00004C1001219DF8580000E026E0C0EBC00095
:109F100000EB40021998283000EB820081709DF818
:109F20005800C0EBC00000EB40011998283000EB4E
:109F30008100006D78B19DF85800C0EBC00000EBC7
:109F400040011998283000EB8100006D0290029AC0
:109F500014991998904700203CE41598072826D9B1
:109F60009DF85800C0EBC00000EB40011998283064
:109F700000EB8100C0780007000E8DF83C000DF169
:109F80003D0307229DF858101998FDF762FB1890C1
:109F90001898C8B34FF000610D98CDE900010E9BF1
:109FA000DDE912211998FDF7D8FCFF2012E49DF895
:109FB0005800C0EBC00000EB40011998283000EBBE
:109FC0008100C07800011599C1F1070140EA410004
:109FD000401CC0B28DF83C000DF13D039DF85810B7
:109FE000159A1998FDF735FB1890189868B14FF03D
:109FF00000610D98CDE900010E9BDDE91221199851
:10A00000FDF7ABFCFF200EE40DE01598401C0B9013
:10A0100006E000210FAA0B9811540B98401C0B90DE
:10A020000B980828F5D3AFF66041149843F6A723A0
:10A030004FF4A662CDE900106C49303901F11800E7
:10A0400004F014F80FABDDE912121998FCF7BAFF0F
:10A050000DE41A98017A407A41EA00211A98807A30
:10A0600041EA00411A98C07A41EA00600C901298C7
:10A07000012824D1189898B99DF858101998FCF720
:10A0800066FF6CA10C9843F6A8234FF4A862CDE9B3
:10A0900000105649303901F1180003F0E7FF8EE057
:10A0A00070A10C9843F6A92340F24352CDE9001069
:10A0B0004E49303901F1180003F0D8FF7FE01898BD
:10A0C000F0BB9DF858104948243043F6052340F270
:10A0D0004B52CDE90001A0F154013C3803F0C6FF1A
:10A0E0009DF85800C0EBC00000EB400119982830E3
:10A0F00000EB8100B0F94C00029003F0DCFC01465B
:10A100009DF85800C0EBC00000EB400219982830C1
:10A1100000EB8200A0F84C1080219DF85800C0EBA5
:10A12000C00000EB40021998283000EB82008170DB
:10A130009DF85800C0EBC00000EB4002199800E009
:10A140002FE0283000EB82000C99416051A10C985F
:10A1500043F6B02340F24E52CDE900102349303986
:10A1600001F1180003F082FF9DF85800C0EBC00019
:10A1700000EB40011998283000EB8100006DF0B130
:10A180009DF85800C0EBC00000EB40011998283042
:10A1900000EB8100006D0290029A14991998904783
:10A1A0000DE030A10C9843F6B12340F25252CDE9B4
:10A1B00000100E49303901F1180003F057FF47E74E
:10A1C0001A98007900F003000690129801280CD12B
:10A1D000069800287AD11A984179807941EA0020BE
:10A1E0000E901A98C0790D9071E0FBE37C71000825
:10A1F00020A10700CB72000853444F20456E642015
:10A20000646F776E6C6F61642065787065646974E3
:10A2100065642E20526573706F6E7365207265637E
:10A2200065697665642E2066726F6D206E6F646559
:10A23000496400005344302E205265636569766599
:10A24000642053444F2061626F72742E204C696EFB
:10A25000652072656C65617365642E20436F64656B
:10A26000203A20005344302E20526563656976659C
:10A27000642053444F2061626F72742E204E6F2011
:10A280006C696E6520666F756E642E20436F646521
:10A29000203A20005344302E20526563656976656C
:10A2A000642053444F2061626F72742E204C696E9B
:10A2B000652073746174652041424F525445442EA9
:10A2C00020436F6465203A20000000001FE1F2A1E6
:10A2D000139843F6B22340F25C52CDE90010FE49D8
:10A2E00001F1180003F0C2FEAFF6F8610E9843F6D4
:10A2F000B32340F25E52CDE90010F74901F1180096
:10A3000003F0B4FEAFF600710D9843F6B42340F2AB
:10A310005F52CDE90010F04901F1180003F0A6FEEC
:10A32000189840BB9DF85800AFF60C7141F6932386
:10A3300040F26252CDE90010E74901F1180003F044
:10A3400095FEAFF6F461139843F6B52340F26352DD
:10A35000CDE90010E04901F1180003F087FEDF4964
:10A360000D98CDE900010E9BDDE912211998FDF74A
:10A37000F4FAFF2043E41A98007A7F2818DD0020C1
:10A38000D7A141F6962340F26952CDE90010D24997
:10A3900001F1180003F06AFED9490D98CDE90001DA
:10A3A0000E9BDDE912211998FDF7D7FAFF2026E46C
:10A3B00016AA12991998FDF778FB18901898C0B151
:10A3C0000020D04941F6732340F27152CDE90010CC
:10A3D000C14901F1180003F049FEC0490D98CDE9CB
:10A3E00000010E9BDDE912211998FDF7B6FAFF2056
:10A3F00005E405220D98CDE900029DF858100E9B4A
:10A40000139A1998FCF7A4FC1A980079C0F38001FC
:10A410009DF85800C0EBC00000EB400219982830AE
:10A4200000EB820080F834101A98027A9DF85800E8
:10A43000C0EBC00000EB40011998283000EB810010
:10A4400080F835209DF858101998FDF791F8119073
:10A450001198C0B1AC49119841F6952340F27B5256
:10A46000CDE900109C4901F1180003F0FFFD11999E
:10A470000D98CDE900010E9BDDE912211998FDF739
:10A480006CFAFF2010E415AA9DF858101998FDF7F2
:10A4900077FC9DF85800C0EBC00000EB4002199813
:10A4A000283000EB820015998163C2208DF83C00B2
:10A4B0000E98C0B28DF83D000E98000A8DF83E004F
:10A4C0000D988DF83F001598C0B28DF84000159892
:10A4D000000A8DF841001598000C8DF8420015987F
:10A4E000000E8DF843008949149843F69A2340F2F0
:10A4F0008B52CDE90010784901F1180003F0B6FD48
:10A500000FABDDE912121998FCF75CFDCFE206985B
:10A51000012840D17E49139843F6A22340F28F527E
:10A52000CDE900106C4901F1180003F09FFD189867
:10A5300080B99DF85800C0EBC00000EB40011998AD
:10A54000283000EB81008078052801D0012000E050
:10A55000002018901898C0B16E49139841F6A123B5
:10A5600040F29452CDE900105B4901F1180003F06C
:10A570007DFD5A4800210B46CDE90010DDE912218E
:10A580001998FDF7EAF9FF20E6E49DF858101998AC
:10A59000FCF7DDFCBAE70698022802D006980328EB
:10A5A000B4D1189880B99DF85800C0EBC00000EBFA
:10A5B00040011998283000EB81008078052801D0EF
:10A5C000012000E0002018901898C0B1524913985B
:10A5D00041F6A12340F2A152CDE900103E4901F11C
:10A5E000180003F043FD3D4800210B46CDE9001063
:10A5F000DDE912211998FDF7B0F9FF20ACE49DF8D0
:10A600005800464943F6072340F2A752CDE900100F
:10A61000314901F1180003F029FD9DF85800C0EB05
:10A62000C00000EB40011998283000EB8100B0F920
:10A630004C00401C70B39DF858002749543143F634
:10A64000052340F2A752CDE90010543901F118005A
:10A6500003F00CFD9DF85800C0EBC00000EB40017A
:10A660001998283000EB8100B0F94C00029003F0FB
:10A6700022FA01469DF85800C0EBC00000EB4002F2
:10A680001998283000EB8200A0F84C109DF8580073
:10A69000114945E066E000005265636569766564CE
:10A6A0002053444F20496E69746961746520626C5F
:10A6B0006F636B2075706C6F616420646566696E92
:10A6C000656420617420696E646578203078313269
:10A6D0003030202B200000004C71000821000008C1
:10A6E00053444F206572726F72203A20696E766112
:10A6F0006C696420626C6F636B2073697A6500001B
:10A7000002000405248F0008B0EC00084CEB0008A0
:10A710006CEC00084CE9000864E800089885000823
:10A72000303143F6062340F2A752CDE9001030390C
:10A7300001F1180003F09AFC0020F74BF74A009053
:10A740009DF85810199803F061F901469DF85800DA
:10A75000C0EBC00000EB40021998283000EB8200EB
:10A76000A0F84C109DF85800C0EBC00000EB400171
:10A770001998283000EB810000890E909DF8580050
:10A78000C0EBC00000EB40011998283000EB8100BD
:10A79000807A0D900698022866D1E1A1139843F6BD
:10A7A000A22340F2AC52CDE90010ED4901F11800AE
:10A7B00003F05CFC1A9881799DF85800C0EBC0004A
:10A7C00000EB40021998283000EB820080F8351029
:10A7D0001A98407900F07F00049015AA9DF858104F
:10A7E0001998FDF7CDFA1598E8BB9DF85800C0EB15
:10A7F000C00000EB40011998283000EB810090F870
:10A8000040100498814236D19DF85800C0EBC0003A
:10A8100000EB40011998283000EB810090F84100CE
:10A82000C02141EA8000401CC0B28DF83C000120EC
:10A830000B9006E000210FAA0B9811540B98401CB6
:10A840000B900B980828F5D3C649139843F6A52317
:10A8500040F2B552CDE90010C14901F1180003F0F2
:10A8600005FC0FAB01E006E050E0DDE9121219989B
:10A87000FCF7A8FBA3E49DF85800C0EBC00000EB78
:10A8800040011998283000EB8100C26B0721049821
:10A8900001FB00219DF85800C0EBC00000EB400216
:10A8A0001998283000EB820001619DF85800C0EB38
:10A8B000C00000EB40011998283000EB81000169CD
:10A8C0009DF85800C0EBC00000EB400219982830FA
:10A8D00000EB8200C068814225D9A349139841F654
:10A8E000A12340F2BC52CDE900109D4901F11800AE
:10A8F00003F0BCFB9D4800210B46CDE90010DDE9CB
:10A9000012211998FDF729F8FF2033E598A1139833
:10A9100043F6A22340F2C352CDE90010904901F161
:10A92000180003F0A3FB9DF85800C0EBC00000EB3B
:10A9300040011998283000EB810001699DF858000A
:10A94000C0EBC00000EB40021998283000EB8200F9
:10A95000C163012005909AE09DF85800C0EBC0004B
:10A9600000EB40021998283000EB8200059980F82E
:10A97000401015AA9DF858101998FDF701FA15987E
:10A98000072830D905988DF83C000DF13D030722CA
:10A990009DF858101998FCF75CFE1890189860B153
:10A9A0004FF000610D98CDE900010E9BDDE9122109
:10A9B0001998FCF7D2FFFF20DCE4AFF64041139872
:10A9C00043F6A52340F2D152CDE90010644901F1CC
:10A9D000180003F04BFB0FABDDE912121998FCF7DE
:10A9E000F1FA50E064E0059840F080008DF83C00FA
:10A9F0000DF13D039DF85810159A1998FCF729FEA2
:10AA00001890189860B14FF000610D98CDE90001E1
:10AA10000E9BDDE912211998FCF79FFFFF20A9E4A6
:10AA20001598401C0B9006E000210FAA0B981154BA
:10AA30000B98401C0B900B980828F5D3AFF68C416F
:10AA4000139843F6A52340F2DE52CDE900104449A5
:10AA500001F1180003F00AFB0FABDDE9121219989F
:10AA6000FCF7B0FA1598C0F10700C1B29DF8580084
:10AA7000C0EBC00000EB40021998283000EB8200C8
:10AA800080F8411013E00598401CC0B205909DF875
:10AA90005800C0EBC00000EB40011998283000EBD3
:10AAA000810090F8351005988142BFF655AF73E3E9
:10AAB000069810B1069802287AD1189880B99DF8A6
:10AAC0005800C0EBC00000EB40011998283000EBA3
:10AAD00081008078042801D0012000E00020189037
:10AAE0001898C0B13149149841F6AA2340F2EC52AB
:10AAF000CDE900101A4901F1180003F0B7FA1B491B
:10AB000000200346CDE90001DDE912211998FCF788
:10AB100024FFFF202EE44CE020A10700CB720008A8
:10AB200052656365697665642053444F20626C6F9B
:10AB3000636B2075706C6F616420726573706F6EEB
:10AB4000736520646566696E656420617420696E52
:10AB500064657820307831323030202B20000000BE
:10AB60004C710008BCEA00089CE9000821000008BC
:10AB700052656365697665642053444F20626C6F4B
:10AB8000636B2053544152542075706C6F61642084
:10AB9000646566696E656420617420696E646578B9
:10ABA00020307831323030202B2000003CEF00087C
:10ABB00075E29DF85800C0EBC00000EB4001199809
:10ABC000283000EB810000890E909DF85800C0EB02
:10ABD000C00000EB40011998283000EB8100807A1A
:10ABE0000D909DF85800F74943F6072340F2F352C1
:10ABF000CDE90010F44901F1180003F037FA9DF88F
:10AC00005800C0EBC00000EB40011998283000EB61
:10AC10008100B0F94C00401CF0B39DF85810EA4890
:10AC2000543043F6052340F2F352CDE90001E649E2
:10AC30003C3803F01BFA9DF85800C0EBC00000EB55
:10AC400040011998283000EB8100B0F94C000290C7
:10AC500002F031FF01469DF85800C0EBC00000EB48
:10AC600040021998283000EB8200A0F84C109DF8A3
:10AC70005810D548303043F6062340F2F352CDE960
:10AC80000001D149183803F0F1F90020CF4BD04A28
:10AC900000909DF8581000E00FE0199802F0B6FE01
:10ACA00001469DF85800C0EBC00000EB4002199827
:10ACB000283000EB8200A0F84C100698E0BB1A98F0
:10ACC000007A7F2819DD0021AFF2EC5041F698237D
:10ACD00040F2F652CDE90001BB4901F1180003F042
:10ACE000C5F9BC490D98CDE900010E9BDDE91221A3
:10ACF0001998FCF732FEFF2046E41A980079C0F359
:10AD000080019DF85800C0EBC00000EB400219988C
:10AD1000283000EB820080F834101A98017A9DF8F0
:10AD20005800C0EBC00000EB40021998283000EB3F
:10AD3000820080F83510C9E0FFE71A9880797F28F3
:10AD400019DD0020AFF2686141F6992340F2FF520D
:10AD5000CDE900109C4901F1180003F087F99D49E5
:10AD60000D98CDE900010E9BDDE912211998FCF741
:10AD7000F4FDFF2008E41A9881799DF85800C0EB93
:10AD8000C00000EB40021998283000EB820080F8E8
:10AD900035101A98407900F07F00049015AA9DF8AC
:10ADA00058101998FCF7ECFF1598E8BB9DF858006F
:10ADB000C0EBC00000EB40011998283000EB810087
:10ADC00090F840100498814235D19DF85800C0EBAE
:10ADD000C00000EB40011998283000EB810090F88A
:10ADE0004100C02141EA8000401CC0B28DF83C0007
:10ADF00001200B9006E000210FAA0B9811540B982C
:10AE0000401C0B900B980828F5D37349139843F610
:10AE1000A52340F20B62CDE900106B4901F1180047
:10AE200003F024F90FAB00E005E0DDE912121998F8
:10AE3000FCF7C8F81EE59DF85800C0EBC00000EB19
:10AE400040011998283000EB8100C16B072204985B
:10AE500002FB00119DF85800C0EBC00000EB40025F
:10AE60001998283000EB820001619DF85800C0EB72
:10AE7000C00000EB40011998283000EB8100016907
:10AE80009DF85800C0EBC00000EB40021998283034
:10AE900000EB8200C068814218D95049139841F6EE
:10AEA000A12340F21262CDE90010474901F11800D8
:10AEB00003F0DCF84A4A0D99CDE900120E9BDDE95A
:10AEC00012211998FCF749FDFF201EE59DF8580056
:10AED000C0EBC00000EB40011998283000EB810066
:10AEE00001699DF85800C0EBC00000EB40021998C2
:10AEF000283000EB8200C16301200590BEE09DF880
:10AF00005800C0EBC00000EB40021998283000EB5D
:10AF10008200059980F8401015AA9DF858101998DC
:10AF2000FCF72EFF159807282ED905988DF83C00C0
:10AF30000DF13D0307229DF858101998FCF789FB85
:10AF40001890189860B14FF000610D98CDE900019C
:10AF50000E9BDDE912211998FCF7FFFCFF20D4E4D9
:10AF600020A1149843F6AB2340F22462CDE90010EF
:10AF7000154901F1180003F079F80FABDDE9121261
:10AF80001998FCF71FF875E0059840F080008DF8DF
:10AF90003C000DF13D039DF85810159A1998FCF7E7
:10AFA00058FB1890189860B14FF000610D98CDE9EA
:10AFB00000010E9BDDE912211998FCF7CEFCFF2061
:10AFC000A3E425E0988500084C71000820A1070043
:10AFD000CB72000802000405E4EB0008E4E9000875
:10AFE0002100000853444F2E2053656E64696E673C
:10AFF00020646F776E6C6F6164207365676D656E3A
:10B000007420746F206E6F646520696420000000F6
:10B010001598401C0B9006E000210FAA0B981154C4
:10B020000B98401C0B900B980828F5D3F6A11498A8
:10B0300043F6AB2340F23162CDE90010FE4901F145
:10B04000180003F013F80FABDDE912121998FBF7A3
:10B05000B9FF1598C0F10700C1B29DF85800C0EBC8
:10B06000C00000EB40021998283000EB820080F805
:10B07000411013E00598401CC0B205909DF858009F
:10B08000C0EBC00000EB40011998283000EB8100B4
:10B0900090F8351005988142BFF631AF7CE00698F4
:10B0A000012860D1E5A1149843F6AC2340F239623F
:10B0B000CDE90010E04901F1180002F0D7FF9DF83A
:10B0C0005810DD48543043F6052340F23A62CDE98A
:10B0D0000001D9493C3802F0C9FF9DF85800C0EB87
:10B0E000C00000EB40011998283000EB8100B0F956
:10B0F0004C00029002F0DFFC01469DF85800C0EBC6
:10B10000C00000EB40021998283000EB8200A0F844
:10B110004C1001229DF85800C0EBC00000EB40012C
:10B120001998283000EB810082709DF85800C0EB20
:10B13000C00000EB40011998283000EB8100006D41
:10B1400078B19DF85800C0EBC00000EB40011998A1
:10B15000283000EB8100006D0290029A1499199832
:10B160009047002028E4C049149841F6AB234FF4DF
:10B17000C862CDE90010B04901F1180002F076FF75
:10B18000BA4800210B46CDE90010DDE912211998DB
:10B19000FCF7E3FBFF200FE44CE61298012874D182
:10B1A0001898002872D01A98007900F001000690D3
:10B1B0000698C0B1AE49149841F6AC2340F24C62F7
:10B1C000CDE900109C4901F1180002F04FFFA7489B
:10B1D00000210B46CDE90010DDE912211998FCF79A
:10B1E000BCFBFF201BE41A984179807941EA0020DA
:10B1F0000E901A98C0790D909EA0139943F69B2348
:10B2000040F25262CDE900018B4901F1180002F0D1
:10B210002DFFA8490E9843F69B2340F25462CDE9D6
:10B220000010854901F1180002F020FFA1491431F6
:10B230000D9843F69B2340F25562CDE900107E49FC
:10B2400001F1180002F012FF16AA12991998FCF7E2
:10B250002CFC18901898D0B10020974941F689230A
:10B2600040F25962CDE90010734901F1180002F073
:10B27000FDFE7E490D98CDE900010E9BDDE912210E
:10B280001998FCF76AFBFF2044E4FDE371E0042118
:10B290000D98CDE900019DF858100E9B139A19984E
:10B2A000FBF756FD01219DF85800C0EBC00000EBF4
:10B2B00040021998283000EB820080F842101A985A
:10B2C0000079C0F380019DF85800C0EBC00000EB8E
:10B2D00040021998283000EB820080F834101A9848
:10B2E000007900F00200B8B11A98017A407A01EBB7
:10B2F00000211A98807A01EB00411A98C07A01EB7C
:10B3000000619DF85800C0EBC00000EB40021998A6
:10B31000283000EB82008163A0208DF83C000E985D
:10B32000C0B28DF83D000E9800128DF83E000D98C9
:10B330008DF83F0010208DF8400000208DF843006C
:10B340008DF842008DF841005CA1139843F6AD23BF
:10B350004FF4CD62CDE90010374901F1180002F039
:10B3600085FE0FABDDE912121998FBF72BFE01F0F9
:10B37000BFB89DF85800C0EBC00000EB4001199821
:10B38000283000EB810090F8420001283BD15BA1FE
:10B39000139843F69B2340F26C62CDE900102649D6
:10B3A00001F1180002F062FE9DF85800624943F670
:10B3B000072340F26D62CDE900101F4901F118002A
:10B3C00002F054FE9DF85800C0EBC00000EB4001B5
:10B3D0001998283000EB8100B0F94C00401C88B16E
:10B3E0009DF858001449543143F6052340F26D622C
:10B3F000CDE90010543901F1180002F037FE9DF834
:10B4000058009BE0D8E0EDE153444F2E2053656E89
:10B4100064696E67206C61737420646F776E6C6F03
:10B420006164207365676D656E7420746F206E6F44
:10B4300064652069642000004C71000853444F206B
:10B44000456E6420626C6F636B20646F776E6C6F07
:10B45000616420726573706F6E73652066726F6DC4
:10B46000206E6F646549640024EE00082100000826
:10B47000F8EE000852656365697665642053444FB1
:10B4800020626C6F636B20646F776E6C6F616420F9
:10B49000696E69746961746520646566696E656466
:10B4A00020617420696E64657820307831323030E4
:10B4B000202B2000508B0008248F000853444F2E6F
:10B4C0002053656E64696E6720626C6F636B2064E5
:10B4D0006F776E6C6F616420696E69746961746501
:10B4E00020726573706F6E7365202D20696E6465C0
:10B4F0007820307831323030202B2000526563655F
:10B50000697665642053444F20626C6F636B2064DE
:10B510006F776E6C6F61642064617461207365671E
:10B520006D656E74202D20696E64657820307831E9
:10B53000323030202B20000098850008C0EBC0007E
:10B5400000EB40011998283000EB8100B0F94C0065
:10B55000029002F0B0FA01469DF85800C0EBC0001E
:10B5600000EB40021998283000EB8200A0F84C1044
:10B570009DF85810FE4843F6062340F26D62CDE96F
:10B580000001A0F13001183802F070FD0020F94BE5
:10B59000F94A00909DF85810199802F037FA0146C0
:10B5A0009DF85800C0EBC00000EB4002199828300D
:10B5B00000EB8200A0F84C101A98007900F07F0090
:10B5C00005901A98007900F08000E8B39DF85800C3
:10B5D000C0EBC00000EB40011998283000EB81005F
:10B5E00090F84000401C0599884229D102219DF81D
:10B5F0005800C0EBC00000EB40021998283000EB67
:10B60000820080F842109DF85800C0EBC00000EBAB
:10B6100040021998283000EB8200059980F840100C
:10B620009DF85800C0EBC00000EB4001199828308D
:10B6300000EB81011A98426841F8432F8068486006
:10B64000A2208DF83C0000E03DE09DF85800C0EBE2
:10B65000C00000EB40011998283000EB810090F801
:10B6600040008DF83D0010208DF83E0000208DF840
:10B6700043008DF842008DF841008DF840008DF8B0
:10B680003F00BEA1139843F6AE2340F27A62CDE9A3
:10B690000010B749303901F1180002F0E7FC0FAB98
:10B6A000DDE912121998FBF78DFC00219DF8580076
:10B6B000C0EBC00000EB40021998283000EB82007C
:10B6C00080F8401053E69DF85800C0EBC00000EB36
:10B6D00040011998283000EB810090F84000401C90
:10B6E000059988423AD19DF85800C0EBC00000EBA4
:10B6F00040021998283000EB8200059980F840102C
:10B700001A98431D07229DF858101998FCF796F8CF
:10B710001890189810B34FF000619DF85800C0EBD6
:10B72000C00000EB40021998283000EB8200807ABC
:10B73000CDE900019DF85800C0EBC00000EB4001CE
:10B740001998283000EB8100008903460290DDE95A
:10B7500012211998FCF701F9FF2031E4059810280F
:10B76000B0D1A2208DF83C009DF85800C0EBC0007D
:10B7700000EB40011998283000EB810090F8400060
:10B780008DF83D0010208DF83E0000208DF843001C
:10B790008DF842008DF841008DF840008DF83F0093
:10B7A00076A1139843F6AE2340F28D62CDE90010E6
:10B7B0006F49303901F1180002F058FC0FABDDE998
:10B7C00012121998FBF7FEFB00219DF85800C0EB00
:10B7D000C00000EB40021998283000EB820080F88E
:10B7E0004010C4E59DF85800C0EBC00000EB4001DC
:10B7F0001998283000EB810090F842000228F0D11F
:10B800006CA1139843F69B2340F29462CDE900109B
:10B810005749303901F1180002F028FC1A980079D4
:10B8200000F00100C8B97249139841F6AD2340F207
:10B830009762CDE900104E49303901F1180002F04D
:10B8400015FC6C4900200346CDE90001DDE9122119
:10B850001998FCF782F8FF2084E49DF858006649A7
:10B8600043F6072340F29B62CDE90010404930398E
:10B8700001F1180002F0FAFB9DF85800C0EBC0007F
:10B8800000EB40011998283000EB8100B0F94C0022
:10B89000401CE8B39DF858003549243143F6052390
:10B8A00040F29B62CDE90010543901F1180002F01A
:10B8B000DDFB9DF85800C0EBC00000EB400119987B
:10B8C000283000EB8100B0F94C00029002F0F3F850
:10B8D00001469DF85800C0EBC00000EB40021998EB
:10B8E000283000EB8200A0F84C109DF85800204949
:10B8F00043F6062340F29B62CDE90010303901F196
:10B90000180002F0B3FB00201A4B1B4A009000E025
:10B9100011E09DF85810199802F078F801469DF84A
:10B920005800C0EBC00000EB40021998283000EB33
:10B930008200A0F84C101A980079C0F3820003909E
:10B940009DF85800C0EBC00000EB4001199828306A
:10B9500000EB8100443002900398C0F10700019091
:10B9600002469DF85810029B1998FBF767FF45E0C7
:10B970007C71000820A10700CB72000853444F2EB1
:10B980002053656E64696E6720626C6F636B206420
:10B990006F776E6C6F616420726573706F6E736524
:10B9A000202D20696E646578203078313230302067
:10B9B0002B20000052656365697665642053444F0F
:10B9C00020626C6F636B20646F776E6C6F616420B4
:10B9D000656E642072657175657374202D20696EC3
:10B9E00064657820307831323030202B2000000020
:10B9F0001CE8000821000008988500081890189895
:10BA000010B34FF000619DF85800C0EBC00000EB90
:10BA100040021998283000EB8200807ACDE90001BD
:10BA20009DF85800C0EBC00000EB40011998283089
:10BA300000EB8100008903460290DDE9122119988C
:10BA4000FBF78BFFFF201FE49DF85800C0EBC00000
:10BA500000EB40011998283000EB8100806BE8B3BF
:10BA60009DF85800C0EBC00000EB40011998283049
:10BA700000EB8100816B9DF85800C0EBC00000EB2B
:10BA800040021998283000E0A3E000EB8200006932
:10BA9000814230D0F1A1139841F6AE2340F2A56265
:10BAA000CDE90010FD4901F1180002F0DFFAFC4970
:10BAB0009DF85800C0EBC00000EB400219982830F8
:10BAC00000EB8200807ACDE900019DF85800C0EBC0
:10BAD000C00000EB40011998283000E00BE000EBBB
:10BAE0008100008903460290DDE912211998FBF7D5
:10BAF00034FFFF2031E6A1208DF83C0001200B909F
:10BB000006E000210FAA0B9811540B98401C0B90D3
:10BB10000B980828F5D3E3A1139843F6AF2340F21E
:10BB2000AD62CDE90010DD4901F1180002F09EFA86
:10BB30000FABDDE912121998FBF744FA9DF8581083
:10BB40001998FBF7A7FC1190119870B30020E449F5
:10BB500041F6AF2340F2B262CDE90010CF4901F1C6
:10BB6000180002F083FA9DF85800C0EBC00000EB0B
:10BB700040021998283000EB8200807A1199CDE9B3
:10BB800000019DF85800C0EBC00000EB400119987F
:10BB9000283000EB8100008903460290DDE9122184
:10BBA0001998FBF7DAFEFF20D7E5FFE79DF858105C
:10BBB0001998FBF7CCF9CBA1139843F6AF234FF4B8
:10BBC000D762CDE90010B54901F1180002F04EFA34
:10BBD00008E11898C0B1D1A1149841F6AD2340F204
:10BBE000BE62CDE90010AD4901F1180002F03EFA45
:10BBF000AB4800210B46CDE90010DDE91221199870
:10BC0000FBF7ABFEFF20A8E59DF85800B449883942
:10BC100043F6072340F2C262CDE900109F4901F1CB
:10BC2000180002F023FA9DF85800C0EBC00000EBAA
:10BC300040011998283000EB8100B0F94C00401CFD
:10BC4000F0B39DF858009549543143F6052340F26E
:10BC5000C262CDE90010543901F1180002F006FA71
:10BC60009DF85800C0EBC00000EB40011998283047
:10BC700000EB8100B0F94C00029001F01CFF01467E
:10BC80009DF85800C0EBC00000EB40021998283026
:10BC900000EB8200A0F84C109DF858007F4930312D
:10BCA00043F6062340F2C262CDE90010303901F1BB
:10BCB000180002F0DBF90020A54BA64A009000E036
:10BCC00011E09DF85810199801F0A0FE01469DF86A
:10BCD0005800C0EBC00000EB40021998283000EB80
:10BCE0008200A0F84C109DF85800C0EBC00000EB9B
:10BCF00040011998283000EB810090F84200E0BB29
:10BD00001A98007900F0010000286BD192A11498D4
:10BD100043F69C2340F2C562CDE900105F4901F172
:10BD2000180002F0A3F901219DF85800C0EBC000F3
:10BD300000EB40021998283000EB820080F8421096
:10BD40001A980079C0F380019DF85800C0EBC0003C
:10BD500000EB40021998283000EB820080F8341084
:10BD60001A98007900F00200C8B11A98017A407A56
:10BD700001EB00211A98807A00E034E001EB0041E9
:10BD80001A98C07A01EB00619DF85800C0EBC00022
:10BD900000EB40021998283000EB82008163A32059
:10BDA0008DF83C0001200B9006E000210FAA0B98B3
:10BDB00011540B98401C0B900B980828F5D373A1D5
:10BDC000149843F6B62340F2CD62CDE90010334912
:10BDD00001F1180002F04AF90FABDDE912121998CF
:10BDE000FBF7F0F884E39DF85800C0EBC00000EBCF
:10BDF00040011998283000EB810090F8420001289A
:10BE00002AD11A98007900F07F0005901A980079DD
:10BE100000F08000F8B19DF85800C0EBC00000EBC6
:10BE200040011998283000EB810090F84000401C38
:10BE30000599884211D102219DF85800C0EBC0003D
:10BE400000EB40021998283000EB820080F8421085
:10BE50009DF85800B0E00AE197E1C8E053444F2054
:10BE60006572726F7220626C6F636B20646F776EA5
:10BE70006C6F6164203A2073697A657320646F2067
:10BE80006E6F74206D61746368202D20696E646527
:10BE90007820307831323030202B20004C7100086F
:10BEA0002100000853444F2E2053656E64696E676D
:10BEB00020626C6F636B20646F776E6C6F616420BF
:10BEC000656E6420726573706F6E7365202D2069D6
:10BED0006E64657820307831323030202B200000BD
:10BEE0002086000853444F2E20456E64206F662044
:10BEF000626C6F636B20646F776E6C6F616420643B
:10BF00006566696E656420617420696E6465782079
:10BF1000307831323030202B2000000053444F2045
:10BF20006572726F7220626C6F636B2075706C6FDC
:10BF30006164203A206E6F207472616E736D697354
:10BF400073696F6E20737461727465640000000021
:10BF500020A10700CB7200085265636569766564AD
:10BF60002053444F20626C6F636B2075706C6F615F
:10BF70006420726573706F6E73652066726F6D20DA
:10BF80006E6F6465206964200000000053444F2EEA
:10BF90002053656E64696E6720626C6F636B2075F9
:10BFA000706C6F616420737461727420746F206EA2
:10BFB0006F64652069642000C0EBC00000EB4002A4
:10BFC0001998283000EB8200059980F840109DF800
:10BFD0005800C0EBC00000EB40011998283000EB7E
:10BFE00081011A98426841F8432F80684860A22076
:10BFF0008DF83C009DF85800C0EBC00000EB4001FC
:10C000001998283000EB810090F840008DF83D0031
:10C0100010208DF83E0000208DF843008DF842007E
:10C020008DF841008DF840008DF83F00F6A114987E
:10C0300043F6B72340F2DE62CDE90010FE4901F17C
:10C04000180002F013F80FABDDE912121998FAF795
:10C05000B9FF00219DF85800C0EBC00000EB400282
:10C060001998283000EB820080F8401040E29DF8DB
:10C070005800C0EBC00000EB40011998283000EBDD
:10C08000810090F84000401C059988423AD19DF803
:10C090005800C0EBC00000EB40021998283000EBBC
:10C0A0008200059980F840101A98431D07229DF8D8
:10C0B00058101998FBF7C2FB1890189810B34FF05E
:10C0C00000619DF85800C0EBC00000EB40021998D9
:10C0D000283000EB8200807ACDE900019DF85800FD
:10C0E000C0EBC00000EB40011998283000EB810044
:10C0F000008903460290DDE912211998FBF72DFC17
:10C10000FF20A0E405981028B0D1A2208DF83C00B3
:10C110009DF85800C0EBC00000EB40011998283092
:10C1200000EB810090F840008DF83D0010208DF864
:10C130003E0000208DF843008DF842008DF841004C
:10C140008DF840008DF83F00AFA1149843F6AE2360
:10C1500040F2F162CDE90010B74901F1180001F099
:10C1600085FF0FABDDE912121998FAF72BFF0021BA
:10C170009DF85800C0EBC00000EB40021998283031
:10C1800000EB820080F84010B2E19DF85800C0EB4F
:10C19000C00000EB40011998283000EB810090F8B6
:10C1A00042000228F0D11A98007900F00100C0B9CD
:10C1B000A249149841F6AD2340F2FA62CDE900108D
:10C1C0009D4901F1180001F051FF9D4800210B46E7
:10C1D000CDE90010DDE912211998FBF7BEFBFF2025
:10C1E00031E41A980079C0F3820003909DF858005A
:10C1F000C0EBC00000EB40011998283000EB810033
:10C20000443002900398C0F10700019002469DF867
:10C210005810029B1998FBF711FB1890189810B34F
:10C220004FF000619DF85800C0EBC00000EB4002E9
:10C230001998283000EB8200807ACDE900019DF842
:10C240005800C0EBC00000EB40011998283000EB0B
:10C250008100008903460290DDE912211998FBF75D
:10C260007CFBFF2046E49DF85800C0EBC00000EBCB
:10C2700040011998283000EB8100806BF0B39DF8E5
:10C280005800C0EBC00000EB40011998283000EBCB
:10C290008100816B9DF85800C0EBC00000EB4002AC
:10C2A0001998283000EB82000069814230D065A1E6
:10C2B000149841F6AE2340F20772CDE900105E49B2
:10C2C00001F1180001F0D2FE5D499DF85800C0EB65
:10C2D000C00000EB40021998283000EB8200807A01
:10C2E000CDE900019DF85800C0EBC00000EB400113
:10C2F0001998283000EB8100008900E008E003462F
:10C300000290DDE912211998FBF727FBFF204BE48F
:10C31000A1208DF83C0001200B9006E000220FA91F
:10C320000B980A540B98401C0B900B980828F5D3D7
:10C3300054A1149843F6AF2340F20F72CDE90010D8
:10C340003D4901F1180001F091FE0FABDDE9121239
:10C350001998FAF737FE002157A043F6AF2340F2B1
:10C360001172CDE90001344901F1180001F07EFE9F
:10C370009DF858003049543143F6052340F21272BB
:10C38000CDE90010543901F1180001F06FFE9DF85D
:10C390005800C0EBC00000EB40011998283000EBBA
:10C3A0008100B0F94C00029001F085FB01469DF838
:10C3B0005800C0EBC00000EB40021998283000EB99
:10C3C0008200A0F84C1001229DF85800C0EBC0007C
:10C3D00000EB40011998283000EB810082709DF835
:10C3E0005800C0EBC00000EB40011998283000EB6A
:10C3F0008100006D30B19DF85800C0EBC00000EB2B
:10C4000040016BE074E0000053444F2E2053656EF2
:10C4100064696E6720626C6F636B2075706C6F610E
:10C420006420726573706F6E736520746F206E6F19
:10C4300064652069642000004C71000898ED0008D4
:10C440002100000853444F206572726F7220626CA5
:10C450006F636B20646F776E6C6F6164203A20733A
:10C46000697A657320646F206E6F74206D617463E8
:10C4700068202D2066726F6D206E6F646520696480
:10C480002000000053444F2E2053656E64696E6790
:10C4900020626C6F636B2075706C6F616420656ED9
:10C4A00064207265717565737420746F206E6F649B
:10C4B000652069642000000053444F2E20456E64BF
:10C4C000206F6620626C6F636B2075706C6F6164A7
:10C4D000207265717565737400000000199828302A
:10C4E00000EB8100006D0290029A14991998904710
:10C4F0003BE0189800BBF8499DF85800C0EBC0001D
:10C5000000EB40021998283000EB8200807ACDE9D8
:10C5100000019DF85800C0EBC00000EB40011998E5
:10C52000283000EB8100008903460290DDE91221EA
:10C530001998FBF712FA09E0E74800210B46CDE90C
:10C540000010DDE912211998FBF707FAE3A117980B
:10C5500041F6B22340F21E72CDE90010EA4901F122
:10C56000180001F083FDFF20CBE500BF0020C8E5E7
:10C57000F8B505460E4631462846FBF7F5FA04465F
:10C58000FE2C00DBF8BD6B46022221462846FBF755
:10C59000ABF900B1F6E79DF800102846FAF7D7FC92
:10C5A00000BFEFE72DE9F04F87B006460F469146F2
:10C5B0009A46109DD5A04FF46B534FF4F162D249C7
:10C5C000CDE9000701F1180001F050FDDBA043F6B2
:10C5D000C12340F28972CC49CDE9000901F118006C
:10C5E00001F044FDE1A043F6C22340F28A72C6493D
:10C5F000CDE9000A01F1180001F038FDE7A043F68B
:10C60000C32340F28B72C049CDE9000501F1180047
:10C6100001F02CFD202D0FD9EC4841F6C3234FF437
:10C62000F262B949CDE9000701F1180001F01EFDE1
:10C63000FF2007B0BDE8F08F39463046FBF794FA8B
:10C640008346BBF1FE0F01DB5846F2E706AB022240
:10C6500059463046FBF748F98046B8F1000F0DD136
:10C66000DBA041F6C42340F29C72A749CDE9000744
:10C6700001F1180001F0FAFCFF20DAE706AA022116
:10C680003046FBF712FA8046B8F1000F0DD0DE48B5
:10C6900041F6C52340F2A2729B49CDE9000701F1A2
:10C6A000180001F0E3FCFF20C3E79DF81800D7A1B4
:10C6B00043F6E12340F2A672CDE90010924901F160
:10C6C000180001F0D3FC1598A8B104204B465A4637
:10C6D000CDE900A09DF818103046FAF739FB9DF817
:10C6E0001800C0EBC00000EB400106F1280000EB91
:10C6F0008100856309E002204B465A46CDE900A03F
:10C700009DF818103046FAF723FB9DF81800C0EB8F
:10C71000C00000EB400106F1280000EB8100C5607D
:10C720009DF81810C1EBC10101EB410206F128018F
:10C7300001EB8201119881F84B000020059012E076
:10C7400005991298425C9DF81800C0EBC00000EB00
:10C75000400106F1280000EB810014300599425495
:10C760000598401C05900598A842E9D3159880B11A
:10C77000C2208DF80C00002408E0E00025FA00F04B
:10C78000C1B203AA201D1154601CC4B2042CF4DBF6
:10C790003BE0042D29D8C5F10400202141EA8000A6
:10C7A000C01CC0B28DF80C00042410E09DF81800E5
:10C7B000C0EBC00000EB400106F1280000EB810057
:10C7C0001430211F405C03A90855601CC4B2082C1A
:10C7D000ECDB9DF81800C0EBC00000EB400106F157
:10C7E000280000EB810005610FE021208DF80C008E
:10C7F000002408E0E00025FA00F0C1B203AA201DE1
:10C800001154601CC4B2042CF4DB09F0FF008DF855
:10C810000D004FEA19208DF80E008DF80FA09DF83D
:10C820001810C1EBC10101EB410206F1280101EB37
:10C8300082011398086503AB5A4602213046FAF785
:10C84000C1FB8046B8F1000F12D076A041F6D1238B
:10C8500040F2F2722C49CDE9000701F1180001F015
:10C8600005FC9DF818103046FAF771FBFF20E0E652
:10C870000020DEE62DE9F04F87B004460D4616464F
:10C880001F46DDE912ABDDE91089012000213B469E
:10C890003246CDE9040B8DE8000703912946204676
:10C8A000FFF780FE07B0BDE8F08F2DE9FF4F87B09E
:10C8B00004460D46164614AF97E8800F0120CDE9D7
:10C8C000040B8DE880073246294620460A9BFFF775
:10C8D00069FE0BB0BDE8F08F0100040553444F2EF4
:10C8E00020526563656976656420756E6B6E6F773F
:10C8F0006E20636F6D6D616E642073706563696631
:10C90000696572203A2000004C71000853656E641E
:10C910002053444F20746F20777269746520696ECC
:10C92000207468652064696374696F6E6172792030
:10C930006F66206E6F6465203A2000002020202062
:10C9400020202020202020202020202020202020E7
:10C9500020202020202020202020202020202041B6
:10C960007420696E646578203A2000002020202021
:10C9700020202020202020202020202020202020B7
:10C980002020202020202020202020202020207354
:10C990007562496E646578203A20000020202020CE
:10C9A0002020202020202020202020202020202087
:10C9B0002020202020202020202020202020206E29
:10C9C00062206279746573203A200000F8EC000858
:10C9D00053444F206572726F72203A20436F6D6D21
:10C9E000756E69636174696F6E2079657420657313
:10C9F0007461626C69736865642E2077697468205D
:10CA00006E6F6465203A200050ED00085472616E2C
:10CA1000736D697373696F6E206F6E206C696E65DC
:10CA2000203A200053444F2E204572726F722077B7
:10CA300068696C652073656E64696E672053444F46
:10CA400020746F206E6F6465203A20002DE9FF4F3F
:10CA500089B005460E46DDE918ABDDE91689DDE94A
:10CA60001A108DE8000FCDE9041031462846DDE9A3
:10CA70000B23FFF797FD08900898FE285ED16869A0
:10CA80004488A8694088079084B90020F3A141F642
:10CA9000C62340F63502CDE90010FC4901F118002B
:10CAA00001F0E4FAFF200DB0BDE8F08F002740E070
:10CAB000686800EBC400007903280FDC07F5945088
:10CAC000F34941F6C82340F63D02CDE90010EF4995
:10CAD00001F1180001F0CAFAFF20E4E7686850F895
:10CAE0003400806B007806900698F0B906F5C060B7
:10CAF000696851F83410896908608038696851F8AC
:10CB00003410896A0860686850F83400806B0670D9
:10CB1000DDE91A018DE8000FCDE904013146284610
:10CB2000DDE90B23FFF73EFDBDE7601C84B2781CF6
:10CB3000C7B207988442BBDDFF20B4E7089808B964
:10CB40000020B0E7FF20AEE72DE9F04F85B0814629
:10CB5000884615461E46DDF838B0CEA043F6D523EC
:10CB600040F66C02C949CDE9000801F1180001F056
:10CB70007DFAD4A043F6D62340F66D02C349CDE931
:10CB8000000501F1180001F071FADAA043F6D7238D
:10CB900040F66E02BD49CDE9000601F1180001F032
:10CBA00065FA41464846FAF7DFFF8246BAF1FE0FC2
:10CBB00003DB504605B0BDE8F08F04AB02225146BE
:10CBC0004846FAF791FE074677B9AFF2FC1041F6F6
:10CBD000D82340F67802AD49CDE9000801F11800EC
:10CBE00001F044FAFF20E5E704AA02214846FAF7DB
:10CBF0005CFF07466FB1CB4841F6D92340F67E0271
:10CC0000A249CDE9000801F1180001F02FFAFF2038
:10CC1000D0E79DF81000AFF20C2143F6E02340F678
:10CC20008202CDE90010994901F1180001F01EFAC5
:10CC3000109868B305202B465246CDE900609DF858
:10CC400010104846FAF784F89DF81000C0EBC000B9
:10CC500000EB400109F1280000EB810080F84BB0A7
:10CC6000A0208DF80800E8B28DF80900280A8DF898
:10CC70000A008DF80B6010208DF80C00052404E0EC
:10CC8000002002A90855601CC4B2082CF8DB29E07A
:10CC900003202B465246CDE900609DF8101048460F
:10CCA000FAF756F89DF81000C0EBC00000EB400109
:10CCB00009F1280000EB810080F84BB040208DF88E
:10CCC0000800E8B28DF80900280A8DF80A008DF8EE
:10CCD0000B60042404E0002002A90855601CC4B2C3
:10CCE000082CF8DB9DF81010C1EBC10101EB4102EB
:10CCF00009F1280101EB82010F98086502AB524649
:10CD000002214846FAF75EF907469FB1AFF2EC20E0
:10CD100041F6E52340F69F025C49CDE9000801F1A8
:10CD2000180001F0A3F99DF810104846FAF70FF922
:10CD3000FF203FE700203DE72DE9FE4304460D4676
:10CD400016461F46DDE90A8900203B463246294641
:10CD5000CDE90109CDF800802046FFF7F5FEBDE8DA
:10CD6000FE832DE9FE4F04460D4616461F46DDE9BB
:10CD70000D9ADDF830803B463246294620468DE844
:10CD80000007FFF7E1FEBDE8FE8F2DE9FF4F85B0FC
:10CD900005460E46DDE9139ADDF848808DE8000768
:10CDA00031462846DDE90723FFF7CEFE8346BBF177
:10CDB000FE0F52D168694488A8694088049084B9FC
:10CDC000002026A141F6C62340F6D902CDE9001085
:10CDD0002E4901F1180001F049F9FF2009B0BDE822
:10CDE000F08F0027A4E0686800EBC40000790328F6
:10CDF0000FDC07F59450264941F6C82340F6E102BE
:10CE0000CDE90010214901F1180001F02FF9FF20B0
:10CE1000E4E7686850F83400806B0078039003986A
:10CE2000D0B906F5C060696851F8341089690860A6
:10CE30008038696851F83410896A0860686850F869
:10CE40003400806B06708DE8000731462846DDE926
:10CE50000723FFF779FEC1E766E06FE07772697438
:10CE6000654E6574776F726B44696374203A204E27
:10CE70006F2053444F20636C69656E7420696E6443
:10CE8000657820666F756E64000000004C710008C4
:10CE90004880000853656E642053444F20746F200F
:10CEA0007265616420696E207468652064696374CA
:10CEB000696F6E617279206F66206E6F6465203ACB
:10CEC00020000000202020202020202020202020C2
:10CED0002020202020202020202020202020202052
:10CEE000202020202020417420696E646578203A3B
:10CEF0002000000020202020202020202020202092
:10CF00002020202020202020202020202020202021
:10CF1000202020202020737562496E646578203AB5
:10CF20002000000050ED0008601C84B2781CC7B2DD
:10CF3000049884427FF757AFFF204FE7BBF1000F03
:10CF400001D100204AE7FF2048E72DE9FE4F0446C3
:10CF5000884691461D46DDF830A00020CAF8000042
:10CF600041462046FAF700FE8346BBF1FE0F04DB84
:10CF7000002028608520BDE8FE8F02AB02225946C2
:10CF80002046FAF7B1FC0746002F0FD080A041F6EB
:10CF9000F02340F61C128D49CDE9000801F118007C
:10CFA00001F064F8002028608520E4E79DF808007F
:10CFB000C0EBC00000EB400104F1280000EB810051
:10CFC0008078012834D09DF80800C0EBC00000EB49
:10CFD000400104F1280000EB8100807880280CD00B
:10CFE0009DF80800C0EBC00000EB400104F12800F0
:10CFF00000EB8100807885280ED19DF80800C0EBF9
:10D00000C00000EB400104F1280000EB8100406803
:10D01000CAF80000002028609DF80800C0EBC0009E
:10D0200000EB400104F1280000EB81008078A2E7CA
:10D030009DF80800C0EBC00000EB400104F128009F
:10D0400000EB8100C068A8B99DF80800C0EBC000E3
:10D0500000EB400104F1280000EB810001699DF81C
:10D060000800C0EBC00000EB400204F1280000EB18
:10D070008200C1609DF80800C0EBC00000EB4002D8
:10D0800004F1280000EB82002968C068814203D2C5
:10D09000002028608A206EE79DF80800C0EBC000E1
:10D0A00000EB400104F1280000EB8100C06828601B
:10D0B00000260EE09DF80800C0EBC00000EB400128
:10D0C00004F1280000EB81001430805D09F80600AF
:10D0D000761C2868B042EDD89DF808102046F9F774
:10D0E00036FF012047E72DE9FE4304460F4615466B
:10D0F00000200290286039462046FAF735FD804628
:10D10000B8F1FE0F02DB8520BDE8FE8302AB0222F0
:10D1100041462046FAF7E8FB06466EB11CA041F6F0
:10D12000F12340F673122949CDE9000701F11800F7
:10D1300000F09CFF8520E7E79DF80800C0EBC000E9
:10D1400000EB400104F1280000EB810040682860FA
:10D150009DF80800C0EBC00000EB400104F128007E
:10D1600000EB8100807801280BD09DF80800C0EB0F
:10D17000C00000EB400104F1280000EB8100807842
:10D18000C2E79DF808102046F9F7E1FE0120BBE751
:10D1900053444F206572726F72203A204E6F206C9C
:10D1A000696E6520666F756E6420666F7220636FAE
:10D1B0006D6D756E69636174696F6E2077697468EF
:10D1C000206E6F6465203A20000000004C7100085A
:10D1D000014691F87C00704770B504460D462E88D4
:10D1E000F0110F2843D2DFE800F03A08191A1B1C8F
:10D1F0001D1E1F2021292A423200802E06D18020A8
:10D20000005D50B1204600F027FB06E07F20005D66
:10D2100018B129462046F7F7EDFC28E000BF00BF13
:10D2200000BF00BF00BF00BF00BF00BF8220005D85
:10D2300018B129462046F9F743F818E000BF7E20D0
:10D24000005D18B129462046FAF7E0FD0FE0812085
:10D25000005D18B129462046F7F783FD07E0206AF4
:10D26000007818B129462046F8F7DAF800BF00BF69
:10D2700070BD7CB504460D46687890B17E20005D97
:10D2800078B942F20F70FAA149F699138F22CDE9CD
:10D290000010F9A1FEA000F0E9FE01217E20015559
:10D2A00017E06878A8B97E20005D012811D142F20C
:10D2B0000F70FDA149F699138F22CDE90010EEA160
:10D2C000F3A000F0D3FE00217E2001552046FAF79E
:10D2D000D4F8E878A8B18020005D90B942F20F70D0
:10D2E000F4A149F699139022CDE90010E2A1E8A03B
:10D2F00000F0BCFE012180200155204600F016FB05
:10D3000017E0E878A8B98020005D012811D142F229
:10D310000F70ECA149F699139022CDE90010D6A127
:10D32000DBA000F0A3FE002180200155204600F084
:10D33000E6FA2879A8B18120005D90B942F20F7019
:10D34000E3A149F699139122CDE90010CAA1D0A01A
:10D3500000F08CFE0121812001552046F7F7AEFF39
:10D3600017E02879A8B98120005D012811D142F287
:10D370000F70DCA149F699139122CDE90010BEA1EE
:10D38000C3A000F073FE0021812001552046F7F76D
:10D390009EFFA878A8B17F20005D90B942F20F707F
:10D3A000D5A149F699139222CDE90010B2A1B8A0F7
:10D3B00000F05CFE01217F2001552046F7F7D0FAEE
:10D3C00017E0A878A8B97F20005D012811D142F2AA
:10D3D0000F70CEA149F699139222CDE90010A6A1B3
:10D3E000ABA000F043FE00217F2001552046F7F757
:10D3F000C6FA6879A8B18220005D90B942F20F7038
:10D40000C7A149F699139322CDE900109AA1A0A0D3
:10D4100000F02CFE0121822001552046F9F7A9FBDE
:10D4200017E06879A8B98220005D012811D142F285
:10D430000F70BEA149F699139322CDE900108EA179
:10D4400093A000F013FE0021822001552046F9F739
:10D4500013FC287890B194F87D0078B942F20F70EF
:10D4600083A149F699139422CDE9001082A188A0E6
:10D4700000F0FCFD012084F87D0017E02878A8B9B1
:10D4800094F87D00012811D142F20F70AAA149F64B
:10D4900099139422CDE9001077A17DA000F0E6FD5C
:10D4A000002084F87D002046F8F735F87CBD7CB577
:10D4B00004460D4694F87C00A84259D035B1042D9D
:10D4C0003CD0052D23D07F2D4FD10FE09F4903C9BC
:10D4D000CDE90001002084F87C0069462046FFF772
:10D4E000C8FE2046D4F88410884700BF9749083109
:10D4F00003C9CDE900017F2084F87C0069462046FD
:10D50000FFF7B7FE2046D4F8881088472FE094F83C
:10D510007C0008B9FF207CBD8C49103103C9CDE9DE
:10D520000001052084F87C00052569462046FFF7A8
:10D53000A0FE2046D4F88C10884718E094F87C00B0
:10D5400008B9FF20E7E78149183103C9CDE9000197
:10D55000042084F87C00042569462046FFF789FEF4
:10D560002046D4F89010884701E0FF20D3E700BFA1
:10D5700094F87C00CFE701460868007870472DE9F1
:10D58000FF4704460E4660690588002E01DD7F2EA8
:10D590000BDD6FA042F60153FB2237A1CDE9000657
:10D5A0003BA000F063FDBDE8FF875DB3606850F805
:10D5B0003500806901682068007800F5C06081420C
:10D5C00003D020680078FF2806D106F5C0606168A6
:10D5D00051F8351089690860606850F83500806A34
:10D5E00001682068007800F5B060814203D02068AF
:10D5F0000078FF2806D106F5B060616851F8351053
:10D60000896A086000206769BD88A769BB88DFF860
:10D610003C9109F12009D9E901C8D9F80070D9F87D
:10D620000C90CDE901C8CDF80C900097F5B1A5E0BC
:10D63000676857F83570BF693F6827F060416768D1
:10D6400057F83570BF693F6807F060425DF8207099
:10D65000D4F800C09CF800C067448F4203D027680C
:10D660003F78FF2F03D15DF8207079E08BE081E0F7
:10D670004E6F6E65000000002E2E5C43414E6F70B1
:10D68000656E5C7372635C7374617465732E6300A2
:10D6900025732C2564203A203058257820257320C6
:10D6A00030582578200D0A00726573657453444F15
:10D6B00028642900737461727453594E4328642995
:10D6C0000000000073746F7053594E4328642900A2
:10D6D0006C6966654775617264496E69742864296E
:10D6E000000000006C696665477561726453746F71
:10D6F0007028642900000000656D657267656E63BF
:10D7000079496E697428642900000000656D6572AE
:10D7100067656E637953746F702864290000000098
:10D7200050444F496E6974286429000050444F5397
:10D73000746F702864290000736C61766553656EA0
:10D7400064426F6F7455702864290000D0E60008A9
:10D75000496E76616C6964204E6F646549440000CF
:10D7600037441743D4F804C05CF835C0DCF818C05F
:10D77000CCF80070471CF8B26F1CBDB29D4202DCB1
:10D780000428FFF655AF002067693D89A7693B89EA
:10D79000DFF8C090D9E901C8D9F80070D9F80C9029
:10D7A000CDE901C8CDF80C90009700BF7DB32AE009
:10D7B000676857F83570BF693F6827F06041676850
:10D7C00057F83570BF693F6807F060425DF8207018
:10D7D000D4F800C09CF800C067448F4203D027688B
:10D7E0003F78FF2F0BD15DF8207037441743D4F8F2
:10D7F00004C05CF835C0DCF818C0CCF80070471CD9
:10D80000F8B26F1CBDB29D4201DC0428D0DBD4F815
:10D8100018020168206800788030814203D02068B7
:10D820000078FF2804D106F18000D4F818120860AF
:10D830002068067000BFB6E6704710B50446206A3F
:10D84000007820B9812200212046F7F74DFD10BD58
:10D850007047704700E700087CB50446002054A1DB
:10D8600043F20203AB22CDE9001058A15DA000F005
:10D87000FDFB2046D4F8D01188478220005D08B90E
:10D8800000207CBD01212046F8F7E0FF0546204638
:10D89000D4F8D41188472846F3E710B586B004467B
:10D8A000002056A143F201038622CDE9001047A1D2
:10D8B0004CA000F0DBFBD4F8C801008880B2ADF8C2
:10D8C0000C0000208DF80E008DF80F0003A9D4F88D
:10D8D000E40100F059FA06B010BD70B504462046C8
:10D8E000FFF7DBFF05462046FFF7B6FF284670BD71
:10D8F00070B504460D462046FFF7EFFF70BD10B52A
:10D90000044600231A4641F205012046F8F7FFF8C5
:10D9100000231A4641F206012046F8F7F8F8B4F958
:10D92000C40100F0C8F8A4F8C40110BDF8B504465D
:10D93000B4F9C401401C10B12046FFF7E0FF324BA0
:10D94000002241F205012046F8F7E1F82E4B0022B3
:10D9500041F206012046F8F7DAF8D4F8C801006869
:10D9600000F08040C0B1D4F8CC010068A0B1D4F878
:10D97000CC0100680A21B0FBF1F5D4F8CC010068B5
:10D98000B0FBF1F63346AFF2970200212046009536
:10D9900000F03CF8A4F8C401F8BD70B504460D468B
:10D9A00016462046FFF7C2FF002070BD7047704743
:10D9B00053594E432072656365697665642E205025
:10D9C000726F636565642E20000000002E2E5C439C
:10D9D000414E6F70656E5C7372635C73796E632E1B
:10D9E0006300000025732C2564203A2030582578E8
:10D9F0002025732030582578200D0A0073656E6449
:10DA000053594E43200000009BD900082DE9F05FD8
:10DA100082468B46914698460026644C40E0B9F118
:10DA2000000F3AD02078B8BB6148B0F90000401C24
:10DA3000864205D15E480088401C00B25C490880DF
:10DA400000F0DAFA054647464FF6FF70874201D2EA
:10DA5000384601E04FF6FF70074656480068A84276
:10DA60000AD954480068401BB84205D9E819514901
:10DA70000860384600F0A0FAC4F80890C4F804A082
:10DA8000C4F80CB008EB050020610A986061012021
:10DA900020703046BDE8F09FFFE7701C06B21834D6
:10DAA0004348B0F90000401C864201DC082EB6DB7A
:10DAB0004FF0FF30EEE71CB504463FA043F22033A1
:10DAC0006A2242A1CDE9000446A000F0CFFA601C12
:10DAD00080B13748B0F90000844205D1344800884D
:10DAE000401E00B232490880002004EB44012F4A56
:10DAF00002F831004FF0FF301CBD2DE9F0414FF628
:10DB0000FF7600F079FA07462A48006800EB07081C
:10DB10000025264C25E0207800F00100F0B12069B6
:10DB2000404513D8606910B90220207016E0606982
:10DB3000B7FBF0F100FB11706169081A2061032046
:10DB400020702069B04209D2266907E02069A0EB65
:10DB5000080020612069B04200D22669681C05B225
:10DB600018341348B0F900008542D4DD114806602E
:10DB7000304600F021FA00250C4C10E0207800F02F
:10DB8000020048B1207820F002002070A06818B18F
:10DB9000D4E9022160689047681C05B21834044833
:10DBA000B0F900008542E9DDBDE8F0818404002081
:10DBB000440000204000002044656C416C61726D9F
:10DBC0002E2068616E646C65203D20002E2E5C4323
:10DBD000414E6F70656E5C7372635C74696D6572E3
:10DBE0002E63000025732C2564203A2030582578B8
:10DBF0002025732030582578200D0A0002469F2AE0
:10DC000004D1087808B11948704700BF00BF002050
:10DC1000FAE730B504460B4641F21705581BAB42F4
:10DC200012D007DCB3F5805F0AD06FF4805018443F
:10DC300080B907E0012809D0A0F2692050B907E0B7
:10DC400000210BE0012109E0022107E0032105E0AA
:10DC5000042103E006481060002030BD00BF002012
:10DC60001060044800EBC100F7E70000300009062F
:10DC70000000020614E7000830B58BB005460C46DC
:10DC80009E48056001210846F4F78CFF09220B210C
:10DC90009B48F4F774FD09220C219948F4F76FFDB5
:10DCA0004FF4C050099002208DF828008DF829000B
:10DCB00000208DF82A0001208DF82B0009A990483A
:10DCC000F4F7D2FC14208DF8200000208DF82100FC
:10DCD0008DF8220001208DF8230008A8F4F7D3FB6B
:10DCE00001214806F4F7A7FF8648F5F7D9FA05A8F9
:10DCF000F5F7FAFB00208DF81A008DF81B008DF85F
:10DD00001C008DF81D008DF81E008DF81F008DF889
:10DD100016008DF817008DF817007B48844205D156
:10DD200002208DF818008DF8190005E005208DF807
:10DD3000180006208DF819000620ADF8140005A97A
:10DD40007048F5F7C6FA00208DF80E008DF80F0028
:10DD500001208DF810000020ADF80400ADF8060099
:10DD6000ADF80800ADF80A00ADF80C0001208DF800
:10DD7000110001A8F5F737FB012202216148F5F7F0
:10DD800031FE01200BB030BDF0B585B007460C4622
:10DD90001421684600F063FB2088009000208DF875
:10DDA0000800A07818B102208DF8090002E00020D8
:10DDB0008DF80900E0788DF80A00002505E0201DA7
:10DDC000415D0DF10B0041556D1CE078A842F6DC79
:10DDD00069464C48F5F7F6FB0646042E02D10020B2
:10DDE00005B0F0BD0120FBE702460020704710B5EA
:10DDF0008AB0142105A800F032FB002002900390A5
:10DE0000049005AA00213F48F5F7D1FC9DF81C00BD
:10DE1000042801D10AB010BD059880B2ADF8080001
:10DE20009DF81D00022802D101208DF80A009DF8FE
:10DE30001E008DF80B00002405E00DF11F00015DB0
:10DE400003A80155641C9DF80B00A042F5DCBDF849
:10DE500008000B21B1EBE01F49D19DF80C004328CD
:10DE600003D09DF80C004B281DD19DF80D004128D2
:10DE700019D19DF80E00602815D19DF80F0090B9BA
:10DE8000BDF80810A1F5B061C8B201280ADB04286A
:10DE900008DC9DF810209DF8111042EA01211B4A70
:10DEA00022F8101000BFBDF80800B0F5B06F18DD03
:10DEB000BDF8080040F28451884212DC9DF8101031
:10DEC0009DF8110041EA00209DF80D10CDE90010E9
:10DED0009DF80E309DF80C20BDF808100CA000F045
:10DEE000C5F802A905480068FFF776F904E002A921
:10DEF00002480068FFF770F900BF8BE7D4030020E9
:10DF0000000002400064004040420F00FC0300207B
:10DF100053444F207265737020434F422D49443D56
:10DF200030782530335820636D643D3078253032A9
:10DF300058206964783D3078253032582530325881
:10DF40002073773D3078253034580D0A00000000EA
:10DF50001FB501210846F4F76EFE1C208DF80C0059
:10DF600000208DF80D0001208DF80F0003A8F4F7B4
:10DF70008AFA40F247344FF6FF700190ADF8004046
:10DF80000020ADF80800ADF8020069464FF080406F
:10DF9000F5F72BFF01218807F6F7F0FB0121880731
:10DFA000F5F7ACFF01218807F5F768FF012211465C
:10DFB0009007F6F7BBFB1FBD70B504464FF08040DD
:10DFC000F5F760FF054625480068281A24490968C6
:10DFD0000844234908604FF6FF70001B1F49086082
:10DFE0004FF6FF70011B4FF08040F5F747FF01210E
:10DFF0008807F5F783FF70BD70B54FF08040F5F7E7
:10E0000041FF044615480068844202D24FF6FF7073
:10E01000044412480068201A114909684518284626
:10E0200070BD10480068704710B501218807F6F7E9
:10E0300088FB00B910BD0020084908600849086045
:10E0400001218807F6F79AFB06480068401C05493D
:10E050000860FFF752FD00BFECE70000DC03002082
:10E06000E0030020D8030020704700000FB40449EB
:10E0700010B503AA029800F08DFA10BC5DF814FBED
:10E080002800002070B5044685690068C10601D5E6
:10E09000302600E02026C00707D070BDD4E901215A
:10E0A00030469047206A401C20626D1EF6D570BD38
:10E0B00070B5044685690078C00707D170BDD4E902
:10E0C000012120209047206A401C20626D1EF6D559
:10E0D00070BD70B50C460546012A05D0287880062B
:10E0E00000D5EA69002302E0012305E05B1C9342AE
:10E0F00002D2E05C0028F9D1A869E618C01AA8612C
:10E10000286A184428622846FFF7BCFF04E0D5E9D6
:10E11000012114F8010B9047B442F8D32846FFF7C9
:10E12000C7FF70BD2DE9F04106460024106875292F
:10E13000314616A510D0AFF30080002802DA404225
:10E1400013A507E031688A0701D512A502E0490747
:10E1500004D511A5012401E0AFF3008000210A22BB
:10E1600006F1240709E0B0FBF2FCB0FBF2F302FB7E
:10E170001C00303078541846491C0028F3D123463F
:10E180002A463046BDE8F04100F094B90000000096
:10E190002D0000002B0000002000000070B5044698
:10E1A0000D4621461068AFF300802188090502D58D
:10E1B0000F4A7A4402E00E4A7A440E32002104F1FA
:10E1C000240305E000F00F060009965D5E54491C2B
:10E1D0000028F7D120780023000704D5702D02D045
:10E1E00009B1022311322046BDE8704000F062B947
:10E1F000A00500002DE9F05F894604464FF0000AB3
:10E20000DFF874B1FB44C0F820A02046E1688847DD
:10E21000002874D0252806D0D4E901219047206A2F
:10E22000401C2062F1E700265F462046E1688847EF
:10E230002028054607DB312D05D2781910F8200C6F
:10E2400008B10643F1E7B00701D526F00406C4F88B
:10E250001CA00027C4F818A02A2D09D0284600F0D9
:10E260002BFA38B304EB8708303DC8F8185019E092
:10E2700059F8041B204604EB87029161E168884746
:10E28000012F054618D1E069002820DA26F0200683
:10E290001DE0D8F8180000EB800005EB4000303896
:10E2A000C8F818002046E1688847054600F004FADF
:10E2B0000028EED1012F0AD02E2D08D12046E1688A
:10E2C00088477F1C0546022F46F02006C4DBA06964
:10E2D000002803DA404246F00106A061F00701D0B1
:10E2E00026F010066C2D0BD0682D09D04C2D39D09E
:10E2F0006A2D35D0742D35D07A2D33D016E038E024
:10E30000E1682F4620468847B842054609D16C2F60
:10E3100026D04FF48060E1680643204688470546D2
:10E3200004E06C2F1AD04FF4807006430DB3A5F1B2
:10E330004100192802D8203546F400664A4629468D
:10E34000204626604E46F1F779FF80B101280BD0B8
:10E35000F61D26F0070000F1080956E74020E4E723
:10E360008020D8E70020D6E706F104094DE72846CB
:10E3700052E7206ABDE8F09F7605000040EA0103FD
:10E3800010B59B070FD1042A0DD310C808C9121F5E
:10E390009C42F8D020BA19BA884201D9012010BD98
:10E3A0004FF0FF3010BD1AB1D30703D0521C07E065
:10E3B000002010BD10F8013B11F8014B1B1B07D1C9
:10E3C00010F8013B11F8014B1B1B01D1921EF1D13A
:10E3D000184610BD032A40F2308010F0030C00F004
:10E3E000158011F8013BBCF1020F624498BF11F88F
:10E3F00001CB00F8013B38BF11F8013BA2F1040248
:10E4000098BF00F801CB38BF00F8013B11F00303BF
:10E4100000F0D280083AC0F0088051F8043B083A76
:10E4200051F804CBA0E80810F5E7121D5CBF51F8C5
:10E43000043B40F8043BAFF30080D20724BF11F83F
:10E44000013B11F801CB48BF11F8012B24BF00F8A4
:10E45000013B00F801CB48BF00F8012B70474FF09B
:10E46000000200B5134694469646203922BFA0E824
:10E470000C50A0E80C50B1F12001BFF4F7AF090730
:10E4800028BFA0E80C5048BF0CC05DF804EB890021
:10E4900028BF40F8042B08BF704748BF20F8022B64
:10E4A00011F0804F18BF00F8012B7047704770477C
:10E4B000704770472DE9F0470D469946924604464D
:10E4C00000F124080168880604D5E06921F01001F4
:10E4D000216000E00120A84201DD471B00E0002789
:10E4E000A1697A1902EB0900081AA0612078C00618
:10E4F00002D42046FFF7C6FD002608E0D4E901213A
:10E500001AF806009047206A401C761C20624E458F
:10E51000F4DB2078C0060AD52046FFF7B3FD06E0FD
:10E52000D4E9012130209047206A401C2062381E27
:10E53000A7F10107F4DC07E0D4E9012118F8050090
:10E540009047206A401C2062281EA5F10105F3DCDB
:10E550002046FFF7ADFD2078000602D50220BDE879
:10E56000F0870120FBE710B5436913B1AFF30080DA
:10E5700001E0FFF7AEFD012010BD127800F124018B
:10E580000A7000224A700122EDE711684FF0FF3255
:10E59000E9E70000074B70B50D467B4400F043F8F7
:10E5A0000446284600F052F810B14FF0FF3070BD1D
:10E5B000204670BD0B34FFFF10B5203AC0F00B8031
:10E5C000B1E81850203AA0E81850B1E81850A0E877
:10E5D0001850BFF4F5AF5FEA027C24BFB1E81850D1
:10E5E000A0E8185044BF18C918C0BDE810405FEA41
:10E5F000827C24BF51F8043B40F8043B08BF7047BD
:10E60000D20728BF31F8023B48BF11F8012B28BFC1
:10E6100020F8023B48BF00F8012B704701694A1CF3
:10E6200002610878704700B58FB0CDE90131002153
:10E63000059105497944CDE9031011466846FFF775
:10E64000D9FD0FB000BD0000E5FFFFFF007B00F02B
:10E6500080007047754600F02BF8AE46050069460D
:10E66000534620F00700854618B020B5F3F7F4FEB6
:10E67000BDE820404FF000064FF000074FF00008C3
:10E680004FF0000B21F00701AC46ACE8C009ACE844
:10E69000C009ACE8C009ACE8C0098D46704710B5A8
:10E6A0000446AFF300802046BDE81040F1F7E3BD1B
:10E6B000004870474405002030380A2801D2012064
:10E6C0007047002070474FF04070E1EE100A70472D
:10E6D0000100000000000000000101010100010034
:10E6E0000001010101010000000000000100010023
:10E6F000000200000003000000040000000500000C
:10E7000080010000800200008003000080040000FF
:10E7100000000000540000200100001068000020EC
:10E7200001000110BC00002001001710E0000020D3
:10E7300005001810400100200400801200000400B1
:10E7400000000000000000000000040000000000C5
:10E7500000000000050030313233343536373839A7
:10E76000414243444546403058003031323334351D
:10E77000363738396162636465664030780004007A
:10E78000000800000000000000020001000010006E
:10E79000436F6D6D616E64733A20307830313D4463
:10E7A00072696E6B696E672C20307830323D456C33
:10E7B000626F772C20307830333D4657442C203020
:10E7C0007830343D4257442C20307830303D5374FB
:10E7D0006F700D0A00000000202050444F20697324
:10E7E000206E6F74206F6E204556454E54206F7218
:10E7F0002073796E6368726F206F72206E6F742061
:10E80000617420746869732053594E432E205472EA
:10E81000616E732074797065203A200053444F2054
:10E820006572726F7220626C6F636B20646F776EBB
:10E830006C6F6164203A2052656365697665642077
:10E8400077726F6E6720737562636F6D6D616E6452
:10E85000202D20696E646578203078313230302088
:10E860002B20000053444F206572726F72203A20B3
:10E87000526563656976656420626C6F636B2075B1
:10E88000706C6F616420726573706F6E7365206663
:10E890006F7220756E737461727465642074726136
:10E8A0006E732E20696E6465782030783132303096
:10E8B000202B200053444F206572726F72203A2043
:10E8C000526563656976656420646F776E6C6F610D
:10E8D00064207365676D656E7420666F7220756E57
:10E8E00073746172746564207472616E732E206932
:10E8F0006E64657820307831323030202B20000073
:10E9000053444F206572726F72203A2052656365DE
:10E91000697665642075706C6F6164207365676DDE
:10E92000656E7420666F7220756E737461727465A3
:10E9300064207472616E732E20696E646578203075
:10E940007831323030202B200000000053444F201B
:10E950006572726F72203A205265636569766564EC
:10E9600020626C6F636B2075706C6F6164207265E0
:10E97000717565737420666F7220756E7374617241
:10E98000746564207472616E732E20696E6465789C
:10E9900020307831323030202B20000053444F207B
:10E9A0006572726F72203A2052656365697665649C
:10E9B0002075706C6F616420726573706F6E736523
:10E9C0002077697468206261642061636B7365718C
:10E9D00020696E64657820307831323030202B2009
:10E9E0000000000053444F206572726F72203A207D
:10E9F00052656365697665642075706C6F6164202B
:10EA00007365676D656E74207769746820626164F0
:10EA10002061636B73657120696E6465782030785E
:10EA200031323030202B2000526563656976656491
:10EA30002053444F20496E69746961746520757074
:10EA40006C6F61642028746F2073656E642064614C
:10EA500074612920646566696E656420617420694B
:10EA60006E64657820307831323030202B20000001
:10EA700052656365697665642053444F20496E6929
:10EA8000746961746520446F776E6C6F61642028CF
:10EA9000746F2073746F72652064617461292064DF
:10EAA0006566696E656420617420696E64657820AE
:10EAB000307831323030202B2000000053444F2E6C
:10EAC0002053656E64696E6720626C6F636B2045CE
:10EAD0004E442075706C6F616420726573706F6E48
:10EAE000736520646566696E656420617420696E73
:10EAF00064657820307831323030202B20000000DF
:10EB000053444F2E2053656E64696E67206578709C
:10EB10006564697465642075706C6F616420696EEA
:10EB200069746961746520726573706F6E736520B6
:10EB3000646566696E656420617420696E646578D9
:10EB400020307831323030202B20000053444F2EBB
:10EB50002053656E64696E67206E6F726D616C2004
:10EB6000626C6F636B2075706C6F616420696E6995
:10EB7000746961746520726573706F6E736520646B
:10EB80006566696E656420617420696E64657820CD
:10EB9000307831323030202B2000000053444F2E8B
:10EBA0002053656E64696E67206E6F726D616C20B4
:10EBB00075706C6F616420696E6974696174652039
:10EBC000726573706F6E736520646566696E6564E7
:10EBD00020617420696E646578203078313230307D
:10EBE000202B200053444F2E2053656E64696E67BE
:10EBF00020626C6F636B20454E4420646F776E6CAF
:10EC00006F616420726571756573742064656669EF
:10EC10006E656420617420696E6465782030783197
:10EC2000323030202B20000053444F2E2053656E8D
:10EC30006420726573706F6E736520746F20646FEB
:10EC4000776E6C6F61642072657175657374206492
:10EC50006566696E656420617420696E64657820FC
:10EC6000307831323030202B20000000526563654F
:10EC7000697665642053444F20626C6F636B204556
:10EC80004E442075706C6F61642072657175657398
:10EC90007420646566696E656420617420696E64C1
:10ECA000657820307831323030202B200000000091
:10ECB00053444F206572726F72203A20556E616224
:10ECC0006C6520746F20636F7079207468652064B0
:10ECD0006174612066726F6D206F626A6563742073
:10ECE00064696374696F6E6172792E204572722057
:10ECF000636F6465203A200053444F206572726F41
:10ED000072203A207265717565737420666F722087
:10ED10006D6F7265207468616E2053444F5F4D4182
:10ED2000585F4C454E4754485F5452414E534645F8
:10ED30005220627974657320746F207472616E73EF
:10ED400066657220746F206E6F6465203A20000043
:10ED500053444F206572726F72203A204E6F206CC0
:10ED6000696E6520667265652C20746F6F206D6119
:10ED70006E792053444F20696E2070726F67726500
:10ED800073732E2041626F7274656420666F722007
:10ED90006E6F6465203A200053444F206572726F95
:10EDA0007220626C6F636B2075706C6F6164203AC7
:10EDB0002052656365697665642077726F6E67209F
:10EDC000737562636F6D6D616E642066726F6D2026
:10EDD0006E6F6465206964200000000053444F207A
:10EDE0006572726F72203A20526563656976656458
:10EDF000207365676D656E7420726573706F6E73D6
:10EE00006520666F7220756E6B6E6F776E20747200
:10EE1000616E732E2066726F6D206E6F646549643B
:10EE20000000000053444F206572726F7220626CC4
:10EE30006F636B20646F776E6C6F6164203A205251
:10EE4000656365697665642077726F6E6720737598
:10EE500062636F6D6D616E642066726F6D206E6FA0
:10EE6000646549640000000053444F206572726F6E
:10EE700072203A2052656365697665642072657315
:10EE8000706F6E736520666F7220756E6B6E6F7734
:10EE90006E20646F776E6C6F61642072657175654A
:10EEA00073742066726F6D206E6F64654964000034
:10EEB00053444F206572726F72203A205265636529
:10EEC0006976656420726573706F6E736520666F16
:10EED0007220756E6B6E6F776E2075706C6F6164EB
:10EEE00020726571756573742066726F6D206E6F28
:10EEF000646549640000000053444F206572726FDE
:10EF00007220626C6F636B20646F776E6C6F6164EC
:10EF1000203A2052656365697665642077726F6E6A
:10EF20006720737562636F6D6D616E642066726FCA
:10EF30006D206E6F646520696400000053444F20AB
:10EF40006572726F72203A205265636569766564F6
:10EF500020726573706F6E736520666F7220756EB8
:10EF60006B6E6F776E20626C6F636B20646F776E71
:10EF70006C6F616420726571756573742066726F61
:10EF80006D206E6F6465206964000000ACEF0008BE
:10EF900000000020E4030000C4010008B0F00008F5
:10EFA000E4030020C40700002002000811847A0353
:10EFB0000A00091E01020304060708092926892AF6
:10EFC0004BFFFF04C1230207320422507A20141A97
:10EFD000053A319A6414514A9F185A7818693CEAE4
:10EFE0007C28310210801A0630315AB82C29380199
:10EFF000106978DACC60DAD010DAD410DAD8105A86
:10F00000DC1032031A08785A885869605B3001B006
:10F010005930DA34106A381059306A3C10111AFF2E
:10F0200001E11A4C6C1314E75B08802413DD6A1BA2
:10F03000083C101A48041A54041A100413FDDB0289
:10F040004C086984720F1339D81B083B041A510409
:10F050001A5304811AB09C1AB4041A4E041AB80444
:10F06000293813E1520B27080F0101561AFF011A24
:10F07000E7881AA8941AAA04018023FFFF1AA0881F
:10F080001AA40413ADD91B08AF041AE3A01AE504AF
:10F09000811313DC8C08415B1002100119111A78DE
:10F0A000401A7C041A64040A21ACD88B5B4C508152
:040000050800018965
:00000001FF
